cas_number,name,english_name,brand,specification,initial_quantity,unit,quantity,price,order_reason,applicant,order_time
1336-21-6,氨水,Ammonium hydroxide,通广精细,500mL,500,mL,1,92.65,running_out,zhaoxinyi,
91053-39-3,硅藻土,Kieselguhr,迈瑞达,500 g,500,g,1,9.5,not_stocked,wangxi,
7647-01-0,盐酸,,蓝戈,500mL,500,mL,1,9.5,running_out,zhaoxinyi,
62-56-6,硫脲,Thiourea,通广精细,500g,500,g,1,84.15,not_stocked,mengjunhong,
67-97-0,维生素D3 ,Vitamin D3,迈瑞达,25g,25,g,1,8050,not_stocked,zhuminghui,
407-25-0,三氟乙酸酐,Trifluoroacetic anhydride,百灵威J&K,100G,100,g,1,7,running_out,mengjunhong,20240715
77-92-9,,Citric acid,通广,,,,1,76.5,running_out,admin,
,变色硅胶,allochroic silicagel,通广,500g,500,g,1,70.3,not_stocked,xuguofeng,
7646-93-7,硫酸氢钾,Potassium hydrogen sulfate,通广,500g,500,g,1,5.12,running_out,zhangcaifang,
6674-22-2,DBU,"1,8-Diazabicyclo[5.4.0]undec-7-ene",毕得,10g,10,g,1,5,running_out,xuguofeng,
49562-28-9,"	2-(4-(4-氯苯甲酰)苯氧基)-2-甲基丙酸异丙酯","	Isopropyl 2-(4-(4-chlorobenzoyl)phenoxy)-2-methylpropanoate",毕得,1g,1,g,1,3.78,not_stocked,gengshihan,
626-17-5,间苯二甲腈,"	1,3-Dicyanobenzene","	毕得",25g,25,g,1,27,running_out,dairongheng,
12125-02-9,氯化铵,Ammonium chloride,乐研,1000g,1000,g,1,27,running_out,xuguofeng,
5339-26-4,4-硝基苯乙基溴,4-Nitrophenethyl bromide,毕得,5g,5,g,1,27,running_out,huotongyu,
394-47-8,,2-Fluorobenzonitrile,毕得,5g,5,g,1,260,not_stocked,dairongheng,
444-29-1,邻碘三氟甲苯, 1-Iodo-2-(trifluoromethyl)benzene,毕得,5g,5,g,1,26.1,running_out,dairongheng,
637-59-2,1-溴-3-苯基丙烷,1-Bromo-3-phenylpropane,毕得,5g,5,g,1,22.5,not_stocked,huotongyu,
2675-89-0,"N,N-二甲基-2-氯乙酰胺 ","2-Chloro-N,N-dimethylacetamide",毕得,5g,5,g,1,22,not_stocked,zhuminghui,
142-71-2,无水醋酸铜, Cupric acetate anhydrous,,25g,25,g,1,20,running_out,chenlei,
874-14-6,"1,3-二甲基尿嘧啶","1,3-Dimethyluracil",毕得,1g,1,g,1,2.1,not_stocked,zhanghongliang,
65-46-3,"4-氨基-1-((2R,3R,4S,5R)-3,4-二羟基-5-(羟甲基)四氢呋喃-2-基)嘧啶-2(1H)-酮 ","4-Amino-1-((2R,3R,4S,5R)-3,4-dihydroxy-5-(hydroxymethyl)tetrahydrofuran-2-yl)pyrimidin-2(1H)-one
",毕得,5g,5,g,1,1,not_stocked,zhanghongliang,
626-48-2,,,,,,,1,18,not_stocked,admin,
873-83-6,"4-氨基-2,6-二羟基嘧啶","6-Aminopyrimidine-2,4(1H,3H)-dione",毕得,25g,25,g,1,14.4,not_stocked,admin,
6642-31-5,"6-氨基-1,3-二甲基尿嘧啶","6-Amino-1,3-dimethylpyrimidine-2,4(1H,3H)-dione",毕得,25g,25,g,1,14,not_stocked,admin,
13679-70-4,5-甲基-2-噻吩甲醛,5-Methyl-2-thiophenecarboxaldehyde,毕得,5g,5,g,1,136,not_stocked,sulingyu,
4562-27-0,4-嘧啶酮,Pyrimidin-4(3H)-one,毕得,1g,1,g,1,129,not_stocked,zhanghongliang,
931-86-2,"6-氨基-1,3,5-三嗪-2(1H)-酮", 5-Azacytosine,毕得,5g,5,g,1,12,not_stocked,zhanghongliang,
26661-13-2,N4-苯甲酰胞嘧啶,"N-(2-Oxo-1,2-dihydropyrimidin-4-yl)benzamide",毕得,25g,25,g,1,108,not_stocked,zhanghongliang,
134678-17-4,"4-氨基-1-((2R,5S)-2-(羟甲基)-1,3-氧杂硫杂环戊-5-基)嘧啶-2(1H)-酮 ","-Amino-1-((2R,5S)-2-(hydroxymethyl)-1,3-oxathiolan-5-yl)pyrimidin-2(1H)-one",毕得,5g,5,g,1,1649,not_stocked,zhanghongliang,
6642-31-5,"6-氨基-1,3-二甲基尿嘧啶","6-Amino-1,3-dimethylpyrimidine-2,4(1H,3H)-dione",毕得,25g,25,g,1,1647,not_stocked,zhanghongliang,
3083-77-0,"1-((2R,3S,4S,5R)-3,4-二羟基-5-(羟甲基)四氢呋喃-2-基)嘧啶-2,4(1H,3H)-二酮",Arabinofuranosyluracil,毕得,1g,1,g,1,1518,not_stocked,zhanghongliang,
2434-53-9,"6-氨基-1-甲基嘧啶-2,4(1H,3H)-二酮","6-Amino-1-methylpyrimidine-2,4(1H,3H)-dione",毕得,5g,5,g,1,1325,not_stocked,zhanghongliang,
1194-22-5,6-羟基-2-甲基嘧啶-4-酮,6-Hydroxy-2-methylpyrimidin-4(3H)-one,毕得,5g,5,g,1,1324.8,not_stocked,zhanghongliang,
96-31-1,"1,3-二甲基脲","1,3-Dimethylurea",毕得,25g,25,g,1,1181,not_stocked,zhanghongliang,
1004-36-0,"2,6-二甲基-4H-吡喃-4-酮"," 2,6-Dimethyl-4H-pyran-4-one",毕得,1g,1,g,1,1112,not_stocked,zhanghongliang,
1004-38-2,"2,4,6-三氨基嘧啶","2,4,6-Triaminopyrimidine",毕得,5g,5,g,1,1027.5,not_stocked,zhanghongliang,
1193-24-4,"4,6-二羟基嘧啶","4,6-Dihydroxypyrimidine",毕得,25g,25,g,1,975.05,not_stocked,zhanghongliang,
122-84-9,对甲氧基苯基丙酮,4-Methoxyphenylacetone,毕得,5g,5,g,1,964.81,degraded,gengshihan,
505-52-2,十三烷二酸,Tridecanedioic acid,毕得,1g,1,g,1,957.6,not_stocked,zhaobinzhi,
821-38-5,十四烷二酸,Tetradecanedioic acid,毕得,5g,5,g,1,864,not_stocked,zhaobinzhi,
328-50-7,α-酮戊二酸,2-Ketoglutaric acid,毕得,25g,25,g,1,850,not_stocked,zhaobinzhi,
105-75-9,富马酸二丁酯,Dibutyl fumarate,毕得,5g,5,g,1,845,running_out,zhaobinzhi,
6311-35-9,6-溴烟酸,6-Bromonicotinic acid,毕得,1g,1,g,1,807.5,running_out,xuguofeng,
13061-96-6,甲基硼酸,Methylboronic acid,毕得,5g,5,g,1,807,running_out,lichao,
30766-03-1,4-溴吡啶-2-羧酸,4-Bromopyridine-2-carboxylic acid,毕得,1g,1,g,1,792,not_stocked,xuguofeng,
2537-48-6,氰甲基膦酸二乙酯 ,Diethyl (cyanomethyl)phosphonate,"	毕得",5g,5,g,1,699,running_out,xuyue,
22115-41-9,2-氰基溴苄, 2-Cyanobenzyl bromide,"	毕得",5g,5,g,1,690,running_out,xuyue,
6011-14-9,氨基乙腈盐酸盐,2-Aminoacetonitrile hydrochloride,"	毕得",25g,25,g,1,690,not_stocked,xuyue,
7745-93-9,2-溴-4-硝基甲苯 ,2-Bromo-4-nitrotoluene,"	毕得",5g,5,g,1,684,running_out,xuyue,
102229-10-7,"	叔丁基二甲基硅氧基乙醇","	2-((tert-Butyldimethylsilyl)oxy)ethanol",毕得医药,5g,5,g,1,682.5,not_stocked,gengshihan,
2396-68-1,4-叔丁基苯硫酚,4-tert-Butylbenzenethiol,毕得,1g,1,g,1,666,running_out,wangbingding,
3360-41-6,4-苯基丁醇,4-Phenylbutan-1-ol,毕得,5g,5,g,1,666,running_out,dairongheng,
39515-51-0,间苯氧基苯甲醛,,毕得,5g,5,g,1,663.68,not_stocked,xuguofeng,
7447-40-7,氯化钾 ,KCl,毕得,500g,500,g,1,663,running_out,xuguofeng,
637-07-0,"	2-(4-氯苯氧基)-2-甲基丙酸乙酯",Ethyl 2-(4-chlorophenoxy)-2-methylpropanoate,毕得,1g,1,g,1,643.5,running_out,gengshihan,
1754-62-7,反式-肉桂酸甲酯,Methyl (E)-cinnamate,J&K,25G,25,g,1,638,running_out,chengzengrui,
927-74-2,3-丁炔-1-醇,,毕得,5g,5,g,1,636,not_found,xuguofeng,
1459-93-4,"	间苯二甲酸二甲酯","	Dimethyl isophthalate","	毕得",100g,100,g,1,621,running_out,dairongheng,
131-11-3,"	邻苯二甲酸二甲酯","	Dimethyl phthalate","	毕得",100g,100,g,1,606,running_out,dairongheng,
3900-89-8,2-氯苯硼酸,2-Chlorophenylboronic acid,"毕得	",1g,1,g,1,604,not_stocked,mengjunhong,
7803-58-9,磺酰胺,Sulfuric diamide,"毕得	",10g,10,g,1,600,not_stocked,mengjunhong,
2446-83-5,"二异丙基偶氮-1,2-二羧酸酯 ","Diisopropyl diazene-1,2-dicarboxylate",毕得,25g,25,g,1,599,running_out,zhuminghui,
70-55-3,对甲苯磺酰胺,4-Methylbenzenesulfonamide,"毕得	",100g,100,g,1,594,not_stocked,wanghongye,
100-51-6,苯甲醇,"	Phenylmethanol","	毕得医药",100g,100,g,1,589,degraded,gengshihan,
14371-10-9,反式肉桂醛,trans-Cinnamaldehyde,"毕得	",25g,25,g,1,573,degraded,zhaobinzhi,
693-13-0,"N,N'-二异丙基碳二亚胺","	N,N'-Methanediylidenebis(propan-2-amine)",毕得医药,25g,25,g,1,569.25,not_stocked,tanhui,
112-41-4,1-十二烯,Dodec-1-ene,毕得,10g,10,g,1,558.75,degraded,admin,
1070-83-3,"3,3-二甲基丁酸","3,3-Dimethylbutyric acid",毕得,10g,10,g,1,557.25,not_stocked,lvbin,
148546-99-0,3-(4-甲基哌嗪-1-基)苯胺,3-(4-Methylpiperazin-1-yl)aniline,毕得,250mg,250,mg,1,557,not_stocked,xuguofeng,
100202-39-9,氮杂环丁烷-3-甲酸甲酯盐酸盐,Methyl azetidine-3-carboxylate hydrochloride,毕得,1g,1,g,1,543,not_stocked,wanghongye,
100-66-3,苯甲醚,Anisole,迈瑞达,100mL,100,mL,1,540.41,running_out,chenlei,
78-87-5,"1,2-二氯丙烷","1,2-Dichloropropane","
Aladdin",25g,25,g,1,533.6,not_stocked,chenlei,
100-66-3,苯甲醚,Anisole,阿拉丁,100mL,100,mL,1,528,running_out,chenlei,
7446-70-0,三氯化铝,Aluminum chloride,虹湖联合,100g,100,g,1,524.04,degraded,xuguofeng,
108-53-2,异胞嘧啶,2-Aminopyrimidin-4(1H)-one,毕得,1g,1,g,1,521,not_stocked,zhanghongliang,
2705-87-5,环己基丙酸烯丙酯, Allyl 3-cyclohexylpropanoate,毕得,25g,25,g,1,515.72,not_stocked,admin,
108-95-2,苯酚,Phenol,阿拉丁,100 g,100,g,1,478,running_out,chenlei,
7772-98-7,硫代硫酸钠,Sodiumthiosulfate,毕得,500g,500,g,1,462,not_found,zhangcaifang,
127-09-3,乙酸钠,Sodium acetate,虹湖联合,500g,500,g,1,460.7,not_stocked,xuguofeng,
142-96-1,正丁醚 超干,Di-n-butyl ether,迈瑞达,100mL,100,mL,1,459.9,not_stocked,chenlei,
142-96-1,正丁醚 超干,Di-n-butyl ether,迈瑞达,100mL,100,mL,1,456,not_stocked,chenlei,
131274-22-1,,Tri-tert-butylphosphine tetrafluoroborate,安耐吉,1g,1,g,1,452,running_out,lichao,20211215
108-59-8,丙二酸二甲酯,,毕得,100g,100,g,1,447,not_stocked,zhaoxinyi,
1070-78-6,"1,1,1,3-四氯丙烷","1,1,1,3-Tetrachloropropane",毕得,25g,25,g,1,446,not_stocked,chenlei,
150-76-5,4-甲氧基苯酚,Mequinol,,25g,25,g,1,432,running_out,chenlei,
7517-19-3,L-亮氨酸甲酯盐酸盐,Methyl L-leucinate hydrochloride,毕得医药,10g,10,g,1,428.25,not_stocked,xuguofeng,
13679-70-4,5-甲基-2-噻吩甲醛,5-Methylthiophene-2-carboxaldehyde,安耐吉,5g,5,g,1,427.5,not_stocked,sulingyu,
4105-38-8,"2',3',5'-三乙酰尿苷",Uridine Triacetate,毕得,1g,1,g,1,418,not_stocked,zhanghongliang,
2526-64-9,二氯三苯基膦,DICHLOROTRIPHENYLPHOSPHORANE,安耐吉,1 g,1,g,1,417,not_stocked,lvbin,
95-96-5,DL-丙交酯,DL-Lactide,安耐吉,1g,1,g,1,412,not_stocked,zhaobinzhi,
32449-92-6,葡醛内酯,D-Glucurone,安耐吉,25g,25,g,1,409,not_stocked,zhaobinzhi,
14647-23-5,"1,2-双(二苯基膦)乙烷氯化镍","1,2-Bis(diphenylphosphino)ethane nickel(II) chloride",毕得,5g,5,g,1,402,not_stocked,lvbin,
22385-77-9,"1-溴-3,5-二叔丁基苯","
1-Bromo-3,5-di-tert-butylbenzene",毕得,5g,5,g,1,398,not_stocked,lvbin,
1761-61-1,5-溴-2-羟基苯甲醛,5-Bromo-2-hydroxybenzaldehyde,毕得,10g,10,g,1,396,running_out,huotongyu,
443-48-1,2-(2-甲基-5-硝基-1H-咪唑-1-基)乙-1-醇,2-(2-Methyl-5-nitro-1H-imidazol-1-yl)ethan-1-ol,毕得,10g,10,g,1,396,running_out,gengshihan,
577-19-5,1-溴-2-硝基苯,1-Bromo-2-nitrobenzene,安耐吉,5g,5,g,1,393,running_out,dairongheng,
,,3-Chlorobenzoic acid,毕得,10g,10,g,1,384,running_out,dairongheng,
461-58-5,双氰胺,Dicyandiamide,安耐吉,100g,100,g,1,379.5,not_stocked,mengjunhong,
2592-95-2,1-羟基苯并三唑,1-Hydroxybenzotriazole (HOBT),Accela,25G,25,g,1,372,running_out,tanhui,
620-02-0,5-甲基呋喃-2-醛,5-Methyl-2-Furaldehyde,毕得,25g,25,g,1,371,not_stocked,sulingyu,
1200-03-9,"	4-苯氧基溴丁烷","	(4-Bromobutoxy)benzene","	毕得",1g,1,g,1,369,not_stocked,gengshihan,
7783-20-2,硫酸铵,Ammonium sulfate,凯国科技,25g,25,g,1,360,running_out,lichao,
7681-65-4,碘化亚铜,,毕得,5g,5,g,1,360,degraded,xuguofeng,
10196-04-0,亚硫酸铵,AMMONIUM SULFITE,安耐吉,100g,100,g,1,360,not_stocked,chengzengrui,
1310-73-2,氢氧化钠,Sodium hydroxide,虹湖联合,500g,500,g,1,355,not_stocked,xuguofeng,
14593-43-2,烯丙基苄基醚,((Allyloxy)methyl)benzene,毕得,1g,1,g,1,354,not_stocked,admin,
35193-64-7,"	S-联萘酚磷酸酯","(S)-(+)-1,1'-Binaphthyl-2,2'-diyl hydrogenphosphate","毕得	",1g,1,g,1,352,not_stocked,lvbin,
1460-18-0,十五烷二酸,Pentadecanedioic acid,毕得,1g,1,g,1,352,not_stocked,zhaobinzhi,
109-89-7,二乙胺,Diethylamine,,,,,1,345,running_out,zhuminghui,
1310-58-3,氢氧化钾,Potassium hydroxide,虹湖联合,500g,500,g,1,342,not_stocked,xuguofeng,
3958-60-9,2-硝基苄溴, 1-(Bromomethyl)-2-nitrobenzene,"	毕得",5g,5,g,1,340,running_out,xuyue,
542-85-8,异硫氰酸乙酯,Ethylisothiocyanate,毕得,5g,5,g,1,339,not_stocked,wanghongye,
108-78-1,三聚氰胺,Melamine,罗恩,100g,100,g,1,337,not_found,mengjunhong,
,塑料液相管 内衬管 1.5ml/2ml 进样瓶内插管 色谱螺口瓶套管,,"
辅铭",1000个/包,,,1,336,not_stocked,xuguofeng,
1193-02-8,,,毕得,5g,5,g,1,336,not_stocked,dairongheng,
3018-12-0,二氯乙腈,Dichloroacetonitrile,"
阿拉丁",5g,5,g,1,334,not_stocked,chenlei,
2434-56-2,"4,6-二氨基嘧啶","4,6-Diaminopyrimidine",毕得,1g,1,g,1,330,not_stocked,zhanghongliang,
82998-57-0,3-碘-4-甲基苯甲酸,3-Iodo-4-methylbenzoic acid,毕得,5g,5,g,1,324,not_stocked,xuguofeng,
87199-16-4,3-甲酰基苯硼酸,,毕得,5g,5,g,1,324,not_stocked,xuguofeng,
79-37-8,草酰氯,,阿拉丁,25g,25,g,1,318.98,running_out,zhaoxinyi,
1979/1/6,三氯乙烯,Trichloroethylene,,100 ml,100,mL,1,313.5,not_stocked,chenlei,
912773-24-1,,"6-Bromoimidazo[1,2-a]pyrazine",毕得,250mg,250,mg,1,312,not_stocked,admin,
2163-42-0,"2-甲基-1,3-丙二醇","2-Methyl-1,3-propanediol",毕得,25g,25,g,1,311.25,not_stocked,lvbin,
534-17-8,碳酸铯,Cesium carbonate,毕得,25g,25,g,1,311.25,running_out,admin,
4701-17-1,5-溴噻吩-2-甲醛,5-Bromothiophene-2-carbaldehyde,毕得,5g,5,g,1,308,running_out,sulingyu,
121-45-9,亚磷酸三甲酯,TrimethylPhosphite,阿拉丁,100ml,100,mL,1,298.8,not_stocked,lvbin,
534-17-8,碳酸铯,Cesium carbonate,毕得,25g,25,g,1,296.25,running_out,admin,
1972-28-7,偶氮二甲酸二乙酯,Diethyl Azodicarboxylate,毕得,25g',,,1,296.25,running_out,zhuminghui,
583-55-1,,,,,,,1,295.5,not_stocked,admin,
25561-30-2,"N,O-双(三甲基硅烷基)三氟乙酰胺","N,O-Bis(trimethylsilyl)trifluoroacetamide","毕得	",25g,25,g,1,284.4,not_stocked,wanghongye,
121-44-8,三乙胺,,阿拉丁,500mL,500,mL,1,282,running_out,xuguofeng,
123-68-2,己酸烯丙酯, Allyl hexanoate,毕得,25g,25,g,1,278,not_stocked,admin,
6153-44-2,"2,6-二氧基-1,2,3,6-四氢嘧啶-4-羧酸甲酯","Methyl 2,6-dioxo-1,2,3,6-tetrahydropyrimidine-4-carboxylate",毕得,1g,1,g,1,277,not_stocked,zhanghongliang,
1034-39-5,二溴三苯基膦,TRIPHENYLPHOSPHINE DIBROMIDE,毕得,5 g,5,g,1,273,not_stocked,lvbin,
60-18-4,L-酪氨酸,L-Tyrosine,百灵威,25g,25,g,1,268,not_stocked,wanghongye,
358-23-6,三氟甲磺酸酐,Trifluoromethanesulfonic anhydride,百灵威,5g,5,g,1,264.75,running_out,zhangziyao,
1998/1/1,糠醛,"
Furfural",Amethyst,100g,100,g,1,262,degraded,sulingyu,
95-50-1,邻二氯苯,1，2-Dichlorobenzene,阿拉丁,,,,1,257.25,running_out,chenlei,
719-59-5,2-氨基-5-氯二苯甲酮,2-Amino-5-chlorobenzophenot_stocked,欣恒研,25g,25,g,1,255,not_stocked,chengzengrui,
2592-95-2,1-羟基苯并三唑,1-Hydroxybenzotriazole,上海泰坦,100g,100,g,1,252,running_out,wangxi,
420-04-2,氰胺,Cyanamide,毕得,100g,100,g,1,245,degraded,mengjunhong,
698-63-5,5-硝基呋喃-2-甲醛,5-Nitrofuran-2-carbaldehyde,毕得,5g,5,g,1,240.55,running_out,sulingyu,
637-07-0,"	2-(4-氯苯氧基)-2-甲基丙酸乙酯","	Ethyl 2-(4-chlorophenoxy)-2-methylpropanoate",毕得,5g,5,g,1,240,running_out,dairongheng,
2986-17-6,"	1,3-二异丙基硫脲"," 1,3-Diisopropylthiourea",欣恒研,25g,25,g,1,240,not_stocked,chenlei,
5834-16-2,"
3-甲基-2-噻吩甲醛",3-Methyl-2-thiophenecarboxaldehyde,毕得,5g,5,g,1,239,not_stocked,sulingyu,
39901-94-5,吡啶-2-甲酰氯 盐酸盐,Picolinoyl chloride hydrochloride,毕得,1g,1,g,1,238,not_stocked,sulingyu,
7789-17-5,碘化铯,"	Cesium iodide",乐研,10g,10,g,1,237.75,running_out,chenlei,
1694-92-4,2-硝基苯磺酰氯,2-Nitrobenzenesulfonyl chloride,阿拉丁,25g,25,g,1,235,not_stocked,chengzengrui,
6999/3/7,1-溴-4-(三甲基硅基)苯,(4-Bromophenyl)trimethylsilane,毕得,1g,1,g,1,234.75,not_stocked,mengjunhong,
49834-22-2,N-甲基-3-溴苯甲酰胺,3-Bromo-N-methylbenzamide,"毕得	",250mg,250,mg,1,233,running_out,gengshihan,
667-27-6,溴二氟乙酸乙酯,"	Ethyl bromodifluoroacetate",希恩思,25 g,25,g,1,233,not_stocked,chengzengrui,
123-91-1,"1,4-二氧六环 超干","1,4-Dioxane",泰坦,100mL,100,mL,1,231,running_out,chenlei,
36052-24-1,6-氨基烟酸甲酯," Methyl 6-aminonicotinate 	","	毕得",5g,5,g,1,228.65,not_stocked,xuyue,
611-74-5,"	N,N-二甲基苯甲酰胺","	N,N-Dimethylbenzamide","毕得	",5g,5,g,1,228,running_out,dairongheng,
920-46-7,甲基丙烯酰氯,Methacryloyl chloride,希恩思,25 g ,25,g,1,227.25,running_out,chenlei,
103-63-9,beta-溴代苯乙烷,(2-Bromoethyl)benzene,"毕得	",100g,100,g,1,223.5,running_out,wangxi,
513-86-0,乙偶姻,Acetoin,虹湖联合,25g,25,g,1,222,not_stocked,chenlei,
150-76-5,4-甲氧基苯酚,4-Methoxyphenol,伊诺凯,25 g,25,g,1,222,running_out,chenlei,
72762-00-6,,,,,,,1,221,not_stocked,admin,
72762-00-6,吡啶-2-醇,Pyridin-2-ol,毕得,5g,5,g,1,220,running_out,gengshihan,
148893-10-1,"2-(7-偶氮苯并三氮唑)-N,N,N',N'-四甲基脲六氟磷酸酯",HATU,毕得,10g,10,g,1,219.75,running_out,xuguofeng,
513-86-0,乙偶姻,Acetoin,伊诺凯,25g,25,g,1,219,not_stocked,chenlei,
2712-78-9,,,"
百灵威J&K",5g,5,g,1,215,running_out,chenlei,
358-23-6,三氟甲磺酸酐,Trifluoromethanesulfonic anhydride,毕得,25g,25,g,1,215,running_out,zhuminghui,
358-23-6,三氟甲磺酸酐 ,Trifluoromethanesulfonic anhydride,毕得,25g,25,g,1,214.5,running_out,zhuminghui,
358-23-6,三氟甲磺酸酐,Trifluoromethanesulfonic anhydride,毕得,25g,25,g,1,214.5,running_out,lichao,
1489-53-8,,"1,2,3-Trifluorobenzene",毕得,5g,5,g,1,213.3,not_stocked,dairongheng,
60871-84-3,三氟甲磺酸镍,Nickel(II) trifluoromethanesulfonate,毕得医药,5g,5,g,1,212.15,running_out,wanghongye,
358-23-6,三氟甲磺酸酐,Trifluoromethanesulfonic anhydride,毕得,25 g,25,g,1,211.65,running_out,chengzengrui,
100-42-5,苯乙烯,Styrene,百灵威,250ML,250,mL,1,211.5,not_stocked,chenlei,
7283-96-7,"
5-氯噻吩-2-甲醛",2-Chloro-5-thiophenecarboxaldehyde,毕得,5g,5,g,1,209,running_out,sulingyu,
675-20-7,2-哌啶酮,Piperidin-2-one,毕得,10g,10,g,1,207.75,not_stocked,zhuminghui,
2950-43-8,羟胺磺酸,,"	毕得医药",25G,25,g,1,207,running_out,qiuxu,
32137-76-1,"1,3-苯并噻唑-2-羧酸乙酯","ETHYL 1,3-BENZOTHIAZOLE-2-CARBOXYLATE",,5g,5,g,1,206.25,not_stocked,admin,
72-48-0,茜素,"1,2-Dihydroxyanthraquinot_stocked",阿拉丁,25g,25,g,1,203.15,not_stocked,zhangcaifang,
88-73-3,"	邻氯硝基苯",,"	麦克林",100g,100,g,1,202.5,running_out,dairongheng,
13161-30-3,2-羟基吡啶-N-氧化物,2-Pyridinol-1-oxide,毕得医药,10g,10,g,1,202.4,not_found,xuguofeng,
540-37-4,对碘苯胺,4-Iodoaniline,毕得,25g,25,g,1,201,degraded,zhangcaifang,
94790-37-1,"苯并三氮唑-N,N,N',N'-四甲基脲六氟磷酸酯",HBTU,innochem（伊诺凯）,25g,25,g,1,200,degraded,tanhui,
75-77-4,三甲基氯硅烷, Chlorotrimethylsilane,阿拉丁,100mL,100,mL,1,199.8,running_out,zhangcaifang,
620-08-6,4-甲氧基吡啶,4-Methoxypyridine,毕得,   10g,10,g,1,198.9,running_out,gengshihan,
34654-81-4,"6-((3-氯丙基)氨基)-1,3-二甲基尿嘧啶","6-((3-Chloropropyl)amino)-1,3-dimethylpyrimidine-2,4(1H,3H)-dione",毕得,5g,5,g,1,198,not_stocked,admin,
7447-41-8,,,,,,,1,197.1,running_out,admin,
79-00-5,"1,1,2-三氯乙烷"," 1,1,2-Trichloroethane",通广,500ml,500,mL,1,196,running_out,chenlei,
15366-34-4,3-吡唑羧酸甲酯, Methyl 1H-pyrazole-3-carboxylate,毕得医药,2g,2,g,1,195,running_out,xuyue,
63517-29-3,(二乙氨基)二氟锍鎓四氟硼酸盐,"	(diethylamino)difluoroindole tetrafluoroborate",Accela,5 g,5,g,1,195,not_stocked,chengzengrui,
63-91-2,,,,,,,1,192.75,not_stocked,admin,
73183-34-3,"4,4,4',4',5,5,5',5'-八甲基-2,2'-bi(1,3,2-二氧杂硼烷)","4,4,4',4',5,5,5',5'-Octamethyl-2,2'-bi(1,3,2-dioxaborolane)",,25g,25,g,1,192.75,running_out,zhangcaifang,
6674-22-2,"1,8-二氮杂双环[5.4.0]十一碳-7-烯","
1,8-Diazabicyclo[5.4.0]undec-7-ene, 98%,",Amethyst,25G,25,g,1,192,degraded,tanhui,
4208-49-5,2-呋喃羧酸烯丙酯, Allyl furan-2-carboxylate,毕得,1g,1,g,1,192,not_stocked,admin,
,2-乙基-3-羟基-4H-吡喃-4-酮, 2-Ethyl-3-hydroxy-4H-pyran-4-one,毕得,25g,25,g,1,189.75,not_stocked,zhanghongliang,
174500-20-0,"2,6-双[(4S)-苯基-2-(恶唑啉-2-基)]吡啶","2,6-Bis[(4S)-phenyl-2-oxazolin-2-yl]pyridine",毕得,250 mg,250,mg,1,188.25,not_stocked,chengzengrui,
696-57-1,4-烯丙基吗啉,N-allylmorpholine,毕得,1g,1,g,1,187.2,not_stocked,admin,
61717-82-6,"1-羟基-1,2-苯并碘酰-3(1H)-酮 1-氧化物(异构体混合物)","1-Hydroxy-1,2-benziodoxol-3(1H)-one 1-oxide (mixture of isomers)",毕得医药,25 g,25,g,1,186,running_out,tanhui,
5291-77-0,N-苄基-2-吡咯烷酮 ,1-Benzylpyrrolidin-2-one,毕得,5g,5,g,1,185.6,not_stocked,zhuminghui,
93-35-6,7-羟基香豆素,7-Hydroxycoumarin,Solarbio索莱宝,20 mg,20,mg,1,185,not_stocked,zhangcaifang,
75-89-8,"2,2,2-三氟乙醇(TFEA) ","2,2,2-Trifluoroethanol","
阿拉丁",100 g,100,g,1,184.5,running_out,chenlei,
2814-20-2,2-异丙基-6-甲基-4-羟基嘧啶,2-Isopropyl-6-methylpyrimidin-4-ol,毕得,25g,25,g,1,184.5,not_stocked,zhanghongliang,
71-55-6,"1,1,1-三氯乙烷 ",,北京益利,500ml,500,mL,1,183,not_stocked,chenlei,
1111-78-0,氨基甲酸铵,Ammonium Carbamate,百灵威,50g,50,g,1,179.25,running_out,qiuxu,
615-18-9,2-氯苯并噁唑,2-Chlorobenzoxazole,毕得,10g,10,g,1,178.5,not_stocked,lvbin,
623-73-4,重氮乙酸乙酯,Ethyl diazoacetate,Amethyst,5g,5,g,1,178,not_found,huotongyu,
10294-34-5,三氯化硼,Boron trichloride,百灵威J&K,25mL,25,mL,1,177.75,not_stocked,zhaobinzhi,
142-71-2,无水醋酸铜, Cupric acetate anhydrous,innochem,25g,25,g,1,177,running_out,chenlei,
2018-66-8,N-苄氧羰基-L-亮氨酸,N-Cbz-L-Leucine,毕得医药,10g,10,g,1,176.25,running_out,xuguofeng,
534-16-7,碳酸银,Silver carbonate,毕得,5g,5,g,1,176,running_out,xuguofeng,
1959/2/9,"(R)-2,5,7,8-四甲基-2-((4R,8R)-4,8,12-三甲基十三烷基)苯并吡喃-6-醇 ","(R)-2,5,7,8-Tetramethyl-2-((4R,8R)-4,8,12-trimethyltridecyl)chroman-6-ol
货号",毕得,25g,25,g,1,175,not_stocked,zhuminghui,
122-04-3,对硝基苯甲酰氯,"	4-Nitrobenzoyl chloride",麦克林,25 g,25,g,1,174.75,running_out,chengzengrui,
527-69-5,2-呋喃甲酰氯,2-Furoyl chloride,百灵威,5g,5,g,1,172.5,running_out,sulingyu,
87-62-7,"2,6-二甲基苯胺","2,6-Dimethylaniline",百灵威,25g,25,g,1,171.9,running_out,qiuxu,
784-38-3,2-氨基-5-氯-2'-氟二苯甲酮,2-Amino-5-chloro-2'-fluorobenzophenot_stocked,百灵威J&K,5g,5,g,1,171,not_stocked,chengzengrui,
87639-57-4,"	4-溴邻苯二甲酸二甲酯","	Dimethyl 4-bromophthalate","毕得	",1g,1,g,1,171,running_out,gengshihan,
551-93-9,邻氨基苯乙酮,"	2-Aminoacetophenot_stocked","毕得	",25g,25,g,1,170.05,running_out,chengzengrui,
7758-99-8,五水硫酸铜,Copper(II) sulfate pentahydrate,百灵威,500g,500,g,1,170,running_out,qiuxu,
142-96-1,正丁醚 超干,Di-n-butyl ether,泰坦,100mL,100,mL,1,170,not_stocked,chenlei,
30525-89-4,多聚甲醛,Paraformaldehyde,百灵威,100 g,100,g,1,169.15,running_out,tanhui,
7681-52-9,次氯酸钠,Sodium hypochlorite,Amethyst,500g,500,g,1,169,running_out,chengzengrui,
7681-82-5,碘化钠,Sodium iodide,希恩思,100g,100,g,1,167.25,running_out,chenlei,
73602-61-6,三乙胺三氢氟酸盐,Triethylamine Trihydrofluoride,欣恒研,5 g,5,g,1,165,not_stocked,chengzengrui,
63-91-2,L-苯丙氨酸,L-Phenylalanine,安耐吉,25g,25,g,1,164,not_stocked,chengzengrui,
105-67-9,"2,4-二甲苯酚, 98% ","2,4-Dimethylphenol",毕得,80g,80,g,1,163,running_out,qiuxu,
,"3-甲基-1H-1,2,4-三氮唑","3-Methyl-1H-1,2,4-triazole",毕得,1g,1,g,1,162,not_stocked,zhanghongliang,
3978-80-1,(S)-2-((叔丁氧羰基)氨基)-3-(4-羟基苯基)丙酸,Boc-Tyr-OH,毕得,25g,25,g,1,160.55,not_stocked,wanghongye,
21508-19-0,5-氯呋喃-2-甲醛,5-Chlorofuran-2-carbaldehyde,毕得,1g,1,g,1,159.75,not_stocked,sulingyu,
3524-87-6,6-甲基嘧啶-4(3H)-酮 ,6-Methylpyrimidin-4(3H)-one,毕得,250mg,250,mg,1,158,not_stocked,zhanghongliang,
1692-25-7,3-吡啶硼酸,Pyridin-3-ylboronic acid,毕得,10g,10,g,1,157,running_out,sulingyu,
6937/3/7,2-氨基异烟酸甲酯,Methyl 2-aminoisonicotinate,"	毕得",5g,5,g,1,156.75,not_stocked,xuyue,
70298-89-4,N-(吡啶-4-基)三甲基乙酰胺,"2,2-Dimethyl-N-pyridin-4-yl-propionamide",毕得,1g,1,g,1,156.6,not_stocked,chengzengrui,
1068-55-9,异丙基氯化镁 ,"Isopropylmagnesium chloride, 2.0 M solution in THF",百灵威,100ML,100,mL,1,156.4,not_stocked,douxiaodong,
18448-47-0,"
1-环己烯基-1-甲酸甲酯",Methyl 1-cyclohexene-1-carboxylate,ALADINE,1g,1,g,1,153,running_out,wangchen,
1493-27-2,1-氟-2-硝基苯,1-Fluoro-2-nitrobenzene,毕得,100g,100,g,1,151,running_out,huotongyu,
903550-26-5,1-(2-四氢吡喃基)-1H-吡唑-5-硼酸频哪酯,,毕得,10g,10,g,1,150,running_out,xuguofeng,
501-53-1,氯甲酸苄酯,Benzyl chloroformate,百灵威,25g,25,g,1,149,degraded,zhaoxinyi,
123-91-1,"1,4-二氧六环 超干","1,4-Dioxane",泰坦,100mL,100,mL,1,147.85,running_out,chenlei,
142-71-2,无水醋酸铜, Cupric acetate anhydrous,J&K,25g,25,g,1,147.75,running_out,chenlei,
872-05-9,1-癸烯,1-Decene,百灵威J&K,25mL,25,mL,1,147,running_out,chengzengrui,
7681-82-5,碘化钠,sodium iodide,毕得,100g,100,g,1,147,running_out,wangxi,
40138-16-7,2-甲酰基苯硼酸频哪醇酯,2-Formylphenyl)boronic acid,"毕得	",,,,1,147,not_stocked,chengzengrui,
1080-06-4,L-酪氨酸甲酯,H-Tyr-OMe,"毕得	",25g,25,g,1,146.2,not_stocked,wanghongye,
1907-33-1,,,,,,,1,145.35,not_stocked,admin,
773-64-8,"2,4,6-三甲基苯磺酰氯, ","2,4,6-Trimethylbenzenesulphonyl chlorid",伊诺凯,25G,25,g,1,145,degraded,wangchen,
657408-07-6,"二环己基(2',6'-二甲氧基-[1,1'-联苯]-2-基)膦","Dicyclohexyl(2',6'-dimethoxy-[1,1'-biphenyl]-2-yl)phosphine",毕得,5 g,5,g,1,144,not_stocked,zhangziyao,
411235-57-9,环丙基硼酸,Cyclopropylboronic acid,毕得,5 g,5,g,1,143,degraded,zhangcaifang,
103-50-4,苄醚,,,100 g,100,g,1,143,running_out,chenlili,
925-90-6,乙基溴化镁,Ethylmagnesiumbromide,泰坦,100ml,100,mL,1,141.55,running_out,gengshihan,
14667-47-1,2-氨基烟酸甲酯 ,Methyl 2-aminonicotinate,"	毕得",6g,6,g,1,141,not_stocked,xuyue,
3396-11-0,乙酸铯 ,Cesium acetate,毕得,"25g	",25,g,1,141,not_stocked,chenlei,
96-18-4,三氯丙烷,"1,2,3-Trichloropropane",迈瑞达,25g,25,g,1,138,not_stocked,chenlei,
7719/12/2,氯化磷(III),Phosphorus trichloride,安耐吉,100mL,100,mL,1,138,not_stocked,lvbin,
951-78-0,"1-((2R,4S,5R)-4-羟基-5-(羟甲基)四氢呋喃-2-基)嘧啶-2,4(1H,3H)-二酮","1-((2R,4S,5R)-4-Hydroxy-5-(hydroxymethyl)tetrahydrofuran-2-yl)pyrimidine-2,4(1H,3H)-dione
",毕得,5g,5,g,1,137,not_stocked,zhanghongliang,
51953-17-4,嘧啶-4(1H)-酮,Pyrimidin-4(1H)-one,毕得,1g,1,g,1,137,not_stocked,zhanghongliang,
616-91-1,N-乙酰-L-半胱氨酸,N-Acetyl-L-cysteine,毕得,100g,100,g,1,137,not_stocked,xuguofeng,
75-22-9,三甲氨基硼烷,Trimethylamine Borane,毕得,5g,5,g,1,136,not_stocked,lichao,
15366-34-4,3-吡唑羧酸甲酯 ,Methyl 1H-pyrazole-3-carboxylate,凯国科技,5g,5,g,1,135,not_stocked,xuyue,
1979/4/9,,,百灵威,,,,1,134.25,degraded,zhaoxinyi,
920-39-8,异丙基溴化镁," Isopropylmagnesium bromide, 1.0 M solution in THF",百灵威,100ML,100,mL,1,134,not_stocked,douxiaodong,
13939-69-0,1-哌啶酰氯,1-Piperidinecarbonylchloride,毕得,1g,1,g,1,132.75,not_stocked,sulingyu,
971-66-4,三苯基硼吡啶络合物,Triphenyl(pyridin-1-ium-1-yl)borate,毕得,5g,5,g,1,131.14,not_stocked,lichao,
1020-31-1,,,,,,,1,131,not_stocked,admin,
95-87-4,"2,5-二甲基苯酚","2,5-Dimethylphenol",百灵威J&K,25g,25,g,1,130.8,running_out,chengzengrui,
1468-83-3,3-乙酰基噻吩,3-Acetylthiophene,毕得,5g,5,g,1,129.75,not_stocked,tanhui,
52340-78-0,氢胺,"(R,R)-( )-Hydrobenzoin",毕得,1g,1,g,1,129.2,not_stocked,lvbin,
69214-33-1,"8-氯咪唑并[1,2-A]吡嗪","8-Chloroimidazo[1,2-a]pyrazine",毕得,250mg,250,mg,1,126.75,not_stocked,admin,
52244-70-9,对甲氧基苯丁醇,对甲氧基苯基丙酮,毕得,5g,5,g,1,126,degraded,dairongheng,
78269-85-9,"1-[2-(三甲基甲硅烷基)乙氧基羰氧基]吡咯烷-2,5-二酮","2,5-Dioxopyrrolidin-1-yl (2-(trimethylsilyl)ethyl) carbonate",毕得,1g,1,g,1,126,not_stocked,zhaoxinyi,
358-23-6,三氟甲磺酸酐,Trifluoromethanesulfonic anhydride,百灵威,5g,5,g,1,125.4,degraded,zhangziyao,
420-37-1,三甲基氧鎓四氟硼酸盐,Trimethyloxonium tetrafluoroborate,阿拉丁,5 g,5,g,1,124.95,not_stocked,chengzengrui,
,,2-Nitrotoluene,百灵威,25g',,,1,124.2,running_out,dairongheng,
2033-24-1,,MELDRUMS ACID,百灵威,25g,25,g,1,124,not_stocked,wangyachong,
120-80-9,邻苯二酚 ,Catechol,百灵威,100g,100,g,1,123.25,running_out,qiuxu,
28920-43-6,氯甲酸-9-芴基甲酯,FMOC-CL,百灵威,5g,5,g,1,123.25,not_stocked,zhaoxinyi,
2799-21-5,(R)-3-吡咯烷醇,,乐研,5g,5,g,1,123,running_out,xuguofeng,
111-40-0,二亚乙基三胺 ,Diethylenetriamine,毕得,500mL,500,mL,1,123,not_stocked,qiuxu,
7790-94-5,氯磺酸,Chlorosulfonic acid,毕得,100G,100,g,1,122.25,running_out,qiuxu,
73-22-3,"	L-色氨酸",L-Tryptophan,百灵威,25g,25,g,1,122,running_out,zhaoxinyi,
5815/8/7,叔丁氧基双(二甲胺基)甲烷,BREDERECK'S REAGENT,毕得医药,10g,10,g,1,121.5,running_out,xuguofeng,
814-68-6,丙烯酰氯 ,Acryloyl chloride,希恩思,25 g,25,g,1,121.5,running_out,chenlei,
36052-26-3,6-氨基吡啶甲酸甲酯,Methyl 6-aminopicolinate,"	毕得",5g,5,g,1,120.8,not_stocked,xuyue,
1634-04-4,甲基叔丁基醚 超干,Tert-ButylMethylEther,J&K,100ml,100,mL,1,120.45,not_stocked,chenlei,
65094-22-6,溴氟甲基膦酸二乙酯,Diethyl bromodifluoromethanephosphonate,麦克林,5 g,5,g,1,119,not_stocked,chengzengrui,
80522-42-5,三异丙基硅基三氟甲磺酸酯,Triisopropylsilyl trifluoromethanesulfonate,麦克林,5 g,5,g,1,118.5,running_out,chengzengrui,
32503-27-8,四丁基硫酸氢铵,Tetrabutylammonium hydrogen sulfate,毕得,100G,100,g,1,118.5,running_out,qiuxu,
55736-04-4,1-(2-氯-6-羟基苯基)乙酮,1-(2-Chloro-6-hydroxyphenyl)ethanot_stocked,毕得,1g*3,1,g,3,118.4,not_stocked,huotongyu,
52462-29-0,二氯双(4-甲基异丙基苯基)钌(II),Dichloro(p-cymene)ruthenium(II) Dimer,欣恒研,1g,1,g,1,117,not_stocked,lichao,
930-96-1,3-溴噻吩-2-甲醛,3-Bromothiophene-2-carboxaldehyde,毕得,1g,1,g,1,115.5,not_stocked,sulingyu,
6622-92-0,"2,4-二甲基-6-羟基嘧啶","2,6-Dimethylpyrimidin-4-ol",毕得,5g,5,g,1,115,not_stocked,zhanghongliang,
4025-71-2,2-苯基-乙烷磺酰氯,2-PHENYL-ETHANESULFONYL CHLORIDE,"毕得	",250mg,250,mg,1,114.3,running_out,xuguofeng,
161265-03-8,"4,5-双(二苯基膦)-9,9-二甲基氧杂蒽","(9,9-Dimethyl-9H-xanthene-4,5-diyl)bis(diphenylphosphine)",毕得,10g,10,g,1,113.9,running_out,zhaoxinyi,
1522-22-1,六氟乙酰丙酮,"1,1,1,5,5,5-Hexafluoropentane-2,4-dione",希恩思,5g,5,g,1,113.25,not_stocked,zhaobinzhi,
534-17-8,碳酸铯,"Cesium carbonate, 99%",Amethyst,25G,25,g,1,113.05,running_out,tanhui,
13400-13-0,氟化铯,Cesium fluoride,麦克林,10 g,10,g,1,113.05,running_out,chengzengrui,
645-45-4,3-苯丙酰氯,Hydrocinnamoyl chloride,"毕得	",25g,25,g,1,111.35,running_out,chengzengrui,
38194-50-2,(Z)-5-氟-2-甲基-1-[4-(甲亚硫酰苯基)亚甲基]-1H-茚-3-乙酸 ,"(Z)-2-(5-Fluoro-2-methyl-1-(4-(methylsulfinyl)benzylidene)-1H-inden-3-yl)acetic acid
",毕得,5g,5,g,1,111,not_stocked,zhuminghui,
115-20-8,"
2,2,2-三氯乙醇","
2,2,2-Trichloroethanol",百灵威J&K,25 g,25,g,1,111,running_out,chenlei,
1522-22-1,,"1,1,1,5,5,5-Hexafluoropentane-2,4-dione","毕得	",5g,5,g,1,110.4,not_stocked,zhaobinzhi,
73-32-5,L-异亮氨酸,,百灵威,25g,25,g,1,110,not_stocked,zhaoxinyi,
1840-19-3,3-(三氟甲基)异硫氰酸苯酯,3-(TRIFLUOROMETHYL)PHENYL ISOTHIOCYANATE,伊诺凯,5g,5,g,1,108,running_out,xuguofeng,
513-42-8,2-甲基烯丙醇,2-Methyl-2-propen-1-ol,伊诺凯,100ml,100,mL,1,108,not_stocked,lvbin,
111-96-6,二乙二醇二甲醚 超干,2-MethoxyethylEther,泰坦,100ml,100,mL,1,107,not_stocked,chenlei,
1450-75-5,5'-溴-2'-羟基苯乙酮,5'-Bromo-2'-hydroxyacetophenot_stocked,百灵威,5g,5,g,1,106.4,running_out,zhaoxinyi,
535-80-8,"	3-氯苯甲酸","	3-Chlorobenzoic acid",百灵威,25G,25,g,1,102.75,not_stocked,chenlei,
375857-66-2,"7-三氟甲基咪唑并[1,2-a]嘧啶","7-(Trifluoromethyl)imidazo[1,2-a]pyrimidine",毕得,250mg,250,mg,1,102,not_stocked,admin,
7790-38-7,碘化钯,Palladium(II) iodide,乐研,100 mg,100,mg,1,102,not_stocked,lvbin,
26952-21-6,异辛醇,,"毕得	",100g,100,g,1,101.7,not_stocked,zhaobinzhi,
4704-94-3,"2-羟甲基-1,3-丙二醇","2-(HYDROXYMETHYL)-1,3-PROPANEDIOL",毕得,250mg,250,mg,1,101.15,not_stocked,lvbin,
71-43-2,苯,Benzene,百灵威,100ml,100,mL,1,100,running_out,qiuxu,
890-38-0,,,,,,,1,100,not_stocked,admin,
358-23-6,三氟甲磺酸酐,Trifluoromethanesulfonic anhydride,百灵威,25g,25,g,1,99,running_out,zhangziyao,
3422/1/3,苯基氨基甲酸叔丁酯,tert-Butyl phenylcarbamate,毕得,5 g,5,g,1,99,not_stocked,chengzengrui,
1505-50-6,"4-甲基苯丙酸
",3-(p-Tolyl)propionic Acid,毕得,5g,5,g,1,97,not_stocked,zhuminghui,
38360-81-5,"3,5-二甲基苯硫酚","3,5-Dimethylthiophenol",毕得,1g,1,g,1,96.75,running_out,wangbingding,
20734-58-1,"1,8-双二甲氨基萘","1,8-Bis(dimethylamino)naphthalene",百灵威,5 g,5,g,1,96,running_out,chengzengrui,
57260-71-6,1-叔丁氧羰基哌嗪,tert-Butyl 1-piperazinecarboxylate,毕得,100g,100,g,1,96,running_out,huotongyu,
501-65-5,二苯乙炔,Diphenylacetylene,百灵威,5g,5,g,1,96,running_out,zhangziyao,
79-00-5,"1,1,2-三氯乙烷"," 1,1,2-Trichloroethane",阿拉丁,500ml,500,mL,1,96,running_out,chenlei,
119895-68-0,"2,2-二氟苯并[d][1,3]二氧环戊烷-4-甲醛","2,2-Difluorobenzo[d][1,3]dioxole-4-carbaldehyde",毕得,1g,1,g,1,93.75,not_stocked,zhangcaifang,
6295-87-0,1-氨基碘化吡啶,,毕得,5g,5,g,1,93.75,not_stocked,lichao,
112022-81-8,"(S)-1-甲基-3,3-二苯基四氢-1H,3H-吡咯并[1,2-c] [1,3,2]恶唑硼烷","(S)-1-Methyl-3,3-diphenylhexahydropyrrolo[1,2-c][1,3,2]oxazaborole
",毕得,10g,10,g,1,93,not_stocked,lvbin,
3240-34-4,碘苯二乙酸,(Diacetoxyiodo)benzene,,100g,100,g,1,93,running_out,chenlei,
773-99-9,1-萘乙醇,1-Naphthaleneethanol,毕得,25g,25,g,1,93,running_out,chenlili,
49623-71-4,"2,4,6-三异丙基苯甲酸","2,4,6-Triisopropylbenzoic acid",毕得医药,1g,1,g,1,92.25,not_stocked,tanhui,
29241-62-1,5-溴-6-氯烟酸,5-Bromo-6-chloronicotinic acid,毕得,5g,5,g,1,92,not_stocked,xuguofeng,
581-96-4,2-萘乙酸,2-(Naphthalen-2-yl)acetic acid,毕得,25g,25,g,1,90,running_out,mengjunhong,
81290-20-2,三氟甲基三甲基硅烷 ,Trimethyl(trifluoromethyl)silane,"毕得	",25g,25,g,1,90,running_out,chenlei,
129738-42-7,"1-[(反式,反式)-4'-(3-丁烯基)[1,1'-联环己烷]-4-基]-4-甲基苯","(trans,trans)-4-(But-3-en-1-yl)-4'-(p-tolyl)-1,1'-bi(cyclohexane)",毕得,1g,1,g,1,89.1,not_stocked,admin,
9003-07-0,聚丙烯,,源叶,100g,100,g,1,88.4,not_stocked,zhaobinzhi,
120737-59-9,4-叔丁氧羰基-2-甲基哌嗪,4-N-Boc-2-Methyl-piperazine,毕得,10g,10,g,1,88,not_stocked,huotongyu,
1069-08-5,二氯(二乙氨基)膦,Diethylphosphoramidousdichloride,毕得,5g,5,g,1,87.55,not_stocked,lvbin,
16212-05-8,(烯丙基磺酰基)苯 , (Allylsulfonyl)benzene,毕得,1g,1,g,1,87,not_stocked,admin,
590-92-1,3-溴丙酸, 3-Bromopropionic acid,百灵威,25g,25,g,1,87,not_stocked,zhuminghui,
1840-19-3,3-(三氟甲基)苯基异硫氰酸酯,3-(TRIFLUOROMETHYL)PHENYL ISOTHIOCYANATE,洪湖联合,1g,1,g,1,86.25,running_out,xuguofeng,
1840-19-3,"阿尔法,阿尔法,阿尔法位-三氟-间-甲苯异硫氰","	3-(TRIFLUOROMETHYL)PHENYL ISOTHIOCYANATE",虹湖联合,1g,1,g,1,84.15,running_out,xuguofeng,
2999-46-4,异氰基乙酸乙酯,Ethyl isocyanoacetate,虹湖联合,5g,5,g,1,84,not_stocked,xuguofeng,
7783-95-1,二氟化银,Silver(II) fluoride,3AChem,1g,1,g,1,83,running_out,chenlei,
1976/5/1,三氟乙酸,"	Trifluoroacetic acid",虹湖联合,100mL,100,mL,1,83,running_out,xuguofeng,
1976/1/7,"
五氯乙烷",Pentachloroethane,"
安耐吉",25g,25,g,1,81,not_stocked,chenlei,
3018-12-0,二氯乙腈,Dichloroacetonitrile,阿拉丁,100g,100,g,1,81,running_out,mengjunhong,
68986-76-5,噻吩-2-羧酸铜,COPPER(I) THIOPHENE-2-CARBOXYLATE,"毕得	",10 g,10,g,1,81,running_out,chenlei,
72594-77-5,BOC-L-酪氨酸乙酯,(S)-Ethyl 2-((tert-butoxycarbonyl)amino)-3-(4-hydroxyphenyl)propanoate,毕得,10g,10,g,1,80.75,running_out,wanghongye,
2950-43-8,羟胺磺酸,HYDROXYLAMINE-O-SULFONIC ACID,凯国科技,25g,25,g,1,80,running_out,lichao,
100-39-0,"	溴苄",Benzyl bromide,百灵威,25g,25,g,1,80,running_out,zhaoxinyi,
5524-05-0,"(2R,5R)-2-甲基-5-(丙-1-烯-2-基)环己酮","(2R,5R)-2-Methyl-5-(prop-1-en-2-yl)cyclohexanot_stocked",毕得,25g,25,g,1,80,running_out,lvbin,
463-71-8,硫光气,,虹湖联合,5g,5,g,1,79.2,not_stocked,zhangziyao,
7311-64-0,3-溴噻吩-2-甲酸, 3-Bromothiophene-2-carboxylic acid,毕得,10g,10,g,1,79,running_out,zhaoxinyi,
110-71-4,"	乙二醇二甲醚 超干","1,2-Dimethoxyethane",J&K,25mL,25,mL,1,78.5,not_stocked,chenlei,
7084/11/9,1-(3-二甲氨基丙基)-3-乙基碳二亚胺盐酸盐,3-(3-DIMETHYLAMINOPROPYL)-1-ETHYLCARBODIIMIDE HYDROCHLORIDE,希恩思,100g,100,g,1,78.2,running_out,wangxi,
3030-47-5,"1,1,4,7,7-五甲基二亚乙基三胺 ","1,1,4,7,7-Pentamethyldiethylenetriamine",毕得,25g,25,g,1,78,not_stocked,qiuxu,
402-45-9,,,"
百灵威J&K",1g,1,g,1,77.25,not_stocked,chenlei,
775304-60-4,"	3-(5-(2-氟苯基)-1,2,4-噁二唑-3-基)苯甲酸甲酯","	Methyl 3-(5-(2-fluorophenyl)-1,2,4-oxadiazol-3-yl)benzoate",欣恒研,250mg,250,mg,1,77,running_out,dairongheng,
16870-28-3,2-羟基-4-碘苯甲酸,,毕得,1g,1,g,1,76.5,running_out,xuguofeng,
545-06-2,三氯乙腈,Trichloroacetonitrile,Amethyst,100g,100,g,1,76,running_out,chenlei,
3018-12-0,二氯乙腈,Dichloroacetonitrile,阿拉丁,100G,100,g,1,76,not_stocked,chenlei,
16799-05-6,1-(2-溴乙基)-3-氯苯,"3-CHLOROPHENETHYL BROMIDE, 97%",毕得,1g,1,g,1,75.75,not_stocked,huotongyu,
696-41-3,3-碘苯甲醛,3-Iodobenzaldehyde,毕得,5g,5,g,1,75.75,running_out,xuguofeng,
6529-53-9,1-(2-溴乙基)-4-氯苯,4-CHLOROPHENETHYL BROMIDE  97,毕得,5g,5,g,1,75.75,running_out,huotongyu,
,氯化氢乙醇溶液,Hydrogen Chloride Ethanol Solution,伊诺凯,100 ml,100,mL,1,75,running_out,tanhui,
269410-08-4,4-吡唑硼酸频哪醇酯,4-Pyrazoleboronic acid pinacol ester,毕得,25g,25,g,1,75,running_out,huotongyu,
351422-73-6,3-氨基甲酰苯硼酸,3-Aminocarbonylphenylboronic acid,毕得,10g,10,g,1,75,not_stocked,wangyachong,
141-78-6,超干 乙酸乙酯,ethyl acetate,百灵威,500ml,500,mL,1,75,running_out,zhuminghui,
1634-04-4,甲基叔丁基醚 超干,Tert-ButylMethylEther,迈瑞达,100ml,100,mL,1,74.6,not_stocked,chenlei,
110-71-4,"	乙二醇二甲醚 超干","1,2-Dimethoxyethane",泰坦,100mL,100,mL,1,74.52,not_stocked,chenlei,
51647-90-6,"5,7-二氢咪唑并[1,2-A]嘧啶"," Imidazo[1,2-a]pyrimidine-5,7-diol",毕得,250mg,250,mg,1,74.25,not_stocked,admin,
156647-96-0,4-羟基-6-甲基嘧啶,4-Hydroxy-6-methylpyrimidine,毕得,1g,1,g,1,74,not_stocked,zhanghongliang,
,(4-溴苯基)丙酸,3-(4-Bromophenyl)propionic acid,希恩斯,25g,25,g,1,72.75,not_stocked,zhuminghui,
18087-73-5,"3-溴咪唑并[1,2-B]哒嗪","3-BROMOIMIDAZO[1,2-B]PYRIDAZINE",毕得,5g,5,g,1,72,not_stocked,xuguofeng,
42152-44-3,三氟甲磺酸亚铜,,毕得,1g,1,g,1,70,not_stocked,qiuxu,
2389-48-2,(S)-2-氨基-6-((叔丁氧羰基)氨基)己酸甲酯盐酸盐,,"毕得	",5g,5,g,1,69,not_stocked,zhaoxinyi,
1493-13-6,三氟甲磺酸,Trifluoromethanesulfonic acid,Amethyst,25 g,25,g,1,69,running_out,chengzengrui,
540-80-7,亚硝酸叔丁酯,tert-Butyl nitrite,百灵威J&K,100mL,100,mL,1,69,running_out,chengzengrui,
,,"1,3-Difluorobenzene",百灵威,25g,25,g,1,69,not_stocked,dairongheng,
96-47-9,2-甲基四氢呋喃,2-Methyltetrahydrofuran,虹湖联合,500ml,500,mL,1,68,running_out,xuguofeng,
823-96-1,三甲基环三硼氧烷,TRIMETHYLBOROXINE,百灵威,5ml,5,mL,1,,not_stocked,lichao,
5614-37-9,环戊基甲醚 超干,"	Cyclopentyl methyl ether",迈瑞达,100ml,100,mL,1,68,not_stocked,chenlei,
784-04-3,9-乙酰基蒽,9-Acetylanthracene,毕得,5g,5,g,1,68,not_stocked,tanhui,
1210-34-0,"5-羟基-10,11-二氢-5H-二苯并[a,d][7]环庚烯 ","5-Hydroxy-10,11-dihydro-5H-dibenzo[a,d][7]annulene",毕得,1g,1,g,1,68,not_stocked,zhuminghui,
2438/4/2,2-异丙基苯甲酸 ,2-Isopropylbenzoic Acid,毕得医药,250 mg,250,mg,1,67.5,not_stocked,tanhui,
80-62-6,甲基丙烯酸甲酯,Methyl methacrylate,百灵威,25ml,25,mL,1,67.5,running_out,gengshihan,
4105-21-9,"2-苯基咪唑并[1,2-a]吡啶","2-Phenylimidazo[1,2-a]pyridine",毕得,250mg,250,mg,1,67,not_stocked,zhanghongliang,
1976/1/7,"
五氯乙烷",Pentachloroethane,"
迈瑞达",25g,25,g,1,66.75,not_stocked,chenlei,
17696-11-6,8-溴辛酸,8-Bromooctanoic acid,毕得,25g,25,g,1,66.3,not_stocked,zhuminghui,
7087-68-5,"N,N-二异丙基乙胺","N,N-Diisopropylethylamine",伊诺凯,500 mL,500,mL,1,66,running_out,wangxi,
23195-62-2,"3-(2-吡啶基)-1H-1,2,4-三唑;2-(1H-1,2,4-三唑-3-基)吡啶 ","(1H-1,2,4-Triazol-3-yl)pyridine",毕得,1g,1,g,1,66,not_stocked,zhanghongliang,
107-15-3,乙二胺,Ethylenediamine,通广精细,500mL,500,mL,1,66,degraded,xuguofeng,
781-73-7,2-乙酰芴, 2-Acetylfluorene,毕得,5g,5,g,1,66,not_stocked,tanhui,
32677-01-3,L-谷氨酸二叔丁酯盐酸盐,,伊诺凯,5g,5,g,1,64,not_stocked,zhaoxinyi,
111-36-4,异氰酸丁酯,,百灵威,25ml,25,mL,1,63.65,not_stocked,wanghongye,
1628-89-3,2-甲氧基吡啶,2-Methoxypyridine,jk,25g,25,g,1,63,running_out,zhuminghui,
1976/5/1,三氟乙酸,Trifluoroacetic acid,百灵威,100g,100,g,1,63,running_out,zhaoxinyi,
1628-89-3,"2-甲氧基吡啶
",2-Methoxypyridine,百灵威,25g,25,g,1,63,running_out,zhuminghui,
304-59-6,L-酒石酸钾钠,L-Potassium sodium tartrate,毕得,25g,25,g,1,63,not_stocked,zhaoxinyi,
1008-88-4,,"
3-Phenylpyridine",毕得,5g,5,g,1,62,running_out,lichao,
4294-57-9,"	对甲苯基溴化镁","	p-Tolylmagnesium bromide",百灵威J&K,100ML,100,mL,1,61.8,running_out,gengshihan,
79-37-8,草酰氯 ,Oxalyl chloride,百灵威,25g,25,g,1,60.75,running_out,zhuminghui,
534-13-4,"N,N′-二甲基硫脲",Dimethylthiourea,欣恒研,25g,25,g,1,60.75,not_stocked,chenlei,
2019-34-3,3-(4-氯苯基)丙酸,3-(4-Chlorophenyl)propanoic acid,毕得,10g,10,g,1,60,not_stocked,zhuminghui,
16793-91-2,1-(2-溴乙基)-2-氯苯,2-CHLOROPHENETHYL BROMIDE,毕得,1g,1,g,1,60,not_stocked,huotongyu,
79-36-7,二氯乙酰氯,,TCI,,,,1,59.25,not_stocked,zhaoxinyi,
822-67-3,2-环己烯醇,2-CYCLOHEXEN-1-OL,毕得,1g,1,g,1,59,not_stocked,qiuxu,
18791-75-8,4-溴-2-噻吩甲醛,4-Bromothiophene-2-carboxaldehyde,百灵威,5g,5,g,1,58,running_out,sulingyu,
75-65-0,叔丁醇,tert-butyl alcohol,虹湖联合,500mL,500,mL,1,57.8,running_out,chenlili,
102-93-2,,,,,,,1,57.75,not_stocked,admin,
61717-82-6,2-碘酰基苯甲酸,IBX,毕得,100g,100,g,1,57.75,running_out,qiuxu,
776-04-5,邻三氟甲基苯磺酰氯,2-(Trifluoromethyl)benzenesulfonyl chloride,毕得,25g,25,g,1,57.75,not_stocked,chengzengrui,
,双苯磺酸甲烷,Bis(phenylsulfonyl)methane,毕得,,,,1,56.95,not_stocked,chengzengrui,
503-29-7,杂氮环丁烷 ,Azetidine,毕得,1g,1,g,1,56,not_stocked,wanghongye,
429-41-4,四丁基氟化铵, Tetrabutylammonium fluoride 1.0 M solution in THF,JK,100ML,100,mL,1,56,running_out,douxiaodong,
865156-68-9,"6-溴咪唑并[1,2-A]嘧啶","6-Bromoimidazo[1,2-a]pyrimidine",毕得,1g,1,g,1,56,not_stocked,admin,
30186-18-6,1-(4-溴-2-羟基苯基)乙酮,1-(4-Bromo-2-hydroxyphenyl)ethanot_stocked,毕得,10g,10,g,1,55.5,running_out,zhaoxinyi,
934-37-2,"2-甲基咪唑并[1,2-a]吡啶 ","2-Methylimidazo[1,2-a]pyridine",毕得,250mg,250,mg,1,55,not_stocked,zhanghongliang,
75-75-2,甲磺酸,Methanesulfonic acid,百灵威,100 mL,100,mL,1,55,running_out,chengzengrui,
141556-45-8,"1,3-双(2,4,6-三甲基苯基)氯化咪唑","1,3-Bis(2,4,6-trimethylphenyl)imidazolium chloride",安耐吉,5 g,5,g,1,55,running_out,tanhui,
149463-65-0,4-(4-氯丁基)吡啶盐酸盐,4-(4-Chlorobutyl)pyridine hydrochloride,毕得医药,1g,1,g,1,54.86,not_stocked,wanghongye,
,4-(2-噻吩)-丁酸, 4-(Thiophen-2-yl)butanoic acid,毕得,5g,5,g,1,54.75,not_stocked,zhuminghui,
9006-65-9,二甲基硅油,"
Dimethicone",希恩思,"
500g",500,g,1,54.75,running_out,tanhui,
13803-39-9,5-苯基-2-糠醛,5-PHENYL-2-FURALDEHYDE,毕得,250mg,250,mg,1,54.75,running_out,xuguofeng,
940-71-6,三聚氯化磷腈,Phosphonitrilic Chloride Trimer,欣恒研,25 g ,25,g,1,54.75,not_stocked,chenlei,
68957-94-8,,,,25g,25,g,1,54,not_stocked,admin,
61-54-1,色胺,Tryptamine,百灵威,10g,10,g,1,54,running_out,zhaoxinyi,
7745-91-7,"	3-溴-4-甲基苯胺",3-Bromo-4-methylaniline,JK,25 g,25,g,1,54,running_out,zhangziyao,
6529-51-7,1-(2-溴-乙基)-4-甲基-苯,4-METHYLPHENETHYL BROMIDE  97,毕得,1g,1,g,1,53.55,not_stocked,huotongyu,
76089-77-5,三氟甲磺酸铈(III) ,Cerium(III) trifluoromethanesulfonate,"	毕得",10g,10,g,1,53.2,running_out,chenlei,
558-13-4,四溴化碳 ,Carbon tetrabromide,JK,100g,100,g,1,53,running_out,douxiaodong,
498-24-8,中康酸,Mesaconic Acid,Aladdin,1g,1,g,1,52.7,not_stocked,zhaobinzhi,
930-21-2,2-氮杂环丁酮, 2-Azetidinot_stocked,accela,1g,1,g,1,52.7,not_stocked,zhuminghui,
1976/5/1,三氟乙酸,,安耐吉,500g,500,g,1,52,running_out,zhaoxinyi,
7440-66-6,锌粉,Zinc,蓝弋,500g,500,g,1,52,not_found,xuguofeng,
325773-65-7,"双(3,5-二-叔丁基苯基)氧化膦","Bis(3,5-di-tert-butylphenyl)phosphine oxide",毕得,250mg,250,mg,1,51.75,not_stocked,lvbin,
13965-03-2,双三苯基磷二氯化钯,,毕得,1g,1,g,1,51.75,running_out,xuguofeng,
1942-46-7,,5-Decyne,虹湖联合,5mL,5,mL,1,51,degraded,zhangziyao,
374538-03-1,,2-Methoxycarbonylphenylboronic,毕得,10g,10,g,1,51,not_stocked,sulingyu,
380151-85-9,2-甲酰基苯硼酸频哪醇酯,"	2-BORONOBENZALDEHYDE, PINACOL ESTER","毕得	",,,,1,51,not_stocked,chengzengrui,
5239-82-7,"环丙基乙酸
","Cyclopropylacetic acid
",毕得,5g,5,g,1,51,not_stocked,zhuminghui,
557-20-0,二乙基锌,,百灵威,100ml,100,mL,1,51,not_stocked,zhuminghui,
15933-07-0,2-氧代丁酸乙酯,Ethyl 2-oxobutanoate,毕得医药,5 g,5,g,1,50.25,running_out,wangxi,
22532-62-3,4-溴-2-羟基苯甲醛,4-Bromo-2-hydroxybenzaldehyde,毕得,10g,10,g,1,50.25,running_out,huotongyu,
5264-15-3,4-吡啶丁醇,4-(Pyridin-4-yl)butan-1-ol,毕得,1g,1,g,1,49.5,running_out,wanghongye,
459-31-4,3-(4-氟苯基)丙酸, 3-(4-Fluorophenyl)propanoic acid,毕得,10g,10,g,1,49.3,not_stocked,zhuminghui,
308348-93-8,2-氨基嘧啶-5-羧酸甲酯,Methyl 2-aminopyrimidine-5-carboxylate,"	毕得",1g,1,g,1,49.3,not_stocked,xuyue,
5264-15-3,4-吡啶丁醇,4-(Pyridin-4-yl)butan-1-ol,毕得医药,1g,1,g,1,49,not_stocked,wanghongye,
917-54-4,甲基锂, Methyllithium,安耐吉,100ml,100,mL,1,49,not_stocked,zhuminghui,
288067-35-6,4-溴-2-羟基苯腈,4-BROMO-2-HYDROXYBENZONITRILE,毕得,10g,10,g,1,48.8,not_stocked,wangyachong,
54646-75-2,"	(8-溴辛基)苯",(8-Bromooctyl)benzene,"	毕得",1g,1,g,1,48.75,not_stocked,gengshihan,
1998/8/8,三氟甲苯,Benzotrifluoride,泰坦,500mL,500,mL,1,48.6,running_out,chenlei,
947-04-6,ω-月桂精内酰胺,CYCLODODECAnot_stocked ISOOXIME,麦克林,5 g,5,g,1,48,running_out,chengzengrui,
3243-42-3,3-(1-萘)丙酸, 3-(1-Naphthyl)propionic acid,毕得,1g,1,g,1,48,running_out,zhuminghui,
4039-32-1,"	双三甲基硅基胺基锂",LIHMDS,Alfa Aesar,5 g,5,g,1,48,running_out,chengzengrui,
135776-98-6,2-氨基-4'-溴二苯甲酮,2-Amino-4'-bromobenzophenot_stocked,"毕得	",5g,5,g,1,48,not_stocked,chengzengrui,
50450-21-0,溴化二甲基溴化硫,Bromodimethylsulfonium bromide,毕得医药,1g,1,g,1,47.25,not_stocked,wanghongye,
14757-78-9,3-溴呋喃-2-甲醛,3-Bromofuran-2-carbaldehyde,毕得,1g,1,g,1,47.25,not_stocked,sulingyu,
1647-26-3,,2-CYCLOHEXYLETHYL BROMIDE,毕得,5g,5,g,1,47,not_stocked,huotongyu,
73217-11-5,,2-(2-(Bromomethyl)phenyl)acetonitrile,"	毕得",250mg,250,mg,1,46.75,running_out,xuyue,
529-23-7,2-氨基苯甲醛,2-Aminobenzaldehyde,"毕得	",10g,10,g,1,45.75,not_stocked,chengzengrui,
6030-36-0,4-甲基噻酚-2-甲醛,4-Methylthiophene-2-carbaldehyde,毕得,1g,1,g,1,45.05,running_out,sulingyu,
137234-62-9,,,,,,,1,45,not_stocked,admin,
1186-73-8,甲烷三甲酸三甲酯,Trimethyl methanetricarboxylate,毕得,5 g,5,g,1,45,not_stocked,lvbin,
123-91-1,"无水	1,4-二氧六环","1,4-Dioxane",虹湖联合,100mL,100,mL,1,45,not_stocked,xuguofeng,
852445-83-1,"1,3-双(2,6-二-异丙基苯基)亚氨唑-2-金(I)氯","	1,3-Bis(2,6-di-isopropylphenyl)imidazol-2-ylidenegold(I)chloride",乐研,100 mg,100,mg,1,45,running_out,chengzengrui,
4039-32-1,"	双三甲基硅基胺基锂 THF溶液",LIHMDS,J&K,100 mL,100,mL,1,43.5,running_out,chengzengrui,
,玛瑙研钵,,Synthware,50 内径(mm),,,1,43.5,not_stocked,chenlei,
17567-17-8,三(3，5-二甲基吡唑-1-基)硼酸氢钾,Potassium Tris(3，5-dimethylpyrazol-1-yl)borohydride,MACKLIN,1g,1,g,1,43.35,not_stocked,qiuxu,
592-90-5,,,凯国,,,,1,43.2,not_stocked,dairongheng,
110-71-4,"	乙二醇二甲醚 超干","1,2-Dimethoxyethane",迈瑞达,100mL,100,mL,1,42.75,not_stocked,chenlei,
130723-54-5,2-(3-碘苯基)乙腈,2-(3-Iodophenyl)acetonitrile,,1g,1,g,1,42.75,not_stocked,zhangcaifang,
106-45-6,对甲基苯硫酚,p-Toluenethiol,百灵威,25g',,,1,42.4,running_out,wanghongye,
58546-89-7,1-苯并呋喃-5-胺,Benzofuran-5-amine,毕得,250mg,250,mg,1,42.3,not_stocked,zhangcaifang,
39085-59-1,"2,4,6-三异丙基苯磺酰基肼","2,4,6-TRIISOPROPYLBENZENESULFONYL HYDRAZIDE",毕得,5g,5,g,1,42,not_stocked,chengzengrui,
149990-27-2,N-Boc-丁炔-4-胺,tert-Butyl but-3-yn-1-ylcarbamate,毕得,1g,1,g,1,42,running_out,zhangcaifang,
136333-97-6,4-(2-溴乙基)苯甲酸甲酯,methyl 4-(2-bromoethyl)benzoate,毕得,1g,1,g,1,42,not_stocked,huotongyu,
63148-62-9,二甲基硅油,Dimethylsilicone oil,赞城,1 L,1,L,1,42,running_out,xuguofeng,
2396-68-1,4-叔丁基苯硫酚,4-(Tert-butyl)benzenethiol,乐研,10g,10,g,1,41.65,running_out,wangbingding,
16227-12-6,"4-苯基-4H-1,2,4-三唑 ","4-Phenyl-4H-1,2,4-triazole",毕得,100mg,100,mg,1,41.25,not_stocked,zhanghongliang,
124-40-3,二甲胺,Dimethylamine,,,,,1,41.25,running_out,zhuminghui,
4144-64-3,2-(1-苯并三氮唑)乙酸,BENZOTRIAZOL-1-YL-ACETIC ACID,毕得,1g,1,g,1,41,running_out,huotongyu,
120638-55-3,溴芬酸钠水合物,Bromfenac Sodium Sesquihydrate,毕得,1g,1,g,1,41,not_stocked,chengzengrui,
3389-21-7,3-(2-溴乙基)吲哚,3-(2-BROMOETHYL)INDOLE,毕得,1g,1,g,1,41,not_stocked,huotongyu,
2899-29-8,L-色氨醇,,毕得,1g,1,g,1,41,not_stocked,zhaoxinyi,
201162-53-0,"3,8-二氮杂双环[3.2.1]辛烷-3-甲酸叔丁酯","tert-butyl 3,8-diazabicyclo[3.2.1]octane-3-carboxylate",毕得,1g,1,g,1,40.8,not_stocked,admin,20211215
13423-60-4,"1-苯基-1H-1,2,4-三氮唑","1-Phenyl-1H-1,2,4-triazole",毕得,100mg,100,mg,1,40.5,not_stocked,zhanghongliang,
196799-45-8,"2,3-二氢苯并呋喃-7-甲醛","2,3-Dihydrobenzofuran-7-carbaldehyde",乐研,250mg,250,mg,1,40.5,not_stocked,zhangcaifang,
2067-33-6,"5-溴戊酸
",5-Bromopentanoic acid,百灵威,50g,50,g,1,40.5,running_out,zhuminghui,
2104-19-0,壬二酸单甲酯,Monomethyl Azelate,毕得,5g,5,g,1,40.5,not_stocked,zhuminghui,
189005-44-5,"	6-甲基-2-(4-甲基苯基)咪唑并[1,2-a]吡啶-3-乙酸","	6-Methyl-2-(4-methylphenyl)imidazol[1,2-a]pyridine-3-aceticacid",毕得,5g,5,g,1,40.5,not_stocked,zhuminghui,
775304-60-4,,"	Methyl 3-(5-(2-fluorophenyl)-1,2,4-oxadiazol-3-yl)benzoate",毕得,1g,1,g,1,39.1,running_out,gengshihan,
67482-48-8,3-氯噻吩-2-甲醛,3-Chlorothiophene-2-carbaldehyde,毕得,5g,5,g,1,39,not_stocked,sulingyu,
83-44-3,脱氧胆酸,"	Deoxycholic acid",TCI,25g,25,g,1,39,degraded,zhaoxinyi,
23586-53-0,三氟乙酸铊,Thallium(III) trifluoroacetate,阿拉丁,2 g,2,g,1,38.25,not_stocked,chengzengrui,
599-69-9,"N,N-二甲基对甲苯磺酰胺","N,N,4-Trimethylbenzenesulfonamide","毕得	",1g,1,g,1,38.25,not_stocked,wanghongye,
4358-64-9,"1,4-酐-赤藓糖醇","1,4-Anhydroerythritol",麦克林,1g,1,g,1,38,not_stocked,lvbin,
10521-91-2,5-苯基-1-戊醇,5-Phenyl-1-pentanol,凯国科技,1g,1,g,1,38,running_out,dairongheng,
95408-45-0,"二氯[1,1'-双(耳叔丁基膦)二茂铁钯(II)",,毕得,1g,1,g,1,37.5,not_stocked,xuguofeng,
91-60-1,2-萘硫酚,2-Naphthalenethiol,百灵威,5g,5,g,1,37.5,running_out,dairongheng,
13047-06-8,,,,,,,1,37.4,not_stocked,admin,
5570-19-4,2-硝基苯硼酸,"
2-Nitrophenylboronic acid",毕得,20g,20,g,1,37,running_out,wangyachong,
60669-69-4,三氟甲磺酸二丁硼 溶液,Dibutylboryl trifluoromethanesulfonate solution,麦克林,,,,1,36.75,not_stocked,chengzengrui,
72804-96-7,二苯基膦酰羟胺,O-Diphenylphosphinylhydroxylamine,"	毕得医药",20g,20,g,1,36.75,running_out,qiuxu,
9072-19-9,岩藻多糖,Fucoidan,Solarbio索莱宝,100 mg,100,mg,1,36.1,not_stocked,zhangcaifang,
105-36-2,溴乙酸乙酯, ,虹湖联合,500g,500,g,1,36,running_out,xuguofeng,
130365-87-6,4-(三氟甲基)苯乙基溴,2-(4-Trifluoromethylphenyl)ethyl  bromide,毕得,1g,1,g,1,36,not_stocked,huotongyu,
25150-61-2,吡咯盐酸盐,Pyrrolidine Hydrochloride,麦克林,1g,1,g,1,35.25,not_stocked,tanhui,
132813-14-0,"	2-氯-4-(4-氟苯基)-5,6,7,8,9,10-六氢环辛烷并[b]吡啶","	2-Chloro-4-(4-fluorophenyl)-5,6,7,8,9,10-hexahydrocycloocta[b]pyridine","	毕得",250mg,250,mg,1,35.2,running_out,dairongheng,
60748-47-2,三(二亚苄基丙酮)二钯 ,Tris(dibenzylideneacetone)dipalladium,,1g,1,g,1,35.15,running_out,zhangcaifang,
72804-96-7,二苯基膦酰羟胺,O-DIPHENYLPHOSPHINYLHYDROXYLAMINE,毕得,25g,25,g,1,35.1,running_out,wangyachong,
2162-31-4,2-((四氢-2H-吡喃-2-基)氧基)乙醇,"	2-((Tetrahydro-2H-pyran-2-yl)oxy)ethanol",毕得医药,1g,1,g,1,34,not_stocked,gengshihan,
1001067-09-9,"2-(三甲基甲硅烷基)乙基 3-硝基-1H-1,2,4-三唑-1-甲酸酯","2-(Trimethylsilyl)ethyl 3-Nitro-1H-1,2,4-triazole-1-carboxylate",毕得,1g,1,g,1,34,not_stocked,zhaoxinyi,
14425-64-0,4-(2-溴乙基)苯甲醚,4-METHOXYPHENETHYL BROMIDE,毕得,1g,1,g,1,34,not_stocked,huotongyu,
,氯化钴 六水合物,"COBALT(II) CHLORIDE HEXAHYDRATE, REAGEN",,25G,25,g,1,34,not_stocked,zhaobinzhi,
4097-88-5,"N-甲基-2,2'-二氨基二乙胺 ","2,2'-Diamino-N-methyldiethylamine",毕得,5g,5,g,1,33.75,not_stocked,qiuxu,
4436-74-2,"反式-2-丁烯-1,4-二甲酸",Hex-3-enedioic acid,毕得,5g,5,g,1,33.75,not_stocked,zhuminghui,
71-55-6,"1,1,1-三氯乙烷 ",,麦克林,500ml,500,mL,1,33.15,not_stocked,chenlei,
694499-26-8,3-三氟甲基-4-[(4-甲基哌嗪-1-基)甲基]苯胺,4-(4-Methylpiperazinomethyl)-3-(trifluoromethyl)aniline,毕得,5g,5,g,1,33,not_stocked,xuguofeng,
552846-17-0,1-Boc-吡唑-4-硼酸频哪醇酯,1-Boc-pyrazole-4-boronic acid pinacol ester,毕得,25g,25,g,1,33,running_out,huotongyu,
20017-68-9,"	1,1'-(3-溴亚丙基)二苯","	(3-Bromopropane-1,1-diyl)dibenzene","	毕得",1g,1,g,1,33,not_stocked,gengshihan,
,国产球形C18硅胶柱，SW-8222-012-SP,,三泰科技,12g,12,g,1,33,not_stocked,xuguofeng,
72054-56-9,4-(2-溴乙基)苯腈,4-(2-Bromoethyl)benzonitrile,毕得,1g,1,g,1,33,not_stocked,huotongyu,
25187-00-2,,,,,,,1,33,not_stocked,admin,
25187-00-2,(2-碘苯基)(苯基)甲酮,2-IODOBENZOPHEnot_stocked,毕得,1g,1,g,1,33,not_stocked,chengzengrui,
81-23-2,脱氢胆酸,,TCI,25g,25,g,1,32,running_out,zhaoxinyi,
106308-44-5,"	1-(2,6-二氟苄基)-1H-1,2,3-三唑-4-甲酰胺","	1-(2,6-Difluorobenzyl)-1H-1,2,3-triazole-4-carboxamide","
欣恒研",5g,5,g,1,31.5,running_out,dairongheng,
3375-31-3,乙酸钯(II),Palladium (II) Acetate,Sigma-Aldrich,1 g,1,g,1,31.5,running_out,chengzengrui,
1792-81-0,"顺式-1,2-环己二醇","	cis-1,2-Cyclohexanediol",JK,1g,1,g,1,31,running_out,lvbin,
305-03-3,4-[双(2-氯乙基)氨基]苯丁酸, 4-(4-(Bis(2-chloroethyl)amino)phenyl)butanoic acid,毕得,1g,1,g,1,30.75,not_stocked,zhuminghui,
16793-90-1,,1-(2-BROMO-ETHYL)-2-METHYL-BENZENE,毕得,1g,1,g,1,30.75,not_stocked,huotongyu,
1643-29-4,3-(4-碘苯基)丙酸,3-(4-iodophenyl)propanoic acid,迈瑞达,5g,5,g,1,30.75,not_stocked,zhuminghui,
814-68-6,丙烯酰氯(含稳定剂吩噻嗪),,TCI,25g,25,g,1,30.6,not_stocked,zhaoxinyi,
4165-96-2,3-苯基戊二酸,3-Phenylglutaric Acid,迈瑞达,5g,5,g,1,30,not_stocked,zhuminghui,
935-13-7,(2-呋喃)丙酸, 3-(2-Furyl)propanoic acid,希恩斯,5g,5,g,1,30,not_stocked,zhuminghui,
26171-23-3,1-甲基-5-对甲苯基吡咯-2-乙酸 ,1-Methyl-5-p-toluoylpyrrole-2-acetic acid,毕得,5g,5,g,1,30,not_stocked,zhuminghui,
53293-00-8,5-己炔酸,5-Hexynoic acid,毕得,5g,5,g,1,30,not_stocked,zhuminghui,
4783-65-7,1-苄基-2-哌啶酮, 1-BENZYL-2-PIPERIDONE,源叶,1g,1,g,1,30,not_stocked,zhuminghui,
81290-20-2,三氟甲基三甲基硅烷,Trimethyl(trifluoromethyl)silane,毕得,100g,100,g,1,29.75,running_out,admin,
29901-85-7,"3-庚烯酸	
","	3-Heptenoic Acid",tci,"	5ML",5,mL,1,29.6,not_stocked,zhuminghui,
,脂多糖,Lipopolysaccharides(LPS) ,Solarbio索莱宝,10 mg,10,mg,1,29.25,not_stocked,zhangcaifang,
7298-67-1,2-羟基-5-乙酰氨基苯乙酮,N1-(3-ACETYL-4-HYDROXYPHENYL)ACETAMIDE,毕得医药,25g,25,g,1,29,running_out,xuguofeng,
201733-56-4,"	联硼酸新戊二醇酯",Bis(neopentyl glycolato)diboron,百灵威,100g,100,g,1,29,running_out,admin,
128071-75-0,2-溴-3-吡啶甲醛 ,2-Bromonicotinaldehyde,毕得,25g,25,g,1,28.05,running_out,douxiaodong,
3375-31-3,醋酸钯,Palladium(II) acetate,毕得,1g,1,g,1,28,running_out,mengjunhong,
27976-27-8,"	6-溴己基苯","	(6-Bromohexyl)benzene","	毕得",1g,1,g,1,27.75,running_out,gengshihan,
4286-55-9,,,毕得,,,,1,27.75,running_out,dairongheng,
2146-61-4,3-甲氧基苯乙基溴,3-METHOXYPHENETHYL BROMIDE,毕得,1g,1,g,1,27.75,not_stocked,huotongyu,
128-13-2,熊去氧胆酸,Ursodeoxycholic acid,百灵威,5g,5,g,1,27.75,not_stocked,zhaoxinyi,
42152-44-3,三氟甲磺酸亚铜,Trifluoromethylsulfonyloxy) copper(I),毕得,5 g,5,g,1,27,not_stocked,chenlei,
15103-48-7,吡啶-2-磺酸,Pyridine-2-sulfonic acid,毕得,5g,5,g,1,27,not_stocked,lichao,
120737-78-2,N-1-Boc-2-甲基哌嗪,1-Boc-2-Methylpiperazine,凯国科技,10g,10,g,1,27,not_stocked,huotongyu,
20017-67-8,,,毕得,5g,5,g,1,27,running_out,dairongheng,
26478-16-0,2-(2-溴乙基)噻吩,"2,2-(Bromoethyl)thiophene",毕得,2g,2,g,1,27,not_stocked,huotongyu,
1643-29-4,3-(4-碘苯基)丙酸,3-(4-Iodophenyl)propanoic acid,毕得,5g,5,g,1,27,not_stocked,zhuminghui,
10472-97-6,,,毕得,1g,1,g,1,27,not_stocked,dairongheng,
935-30-8,2-氮杂环壬酮,2-Azacyclononanot_stocked,"	毕得",5g,5,g,1,27,not_stocked,zhuminghui,
869494-16-6,"6-(叔丁氧羰基)-3,6-二氮杂双环[3.1.1]庚烷","3,6-Diazabicyclo[3.1.1]heptane-6-carboxylic acid tert-butyl ester",毕得,5g,5,g,1,27,not_stocked,admin,20211215
,10%钯碳(55%的水),Palladium on activated carbon(10%)(wetted with ca. 55% Water),毕得,10g,10,g,1,27,running_out,zhaoxinyi,
673-66-5,1-氮杂环辛-2-酮,,"	毕得",25g,25,g,1,27,not_stocked,zhuminghui,
7440/5/3,10%钯碳(55%的水),Palladium on activated carbon(10%)(wetted with ca. 55% Water),毕得,10g,10,g,1,27,running_out,wangxi,
14221-01-3,四三苯基膦钯,Tetrakis(triphenylphosphine)palladium,毕得,5g,5,g,1,27,running_out,xuguofeng,
2777-65-3,10-十一碳一炔酸 ,Undec-10-ynoic acid,希恩斯,5g,5,g,1,27,not_stocked,zhuminghui,
16793-89-8,2-硝基苯乙基溴,1-(2-BROMOETHYL)-2-NITROBENZENE,毕得,1g,1,g,1,27,not_stocked,huotongyu,
924-49-2,4-氨基-3-羟基丁酸,4-Amino-3-hydroxybutyric Acid,TCI,5g,5,g,1,27,not_stocked,zhangziyao,
10343-06-3,"2R,3R,4S,5R)-2-(乙酰氧基甲基)-6-羟基四氢-2H-吡喃-3,4,5-三乙酸三酯 ","(2R,3R,4S,5R)-2-(Acetoxymethyl)-6-hydroxytetrahydro-2H-pyran-3,4,5-triyltriacetate
",毕得,5g,5,g,1,27,not_stocked,zhuminghui,
36449-75-9,2-甲氧基苯基乙基溴,2-METHOXYPHENETHYL BROMIDE,毕得,1g,1,g,1,27,not_stocked,huotongyu,
,国产球形C18硅胶柱,,渊仁信,,,,1,26.4,not_stocked,lichao,
24445-35-0,5-甲硫基噻吩-2-甲醛,5-(Methylthio)thiophene-2-carbaldehyde,百灵威,1g,1,g,1,26.4,not_stocked,sulingyu,
103260-65-7,4-甲氧基吲哚-2-羧酸,4-Methoxy-1H-indole-2-carboxylic acid,毕得医药,5g,5,g,1,26.35,not_stocked,xuguofeng,
78269-85-9,"1-[2-(三甲基甲硅烷基)乙氧基羰氧基]吡咯烷-2,5-二酮","2,5-Dioxopyrrolidin-1-yl (2-(trimethylsilyl)ethyl) carbonate",毕得,10g,10,g,1,26.25,running_out,zhaoxinyi,
,高密度聚乙烯,"Polyethylene Ultra-high molecular weight, average Mw 3,000,000-6,000,000",Sigma-Aldrich,250g,250,g,1,26.1,not_stocked,zhaobinzhi,
1997-80-4,1-(2-溴甲基)-3-(三氟甲基)苯,#NAME?,欣恒研,1g,1,g,1,26,not_stocked,huotongyu,
,低密度聚乙烯,Polyethylene,,250g,250,g,1,25.5,not_stocked,zhaobinzhi,
2430-16-2,6-苯基-1-己醇,6-Phenylhexanol,麦克林,1g,1,g,1,24.65,not_stocked,dairongheng,
87941-55-7,4-溴-1-三苯甲基-1H-咪唑,4-BROMO-1-TRITYL-1H-IMIDAZOLE,奇松生物,1g,1,g,1,24.65,not_stocked,huotongyu,
9003-07-0,聚丙烯,"Polypropylene Isotactic, average Mw ~12,000, average Mn ~5,000",Sigma-Aldrich,250g,250,g,1,24.65,not_stocked,zhaobinzhi,
434-13-9,石胆酸,"	LITHOCHOLIC ACID",毕得医药,25g,25,g,1,24.2,running_out,zhuminghui,
16799-04-5,3-硝基苯乙基溴,1-(2-Bromoethyl)-3-nitrobenzene,sigma aldrich,1g,1,g,1,24,not_stocked,huotongyu,
905808-02-8,3-氟-2-碘苯甲醛,3-FLUORO-2-IODOBENZALDEHYDE,"毕得	",1g,1,g,1,23.25,not_stocked,zhangcaifang,
79326-96-8,"	3-硝基苯磺酸一水合物","	3-Nitrobenzenesulfonicacidhydrate	",毕得,5g,5,g,1,23,running_out,gengshihan,
920-66-1,"	1,1,1,3,3,3-六氟丙-2-醇","1,1,1,3,3,3-Hexafluoropropan-2-ol",毕得,1000g,1000,g,1,22.75,running_out,dairongheng,
134523-03-8,阿托伐他汀钙,Atorvastatin Calcium,罗恩,10g,10,g,1,22.5,high_usage,douxiaodong,
39753-54-3,2-丁炔酰氯,,毕得,,,,1,22.5,not_stocked,zhaoxinyi,
23761-24-2,3-溴环丁烷酮,"
3-BroMocyclobutanot_stocked",毕得,1g,1,g,1,22.5,not_stocked,wangchen,
2041-15-8,"1,3,5-环己三醇(顺反异构体混合物)",,aladdin/阿拉丁,5g,5,g,1,22.5,not_stocked,zhaobinzhi,
18523-48-3,,,TCI,,,,1,22.5,not_stocked,zhaoxinyi,
25109-86-8,2-(2-溴乙基)苯甲酸甲酯,2-(2-BroMoethyl)benzoic acid Methyl ester,macklin,1g,1,g,1,22.5,not_stocked,huotongyu,
151937-09-6,3-(4-(甲氧基羰基)苯基)丙酸 ,4-(2-Carboxyethyl)benzoic Acid Methyl Ester,毕得,5g,5,g,1,22.5,not_stocked,zhuminghui,
16799-08-9,3-甲基苯基乙基溴,3-methylphenethyl bromide,阿拉丁,5g,5,g,1,22.5,not_stocked,huotongyu,
14781-45-4,双(六氟乙基丙酮)化铜(II)水合物,Copper(II)Hexafluoroacetylacetonate,TCI,5G,5,g,1,22.5,running_out,zhaobinzhi,
528-29-0,,"1,2-Dinitrobenzene",百灵威,5g,5,g,1,22.5,running_out,qiuxu,
,国产球形C18硅胶柱,,渊仁信,,,,1,22.5,not_stocked,lichao,
19745-72-3,4-羟基-Α-氨基苯乙酮盐酸盐,4-hydroxy-alpha-aminoacetophenot_stocked,华威锐科,25g,25,g,1,22.5,not_stocked,huotongyu,
42196-31-6,三氟乙酸钯,Palladium(II) Trifluoroacetate,Sigma-Aldrich,1g,1,g,1,22.5,not_stocked,mengjunhong,
39065-95-7,4 - (氯二氟甲氧基)苯胺,,毕得,5g,5,g,1,22.5,running_out,xuguofeng,
1643-29-4,3-(4-碘苯基)丙酸, 3-(4-Iodophenyl)propanoic acid,毕得,10g,10,g,1,22.5,running_out,zhuminghui,
130723-54-5,2-(3-碘苯基)乙腈,2-(3-Iodophenyl)acetonitrile,,5g,5,g,1,22.5,running_out,zhangcaifang,
98-47-5,,3-NITROBENZENESULFONIC ACID,TCI,5g,5,g,1,22.5,running_out,lichao,
54231-35-5,,,,,,,1,22.5,not_stocked,admin,
54231-35-5,,,,,,,1,22.5,not_stocked,admin,
567-19-1,"3-氯-1,2-苯并异噻唑-1,1-二氧化物 ","3-Chlorobenzoisothiazole 1,1-Dioxide","毕得	",2g,2,g,1,22.5,not_stocked,zhuminghui,
102879-51-6,2-吡啶丁酸,4-(Pyridin-2-yl)butanoic acid,毕得,5g,5,g,1,22.5,not_stocked,zhuminghui,
14221-01-3,四(三苯基膦)钯,Tetrakis(triphenylphosphine)palladium,jk,5g,5,g,1,22.5,running_out,huotongyu,
14221-01-3,四(三苯基膦)钯(0),Tetrakis(triphenylphosphine)palladium(0),百灵威,5g,5,g,1,22.5,running_out,sulingyu,
1865-09-4,1H-苯并咪唑-2-羧酸乙酯;1H-苯并[D]咪唑-2-羧酸乙酯,1H-BENZOIMIDAZOLE-2-CARBOXYLIC ACID ETHYL ESTER,,5g,5,g,1,22.5,not_stocked,admin,
,反相硅胶C-18,,源叶,100g,100,g,1,22.5,not_stocked,chenlili,
541502-07-2,"(S)-2,2'-双(双(3,5-二叔丁基-4-甲氧基苯基)膦基)-1,1'-联萘","(S)-2,2'-Bis(bis(3,5-di-tert-butyl-4-methoxyphenyl)phosphino)-1,1'-binaphthalene
货号BD01380922",小辣椒,100ng,,,1,22.5,not_stocked,lvbin,
111324-04-0,磷腈碱P4-t-Bu 溶液,Phosphazene base P4-t-Bu,迈瑞达,1ml,1,mL,1,22.5,not_stocked,lichao,
3375-31-3,醋酸钯,Palladium(II) acetate,Sigma-Aldrich,1g,1,g,1,22.5,not_stocked,mengjunhong,
14221-01-3,四三苯基膦钯,Tetrakis(triphenylphosphine)palladium(0),Sigma-Aldrich,5g,5,g,1,22.5,not_stocked,mengjunhong,
149990-27-2,N-BOC-3-丁炔-1-胺,tert-Butyl but-3-yn-1-ylcarbamate,毕得,5g,5,g,1,22.5,not_stocked,xuguofeng,
12354-85-7,"	二氯(五甲基环戊二烯基)合铑(III)二聚体",Bis[(pentamethylcyclopentadienyl)dichloro-rhodium],TCI,200 mg,200,mg,1,22.5,not_stocked,chengzengrui,
850449-93-3,2-(-氨基-2-甲基苯基)乙酸甲酯,"	Methyl2-(5-amino-2-methylphenyl)acetate","毕得	",1g,1,g,1,22.5,not_stocked,zhangziyao,
25702-80-1,聚氯乙烯,"Poly(vinyl chloride), carboxylated, aver. M.W.220000, aver. carboxyl content 1.8 wt%",Acros,100g,100,g,1,22.5,not_stocked,zhaobinzhi,
68378-96-1,亚硝酸钠-<<15>>N ,Sodium nitrite -<<15>>N,伊诺凯,1g,1,g,1,22.5,not_stocked,zhuminghui,
87941-55-7,4-溴-1-三苯甲基-1H-咪唑,"	4-BROMO-1-TRITYL-1H-IMIDAZOLE",奇松生物,5g,5,g,1,22.5,not_stocked,huotongyu,
135139-00-3,"(S)-2,2'-双[二(3,5-二甲基苯基膦)]-1,1'-联萘","(S)-2,2'-Bis(bis(3,5-dimethylphenyl)phosphino)-1,1'-binaphthalene",毕得,5g,5,g,1,22.5,running_out,lvbin,
135139-00-3,"(S)-联萘(3,5-二甲苯基)膦","	(S)-(-)-XylBINAP",,5g,5,g,1,22.5,running_out,lvbin,
,国产球形C18硅胶柱，SW-8222-004-SP,,三泰科技,4g,4,g,1,22.5,not_stocked,xuguofeng,
1634-04-4,甲基叔丁基醚,tert-Butyl methyl ether,通广,500 mL,500,mL,1,22.5,running_out,xuguofeng,
781-73-7,2-乙酰芴,2-Acetylfluorene,"
毕得医药","
5g",5,g,1,22.5,running_out,tanhui,
1975/5/8,乙腈 ,Acetonitrile,通过,2500 mL,2500,mL,1,22.5,not_stocked,xuguofeng,
67-63-0,异丙醇,Isopropyl alcohol,通广,500mL,500,mL,1,22.5,running_out,xuguofeng,
123-86-4,乙酸丁酯,Butyl acetate,Greagent,500 mL X 10,500,ml,10,22.5,running_out,zhaobinzhi,
75-65-0,叔丁醇,tert-butyl alcohol,通广,500mL,500,mL,1,22.5,running_out,xuguofeng,
16870-28-3,2-羟基-4-碘苯甲酸,2-HYDROXY-4-IODOBENZOIC ACID,毕得,113.25,,,1,22.5,not_stocked,xuguofeng,
,棕色塑料试剂瓶/避光样品瓶-30mL,,"	纳纯（上海）生物科技有限公司",30 mL,30,mL,1,22.5,not_stocked,xuguofeng,
78-93-3,甲基乙基酮,methyl ethyl ketone,通广,500mL,500,mL,1,22.5,not_stocked,xuguofeng,
91053-39-3,硅藻土,Kieselguhr,通广,250g,250,g,1,22,not_stocked,xuguofeng,
82998-57-0,3-碘-4-甲基苯甲酸,3-Iodo-4-methylbenzoic acid,毕得,1g,1,g,1,22,not_stocked,xuguofeng,
2622-14-2,三环己基膦,,3A,1g,1,g,1,22,running_out,xuguofeng,
1975/5/8,乙腈，HPLC级,Acetonitrile HPLC,通广精细,4L,4,L,1,22,running_out,xuguofeng,
2622-14-2,三环己基膦,,安耐吉,1g,1,g,1,22,not_stocked,xuguofeng,
2232/12/4,"1,3-二碘-5,5-二甲基乙内酰脲","1,3-Diiodo-5,5-dimethylhydantoin",毕得,1g,1,g,1,22,running_out,chenlei,
571-57-3,4-溴萘酚 ,4-Bromonaphthalen-1-ol,"毕得	",1,,,1,22,not_stocked,chenlei,
,磨口塑料夹,,欣维尔,24/40,,,1,21.75,not_stocked,zhangziyao,
7480-35-5,1-氨基-2-茚醇(顺式对映体),1-AMINO-2-HYDROXYINDANE,九鼎,91.8,,,1,18.75,not_stocked,chengzengrui,
,塑料洗瓶,,赛谱锐思,500ml,500,mL,1,18.75,not_stocked,zhangziyao,
703-59-3,高酞酸酐 ,Homophthalic anhydride,欣恒研,1 g,1,g,1,18,running_out,tanhui,
534-17-8,碳酸铯,Cesium carbonate,Amethyst,25G,25,g,1,18,running_out,tanhui,
67-56-1,甲醇,,通广精细,AR500mL,,,1,18,running_out,zhaoxinyi,
,陶素生化订购的第一批类似物共35个,,陶素生化,3-5 mg,,,1,17,not_stocked,xuyue,
13679-75-9,1-(2-噻吩基)-1-丙酮,1-(2-Thienyl)-1-propanot_stocked,百灵威,5g,5,g,1,16,running_out,tanhui,
15124-09-1,无水硫酸钠,SODIUM SULFATE,通广,500 g,500,g,1,14,running_out,xuguofeng,
1336-21-6,氨水,,通广,500mL,500,mL,1,13.2,running_out,xuguofeng,
771-61-9,五氟苯酚,"Pentafluorophenol,",Amethyst,5 g,5,g,1,9.5,running_out,tanhui,
7440-50-8,活性铜粉,,,,,,1,,not_stocked,zhanghongliang,
7440-50-8,四甲基胍 (TMG),,,,,,1,,not_stocked,zhanghongliang,
1122-41-4,"	2,4-二氯苯硫酚","2,4-Dichlorobenzenethiol",毕得,1g,1,g,1,,running_out,wangbingding,
7250-55-7,3-羟基戊二酸二甲酯,Dimethyl3-hydroxypentanedioate,"毕得	",5G,5,g,1,,not_stocked,zhaobinzhi,
,研钵,,爱特蒙,50mm(申玻),,,1,,not_stocked,chenlei,
,,,,,,,1,,not_stocked,admin,
104-15-4,对甲苯磺酸 ,p-Toluenesulfonic acid,伊诺凯,25g,25,g,1,132,running_out,zhuminghui,
51285-26-8,2-脒基吡啶盐酸盐,Pyridine-2-carboximidamide hydrochloride,毕得,5g,5,g,1,89.25,not_stocked,lichao,
21324-39-0,六氟磷酸钠,"	Sodium hexafluorophosphate",ACMEC,25 g,25,g,1,127.8,not_stocked,chenlei,
14283-07-9,四氟硼酸锂,Lithium tetrafluoroborate,毕得,25 g,25,g,1,78.75,running_out,chenlei,
142-71-2,无水醋酸铜, Cupric acetate anhydrous,"	Amethyst",25g,25,g,1,45.9,running_out,chenlei,
13826-83-0,四氟硼酸铵,Ammonium tetrafluoroborate,毕得,25 g,25,g,1,22.5,running_out,chenlei,
1975/5/8,乙腈,Acetonitrile,通广,500 mL * 4,500,ml,4,132,running_out,zhangcaifang,
148546-99-0,3-(4-甲基哌嗪-1-基)苯胺,3-(4-Methylpiperazin-1-yl)aniline,毕得,1 g,1,g,1,44.25,running_out,zhangcaifang,
109-66-0,,,通广,500ml,500,mL,1,16,not_found,zhangziyao,
153-94-6,D-色氨酸,,毕得,5g,5,g,1,22,not_stocked,zhaoxinyi,
7524-52-9,L-色氨酸甲酯盐酸盐,Methyl L-tryptophanate hydrochloride,毕得,1g,1,g,1,18,not_stocked,zhaoxinyi,
58438-03-2,L-3-(2-萘基)-丙氨酸,3-(2-Naphthyl)-L-alanine,毕得,1g,1,g,1,74,running_out,zhaoxinyi,
64090-98-8,3-(3-吡啶基)-L-丙氨酸,L-3-Pyridylalanine,毕得,1g,1,g,1,254,not_stocked,zhaoxinyi,
868-59-7,L-半胱氨酸乙酯,L-Cysteine ethyl ester hydrochloride,毕得,5g,5,g,1,22,not_stocked,zhaoxinyi,
445-27-2,2'-氟苯乙酮,2'-Fluoroacetophenot_stocked,毕得 ,100g,100,g,1,81,running_out,huotongyu,
623-51-8,巯基乙酸乙酯,ETHYL THIOGLYCOLATE,jk,100g,100,g,1,245,running_out,huotongyu,
93777-26-5,5-溴-2-氟苯甲醛,5-Bromo-2-fluorobenzaldehyde,毕得,100g,100,g,1,130,running_out,huotongyu,
110-54-3,正己烷,,通广,2500ml,2500,mL,1,70,running_out,zhangziyao,
10210-68-1,八羰基二钴,,百灵威,25G,25,g,1,1399.95,running_out,zhangziyao,
92-67-1,4-氨基联苯,"	4-Aminobiphenyl",Amethyst,5 g,5,g,1,85,running_out,chenlei,
67-56-1,"甲醇, HPLC",MeOH,通广,2500mL X 4,2500,ml,4,50,not_stocked,xuguofeng,
547-75-1,猪胆酸,HYOCHOLIC ACID,麦克林,5g,5,g,1,113,running_out,zhaoxinyi,
83-49-8,猪去氧胆酸,,欣恒研,5g,5,g,1,27,running_out,zhaoxinyi,
122-59-8,苯氧乙酸,2-Phenoxyacetic acid,毕得,100g,100,g,1,34.5,not_found,mengjunhong,
6440-58-0,"1,3-二羟甲基-5,5-二甲基海因","1,3-bis(hydroxymethyl)-5,5-dimethylimidazolidine-2,4-dione",安耐吉,5g,5,g,1,111.6,not_stocked,zhanghongliang,
459789-99-2,奥贝胆酸,,阿拉丁,1g,1,g,1,345,not_stocked,zhaoxinyi,
631-22-1,二溴丙二酸二乙酯,DIETHYL DIBROMOMALONATE,毕得,5g,5,g,1,75,not_stocked,lichao,
46181-30-0,2-苯基-6-甲基吡啶,"	2-METHYL-6-PHENYLPYRIDINE",毕得,1g,1,g,1,628.5,not_stocked,lichao,
57486-69-8,2-(2-溴苯基)乙酸甲酯,METHYL 2-(2-BROMOPHENYL)ACETATE,毕得,10g,10,g,1,107.25,not_stocked,chengzengrui,
38227-87-1,四甲基哌啶锂,LITHIUM TETRAMETHYLPIPERIDIDE,罗恩,1g,1,g,1,126.96,running_out,chengzengrui,
83-46-5,顺式-3-己烯-1-醇,Leaf alcohol,百灵威,5ml,5,mL,1,34,not_stocked,wangchen,
112-90-3,,Oleylamine,百灵威,25ml,25,mL,1,45,not_stocked,wangchen,
928-95-0,反式-2-己烯-1-醇,trans-2-Hexen-1-ol,百灵威,25ml,25,mL,1,182.75,not_stocked,wangchen,
488-10-8,顺式-茉莉酮,Jasmone,百灵威,5g,5,g,1,129,not_stocked,wangchen,
111-66-0,,1-OCTENE,百灵威,100ml,100,mL,1,64,not_stocked,wangchen,
145-13-1,孕烯醇酮,Pregnenolone,百灵威,5g,5,g,1,150,not_stocked,wangchen,
514-10-3,,ABIETIC ACID,百灵威,25g,25,g,1,218,not_stocked,wangchen,
7087-68-5,"N,N-二异丙基乙胺",,虹湖联合,100mL,100,mL,1,42.5,running_out,xuguofeng,
39065-95-7,4-(氯二氟甲氧基)苯胺,4-(Chlorodifluoromethoxy)aniline,毕得,1g,1,g,1,140.25,running_out,xuguofeng,
144-55-8,碳酸氢钠,Sodium bicarbonate,毕得,1000g,1000,g,1,42,running_out,xuguofeng,
1643-26-1,3-(2-氟苯基)丙酸,,毕得,1g,1,g,1,33,not_stocked,xuguofeng,
458-45-7,3-(3氟苯基)丙酸,,毕得,1g,1,g,1,39,not_stocked,xuguofeng,
459-31-4,3-(4-氟苯基)丙酸,,毕得,1g,1,g,1,27,not_stocked,xuguofeng,
1643-28-3,3-(2-氯苯基)丙酸,,毕得,1g,1,g,1,33,not_stocked,xuguofeng,
55144-92-8,"3-(2,4-二氯苯基)丙酸",,毕得,1g,1,g,1,87,not_stocked,xuguofeng,
2019-34-3,3-(4-氯苯基)丙酸,,毕得,1g,1,g,1,22.5,not_stocked,xuguofeng,
21640-48-2,3-(3-氯苯基)丙酸,,毕得,1g,1,g,1,27,not_stocked,xuguofeng,
6342-77-4,3-(2-甲氧基苯基）丙酸,,毕得,1g,1,g,1,32.25,not_stocked,xuguofeng,
1929-29-9,3-(4-甲氧基苯基)丙酸,,毕得,5g,5,g,1,22.5,not_found,xuguofeng,
2107-70-2,"3,4-二甲氧基苯丙酸",,毕得,5g,5,g,1,22.5,not_stocked,xuguofeng,
10516-71-9,3-(3-甲氧基苯基)丙酸,,毕得,1g,1,g,1,42.75,running_out,xuguofeng,
92-67-1,4-氨基联苯,"	4-Aminobiphenyl",阿拉丁,25 g,25,g,1,238.85,running_out,chenlei,
100-01-6,4-硝基苯胺,"	4-Nitroaniline",Amethyst,25 g,25,g,1,46.75,running_out,chenlei,
154970-45-3,,"
tert-Butyl 5-norbornene-2-carboxylate",百灵威,5g,5,g,1,56,not_stocked,wangchen,
7529-22-8,4-甲基吗啉-4-氧化物,4-Methylmorpholine 4-oxide,欣恒研,25 g,25,g,1,41.8,running_out,zhangziyao,
12148-71-9,"
甲氧基(环辛二烯)合铱二聚体","	Bis(1,5-cyclooctadiene)dimethoxydiiridium	",毕得,250mg,250,mg,1,267.75,running_out,gengshihan,
12354-84-6,二氯(五甲基环戊二烯基)合铱(III)二聚体,Dichloro(pentamethylcyclopentadienyl)iridium(III) dimer,毕得,250mg,250,mg,1,336,running_out,gengshihan,
636-82-8,,1-Cyclohexene-1-carboxylic acid,毕得,5g,5,g,1,343.5,running_out,admin,
,纳米氧化铜,,伊诺凯,5g,5,g,1,416,not_stocked,wangchen,
928-92-7,"
(E)-4-己烯-1-醇","
(E)-4-Hexen-1-ol",百灵威,1g,1,g,1,213,not_stocked,wangchen,
358-23-6,三氟甲磺酸酐, Trifluoromethanesulfonic anhydride,毕得,25g x 2,25,g,2,42,running_out,zhuminghui,
14075-53-7,氟硼酸钾 ,Potassium tetrafluoroborate,毕得,25,,,1,22.5,not_stocked,chenlei,
113118-83-5,5-甲氧基-吡啶-3-甲醛,5-Methoxynicotinaldehyde,毕得,1g,1,g,1,61.5,not_stocked,zhangcaifang,
21339-55-9,1-甲基-L-色氨酸,,毕得,1g,1,g,1,145,not_stocked,zhaoxinyi,
18448-47-0,,Methyl 1-cyclohexene-1-carboxylate,毕得,10g,10,g,1,411,running_out,wangchen,
82113-65-3,双三氟甲烷磺酰亚胺,TRIFLUOROMETHANESULFONIMIDE,毕得,5g,5,g,1,37.5,running_out,lichao,
98-88-4,苯甲酰氯,Benzoyl chloride,百灵威J&K,100ml,100,mL,1,84.2,degraded,lvbin,
23687-25-4,4-氨基异喹啉,,毕得,2g,2,g,1,159,not_stocked,wangyachong,
766-39-2,"
2,3-二甲基马来酸酐",,毕得,25g,25,g,1,58.5,running_out,wangyachong,
462-08-8,,3-Aminopyridine,百灵威,25g,25,g,1,59.5,degraded,wangyachong,
4363-93-3,"
4-喹啉甲醛",4-Quinolinecarboxaldehyde,欣恒研,1g,1,g,1,58,not_stocked,wangyachong,
17452-27-6,,"
3-PYRIDYL ISOTHIOCYANATE",毕得,2g,2,g,1,175.5,not_stocked,wangyachong,
5339-85-5,,,毕得,10g,10,g,1,54.75,running_out,wanghongye,
599-69-9,"N,N-二甲基对甲苯磺酰胺","N,N,4-Trimethylbenzenesulfonamide",毕得,1g,1,g,1,231,running_out,wanghongye,
14075-53-7,氟硼酸钾,Potassium tetrafluoroborate,毕得,100 g,100,g,1,68.85,running_out,chenlei,
73602-61-6,三乙胺三氢氟酸盐,Triethylamine trihydrofluoride,Amethyst,25 g,25,g,1,51,running_out,chenlei,
4648-54-8,叠氮基三甲基硅烷,"	TMSN3",Aladdin,100mL,100,mL,1,381.65,not_stocked,chengzengrui,
1885-29-6,2-氨基苯甲腈,2-Aminobenzonitrile,毕得,25g,25,g,1,66.75,running_out,chengzengrui,
26830-96-6,4-甲基-2-氨基苯甲腈,2-Amino-4-methylbenzonitrile,"	毕得医药",5g,5,g,1,111,running_out,chengzengrui,
583-55-1,,,,25 g,25,g,1,38,not_stocked,admin,
,"2,2,3,3,3-五氟-1-丙醇","2,2,3,3,3-Pentafluoro-1-propanol",毕得,25g,25,g,1,117,running_out,dairongheng,
2968-93-6,2-(4-(三氟甲基)苯基)乙醇,2-(4-(Trifluoromethyl)phenyl)ethanol,毕得,1g,1,g,1,198,running_out,dairongheng,
526-55-6,3-(2-羟乙基)吲哚,3-Indoleethanol,毕得,5g,5,g,1,111,not_stocked,dairongheng,
20880-92-6,,,毕得,10g,10,g,1,41,not_stocked,dairongheng,
83067-20-3,5-(叔丁基二甲基硅杂氧基)-1-戊醇,5-((tert-Butyldimethylsilyl)oxy)pentan-1-ol,毕得,1g,1,g,1,195,not_stocked,dairongheng,
2162-31-4,2-((四氢-2H-吡喃-2-基)氧基)乙醇,2-((Tetrahydro-2H-pyran-2-yl)oxy)ethanol,毕得,1g,1,g,1,198,not_stocked,dairongheng,
83345-11-3,N-(4-(2-羟乙基)苯基)乙酰胺,N-(4-(2-Hydroxyethyl)phenyl)acetamide,毕得,1g,1,g,1,313,running_out,dairongheng,
104060-23-3,N-Boc-2-(4-氨基苯基)乙醇,N-Boc-2-(4-Aminophenyl)ethanol,毕得,1g,1,g,1,121,running_out,dairongheng,
118-48-9,靛红酸酐,Isatoic Anhydride,欣恒研,25g,25,g,1,46.55,running_out,chengzengrui,
6638-79-5,二甲羟胺盐酸盐,"N,O-Dimethylhydroxylamine hydrochloride",毕得,25g,25,g,1,22.5,running_out,chengzengrui,
3800/6/4,2-氨基-4'-氟二苯甲酮,2-Amino-4'-fluorobenzophenot_stocked,毕得,,,,1,,not_stocked,chengzengrui,
7783-99-5,亚硝酸银,,乐研,10g,10,g,1,153,running_out,dairongheng,
61072-56-8,"
2-氟-4-氯苯甲醛","
4-Chloro-2-fluorobenzaldehyde",毕得,25g,25,g,1,99,not_stocked,xuguofeng,
135242-93-2,"
(1-甲基-1H-1,2,4-三唑-3-基)甲醇","(1-Methyl-1H-[1,2,4]triazol-3-yl)methanol",毕得,5g,5,g,1,1042.5,not_stocked,xuguofeng,
1609-86-5,叔丁基异氰酸酯,"
tert-Butyl isocyanate",虹湖联合,25mL,25,mL,1,87.55,not_stocked,xuguofeng,
1071-37-0,乙基异硫脲氢溴酸盐,Ethyl carbamimidothioate hydrobromide,毕得,5g,5,g,1,138,not_stocked,xuguofeng,
931-49-7,1-乙炔基-环己烷,1-ETHYNYLCYCLOHEXENE,毕得,5g,5,g,1,129,degraded,wangchen,
321-38-0,1-氟萘,"	1-Fluoronaphthalene",毕得,25g,25,g,1,29.25,not_stocked,chenlei,
196799-45-8,"2,3-二氢苯并呋喃-7-甲醛","2,3-Dihydrobenzofuran-7-carbaldehyde",乐研,250 mg,250,mg,1,220,running_out,zhangcaifang,
113118-81-3,5-溴吡啶-3-甲醛,5-Bromonicotinaldehyde,毕得,10 g,10,g,1,172.5,not_stocked,zhangcaifang,
72716-87-1,2-甲氧基吡啶-4-醛,2-Methoxyisonicotinaldehyde,毕得,1 g,1,g,1,153,not_stocked,zhangcaifang,
1150617-54-1,"6-溴-1H-吡唑并[4,3-B]吡啶","6-Bromo-1H-pyrazolo[4,3-b]pyridine",毕得,1g,1,g,1,186,not_stocked,xuguofeng,
356560-80-0,"6-溴-[1,2,4]三唑并[1,5-A]吡啶","6-Bromo-[1,2,4]triazolo[1,5-a]pyridine",毕得,1g,1,g,1,93.75,not_stocked,xuguofeng,
175463-32-8,1-Boc-3-氰基-4-吡咯烷酮,tert-Butyl 3-cyano-4-oxopyrrolidine-1-carboxylate,毕得,5g,5,g,1,39,not_stocked,xuguofeng,
1073-62-7,苄基肼单盐酸盐,BenzylhydrazineMonohydrochloride,虹湖联合,5g,5,g,1,130.5,not_stocked,xuguofeng,
558-42-9,1-氯-2-甲基-2-丙醇,"	1-Chloro-2-methyl-2-propanol",毕得,5g,5,g,1,22.5,not_stocked,xuguofeng,
2075-46-9,4-硝基吡唑,4-Nitro-1H-pyrazole,毕得,10g,10,g,1,30,not_stocked,xuguofeng,
4248-19-5,氨基甲酸叔丁酯,氨基甲酸叔丁酯,毕得,25g,25,g,1,33,not_found,xuguofeng,
115652-52-3,1-氨基环丙甲醇 盐酸盐,(1-Aminocyclopropyl)methanol hydrochloride,毕得,1g,1,g,1,81,not_stocked,xuguofeng,
20781-20-8,"2,4-二甲氧基苯甲胺","2,4-Dimethoxyphenyl)methanamine",毕得,10g,10,g,1,41.25,not_stocked,xuguofeng,
5952-92-1,1-甲基-4-吡唑甲酸,1-Methyl-1H-pyrazole-4-carboxylic acid,毕得,250mg,250,mg,1,22.5,not_stocked,xuguofeng,
29241-62-1,5-溴-6-氯烟酸,5-Bromo-6-chloronicotinic acid,毕得,5g,5,g,1,93,running_out,xuguofeng,
143-66-8,四苯硼钠,Sodium tetraphenylborate,毕得,25g,25,g,1,54,not_found,lvbin,
3597-91-9,4-联苯甲醇,"[1,1'-Biphenyl]-4-ylmethanol",毕得,25g,25,g,1,45,not_found,lvbin,
1592-38-7,2-萘甲醇,2-Naphthalenemethanol,毕得,10g,10,g,1,72,not_stocked,lvbin,
4780-79-4,1-萘甲醇,Naphthalen-1-ylmethanol,毕得,10g,10,g,1,48,not_stocked,lvbin,
,"氯化氢, 30%乙醇溶液","Hydrogen chloride, 30% solution in ethanol, in resealable bottle",伊诺凯,100 mL,100,mL,1,98.1,not_stocked,chengzengrui,
498-66-8,,,百灵威,25G,25,g,1,57.8,running_out,zhangziyao,
12650-69-0,"莫匹罗星
",Mupirocin,毕得,5g,5,g,1,219,not_stocked,zhuminghui,
24280-93-1,"	霉酚酸","Mycophenolic acid
",毕得,10g,10,g,1,75,running_out,zhuminghui,
64169-67-1,"5-氰基-1-(4-氟苯基)-1,3-二氢化-异苯并呋喃","1-(4-Fluorophenyl)-1,3-dihydro isobenzofuran-5-carbonitile
",毕得,1g,1,g,1,167,not_stocked,zhuminghui,
2680/3/7,"
	N,N-二甲基丙烯酰胺","N,N-Dimethylacrylamide",毕得,25g,25,g,1,22,not_stocked,zhuminghui,
98-59-9,对甲苯磺酰氯,,百灵威,100g,100,g,1,57,not_found,zhaoxinyi,
1109-15-5,"	三(五氟苯基)硼烷","	Tris(perfluorophenyl)borane",毕得,1g,1,g,1,75,running_out,gengshihan,
89151-44-0,N-Boc-4-哌啶乙醇,N-Boc-4-Piperidineethanol,毕得,5g,5,g,1,78,running_out,dairongheng,
63478-76-2,6-庚炔醇,6-Heptyn-1-ol,毕得,5g,5,g,1,123,not_stocked,dairongheng,
5754-34-7,"4-(2-羟基乙基)-2,2-二甲基-1,3-二氧戊环","2-(2,2-Dimethyl-1,3-dioxolan-4-yl)ethanol",毕得,1g,1,g,1,99,not_stocked,dairongheng,
69395-13-7,4-(2-羟基乙基)苯甲腈,4-(2-Hydroxyethyl)benzonitrile,毕得,1g,1,g,1,143,not_stocked,dairongheng,
,5-羟基戊醛,5-Hydroxypentanal,毕得,1g,1,g,1,200,not_stocked,dairongheng,
13224-84-5,5-(三甲基硅烷基)-4-戊炔-1-醇,5-(Trimethylsilyl)pent-4-yn-1-ol,毕得,1g,1,g,1,108,not_stocked,dairongheng,
429-41-4,四丁基氟化铵,Tetrabutylammonium fluoride,毕得,10g,10,g,1,30.08,not_stocked,wanghongye,
4928-88-5,"1,2,4-三氮唑-3-羧酸甲酯",,毕得,25g,25,g,1,39.75,not_stocked,xuguofeng,
157911-56-3,"2,4,5-三氟溴苄","2,4,5-Trifluorobenzyl bromide",毕得,25g,25,g,1,344.25,not_stocked,xuguofeng,
2181-42-2,三甲基碘化锍,"
TRIMETHYLSULFONIUM IODIDE",毕得,10g,10,g,1,34.5,not_stocked,lichao,
105-53-3,,"
Diethyl malonate",,,,,1,22.5,not_stocked,admin,
30273-47-3,4-溴-5-氯-2-甲基苯胺,4-Bromo-5-chloro-2-methylaniline,毕得,25 g,25,g,1,175.5,not_stocked,zhangcaifang,
1260382-77-1,5-溴-6-氯吲唑,5-Bromo-6-chloro-1H-indazole,毕得,1 g,1,g,1,642,not_stocked,zhangcaifang,
118289-17-1,2-溴吡啶-4-甲醛,2-Bromopyridine-4-carboxaldehyde,毕得,10 g,10,g,1,284.25,not_stocked,zhangcaifang,
108-80-5,"1,3,5-三嗪-2,4,6-三酮","1,3,5-Triazinane-2,4,6-trione",毕得,25 g,25,g,1,22.5,not_stocked,zhangcaifang,
64-17-5,75%乙醇,ethanol,通广,5 L * 3,5,l,3,,not_stocked,zhangcaifang,
56962-04-0,3-溴-5-氯苯酚,3-Bromo-5-chlorophenol,毕得,5 g,5,g,1,108.75,running_out,zhangcaifang,
54582-35-3,N-(4-甲氧基苄基)脲,1-(4-Methoxybenzyl)urea,毕得,10 g,10,g,1,290.25,not_stocked,zhangcaifang,
7681-11-0,"	碘化钾","	Potassium iodide",毕得,100g,100,g,1,55.5,running_out,gengshihan,
766-98-3,4-氟苯乙炔,4-Fluorophenylacetylene,迈瑞达,5 g,5,g,1,112.8,running_out,zhangziyao,
622-76-4,1-苯基-1-丁炔,1-Phenyl-1-butyne,迈瑞达,5 g,5,g,1,196,running_out,zhangziyao,
1000343-69-0,6-溴-5-甲基-1H-吲唑,,虹湖联合,250mg,250,mg,1,188.6,not_stocked,xuguofeng,
1001907-60-3,(1-甲基-1H-吲唑-4-基)硼酸,(1-Methyl-1H-indazol-4-yl)boronic acid,虹湖联合,1g,1,g,1,474.72,not_stocked,xuguofeng,
875781-17-2,"5-溴吡唑并[3,4-b]吡啶","5-Bromopyrazolo[3,4-b]pyridine",虹湖联合,5g,5,g,1,193.5,not_stocked,xuguofeng,
2799-21-5,(R)-3-吡咯烷醇,(R)-3-Hydroxypyrrolidine,毕得,10g,10,g,1,115.5,running_out,xuguofeng,
148893-10-1,"2-(7-偶氮苯并三氮唑)-N,N,N',N'-四甲基脲六氟磷酸酯",HATU,乐研,25g,25,g,1,93,running_out,xuguofeng,
547-75-1,猪胆酸,HYOCHOLIC ACID,罗恩,5g,5,g,1,95,not_stocked,zhaoxinyi,
91-59-8,2-萘胺,2-Aminonaphthalene,泰坦,5g,5,g,1,40,running_out,chenlei,
134-32-7,"
1-萘胺",1-Naphthylamine,"	阿拉丁",25g,25,g,1,25.5,running_out,chenlei,
479-27-6,"	1,8-二氨基萘","	1,8-Diaminonaphthalene",毕得,25g,25,g,1,40.5,not_stocked,chenlei,
619-17-0,2-氨基-4-硝基苯甲酸,4-Nitroanthranilic acid,毕得,10g,10,g,1,33,not_stocked,chengzengrui,
4294-95-5,2-氨基-4-甲氧基苯甲酸,2-AMINO-4-METHOXY-BENZOIC ACID,毕得,5g,5,g,1,70.5,not_stocked,chengzengrui,
402-13-1,2-氨基-4-三氟甲基苯甲酸,2-AMINO-4-(TRIFLUOROMETHYL)BENZOIC ACID,毕得,5g,5,g,1,75,not_stocked,chengzengrui,
22037-28-1,3-溴呋喃,3-Bromofuran,欣恒研,1g,1,g,1,37.05,not_stocked,chengzengrui,
584-12-3,2-溴呋喃,"	2-Bromofuran",九鼎,1g,1,g,1,77.35,not_stocked,chengzengrui,
402-43-7,4-溴三氟甲苯,4-Bromobenzotrifluoride,欣恒研,10g,10,g,1,27.55,running_out,chengzengrui,
4076-50-0,(2-氨基-4-氯苯基)(苯基)甲酮,2-AMINO-4'-CHLOROBENZOPHEnot_stocked,毕得医药,1g,1,g,1,144,not_stocked,chengzengrui,
362-46-9,2-氨基-5-氟二苯甲酮,5-fluoro-2-aMinobenzophenot_stocked,源叶,1g,1,g,1,176.4,not_stocked,chengzengrui,
39859-36-4,2-苯甲酰-4-溴苯胺,2-Benzoyl-4-bromoaniline,欣恒研,1g,1,g,1,78.85,not_stocked,chengzengrui,
73482-96-9,辛酸铑,Rhodium(II)octanoatedimer,欣恒研,100mg,100,mg,1,634.6,not_stocked,chengzengrui,
2675-79-8,"1-溴-3,4,5-三甲氧基苯","1-Bromo-3,4,5-trimethoxybenzene",欣恒研,5g,5,g,1,119.7,not_stocked,chengzengrui,
5959-52-4,3-氨基-2-萘甲酸,3-Amino-2-naphthoic acid,毕得,5g,5,g,1,346.5,running_out,chengzengrui,
702-23-8,对甲氧基苯乙醇,"	4-METHOXYPHENETHYL ALCOHOL",毕得,5g,5,g,1,33,not_stocked,lvbin,
1875-88-3,4-氯苯乙醇,2-(4-Chlorophenyl)ethanol,毕得,5g,5,g,1,23,running_out,lvbin,
174913-12-3,3-溴-5-氯苯甲醚,1-Bromo-3-chloro-5-methoxybenzene,毕得,5g,5,g,1,124.5,not_stocked,zhangcaifang,
885270-32-6,1-溴甲基-3-氯-5-甲氧基苯,1-(Bromomethyl)-3-chloro-5-methoxybenzene,毕得,250 mg,250,mg,1,210,not_stocked,zhangcaifang,
1999/10/5,3，5-二羟基苯甲酸,"3,5-Dihydroxybenzoic acid",毕得,25g,25,g,1,22.5,not_stocked,mengjunhong,
611-32-5,8-甲基喹啉,"	8-Methylquinoline",泰坦,25g,25,g,1,32,running_out,lichao,
530-62-1,"N,N'-羰基二咪唑",,毕得,100g,100,g,1,48.75,running_out,xuguofeng,
4039-32-1,双三甲基硅基胺基锂,,虹湖联合,100ml,100,mL,1,143.1,running_out,xuguofeng,
67-56-1,甲醇，HPLC,MeOH,通广,2500mL,2500,mL,1,50,running_out,xuguofeng,
109-99-9,四氢呋喃，超干,THF,百灵威,500mL,500,mL,1,66,running_out,xuguofeng,
123-86-4,乙酸丁酯,n-Butyl acetate,通广,500mL*10,500,ml,10,130,running_out,zhaobinzhi,
872-50-4,1-甲基-2-吡咯烷酮,1-Methyl-2-pyrrolidinot_stocked,毕得,100g,100,g,1,22.5,not_stocked,gengshihan,
474-25-9,鹅去氧胆酸,,百灵威,5g,5,g,1,120,running_out,zhaoxinyi,
6674-22-2,"1,8-二氮杂双环[5.4.0]十一碳-7-烯","1,8-Diazabicyclo[5.4.0]undec-7-ene",毕得,100g,100,g,1,27,running_out,xuguofeng,
1634-04-4,甲基叔丁基醚,Methyl tert-butyl ether,通广,500mL,500,mL,1,12,running_out,xuguofeng,
67-63-0,异丙醇,Isopropyl alcohol,通广,500mL,500,mL,1,14,running_out,xuguofeng,
1693-74-9,氘代四氢呋喃,TETRAHYDROFURAN-D8,"
CIL",10g,10,g,1,2015,not_stocked,zhaobinzhi,
34193-38-9,氘代正丁醇-d10,n-Butanol-d10,百灵威J&K,5mL,5,mL,1,1705,not_stocked,zhaobinzhi,
1186-52-3,氘代乙酸-d4,Acetic acid-d4,百灵威J&K,10mL,10,mL,1,638,not_stocked,zhaobinzhi,
1071-37-0,乙基异硫脲氢溴酸盐,"	S-ETHYLISOTHIOUREA HYDROBROMIDE",毕得,25g,25,g,1,341.25,running_out,xuguofeng,
362-46-9,(2-氨基-5-氟苯基)(苯基)甲酮,5-fluoro-2-aMinobenzophenot_stocked,毕得,1 g,1,g,1,136.3,running_out,chengzengrui,
344-80-9,2-氨基-5-硝基-2-氟二苯甲酮,"	2-Amino-2'-fluoro-5-nitrobenzophenot_stocked",毕得,5g,5,g,1,68.25,not_stocked,chengzengrui,
2894-51-1,2-氨基-4'-氯二苯甲酮,2-Amino-4'-chlorobenzophenot_stocked,毕得,5g,5,g,1,83.25,not_stocked,chengzengrui,
677-22-5,叔丁基氯化镁,TERT-BUTYLMAGNESIUM CHLORIDE,阿拉丁,100ml,100,mL,1,45.9,not_stocked,chengzengrui,
104-95-0,1-溴-4-(甲硫基)苯,4-Bromothioanisole,毕得,10g,10,g,1,55.5,not_stocked,chengzengrui,
586-61-8,4-溴异丙苯,"	4-Bromocumene",毕得,5g,5,g,1,96,not_stocked,chengzengrui,
21324-40-3,六氟磷酸锂 ,Lithium hexafluorophosphate,毕得,5g,5,g,1,22.5,running_out,chenlei,
244761-29-3,二草酸硼酸锂,Lithium bis(oxalate)borate,凯国,5g,5,g,1,32.3,not_stocked,chenlei,
420-37-1,三甲基氧鎓四氟硼酸, Trimethyloxonium tetrafluoroborate,华威锐科,10g,10,g,1,94.35,running_out,wangxi,
16774-21-3,硝酸铈铵,,伊诺凯,500g,500,g,1,89,running_out,zhaoxinyi,
7789-38-0,"	溴酸钠",,百灵威,25g,25,g,1,56,not_stocked,zhaoxinyi,
80522-42-5,三异丙基硅基三氟甲磺酸酯 ,Triisopropylsilyl trifluoromethanesulfonate,安耐吉,5g,5,g,1,27,running_out,chenlei,
10025-64-6,高氯酸锂,ZINC PERCHLORATE,耦合,25g,25,g,1,106.54,not_stocked,chenlei,
,4-羟基-Α-氨基苯乙酮盐酸盐,4-hydroxy-alpha-aminoacetophenot_stocked,admas,25g,25,g,1,624,not_stocked,huotongyu,
54458-61-6,"2,3,4,5-四甲基-2-环戊烯酮",,百灵威,5g,5,g,1,70.55,not_stocked,zhangziyao,
142-29-0,环戊烯,Cyclopentene,虹湖联合,25ml,25,mL,1,24.65,not_stocked,zhangziyao,
930-69-8,苯硫酚钠,"	SODIUM THIOPHENOXIDE",毕得,5g,5,g,1,77.25,running_out,lichao,
1493-13-6,三氟甲磺酸,Trifluoromethanesulfonic acid,JK,25g,25,g,1,124,running_out,lvbin,
4946-14-9,对异丙基苯硫酚,,MACKLIN,1g,1,g,1,110.6,running_out,wanghongye,
547-75-1,猪胆酸,HYOCHOLIC ACID,罗恩,5g,5,g,1,95,not_stocked,zhaoxinyi,
4651-67-6,3α-羟基-7-氧代-5β-胆烷酸,,TCI,5g,5,g,1,276,not_stocked,zhaoxinyi,
993-07-7,,Trimethylsilane,伊诺凯,25g,25,g,1,118.15,not_stocked,zhangziyao,
118684-32-5,3-(溴甲基)苯基氨基甲酸叔丁酯,TERT-BUTYL 3-(BROMOMETHYL)PHENYLCARBAMATE,accela,1g,1,g,1,138,not_stocked,huotongyu,
446-48-0,2-氟溴苄,2-Fluorobenzyl bromide,jk,25g,25,g,1,35,running_out,huotongyu,
3958-57-4,3-硝基溴苄,3-Nitrobenzyl bromide,毕得,5g,5,g,1,33,running_out,huotongyu,
402-49-3,,4-(TRIFLUOROMETHYL)BENZYL BROMIDE,毕得,1g,1,g,1,22,not_stocked,huotongyu,
100-11-8,4-硝基苄溴,4-nitrobenzyl bromide,jk,5g,5,g,1,69,running_out,huotongyu,
239074-27-2,4-(溴甲基)苯基氨基甲酸叔丁酯,TERT-BUTYL 4-(BROMOMETHYL)PHENYLCARBAMATE,毕得,1g,1,g,1,397,not_stocked,huotongyu,
2417-72-3,4-溴甲基苯甲酸甲酯,,毕得,5g,5,g,1,23,not_stocked,huotongyu,
456-41-7,3-氟溴苄,3-Fluorobenzyl bromide,毕得,10g,10,g,1,31,running_out,huotongyu,
459-46-1,4-氟溴苄,4-Fluorobenzyl bromide,毕得,5g,5,g,1,23,not_stocked,huotongyu,
104-81-4,1-(溴甲基)-4-甲基苯,4-Methylbenzyl bromide,毕得,1g,1,g,1,23,running_out,huotongyu,
12135-22-7,"	氢氧化钯炭(20%)",,毕得,1g,1,g,1,124,not_stocked,zhaoxinyi,
2236129-81-8,"Benzenesulfonic acid, 2-(trifluoromethyl)-, 2-(2,2,2-trifluoroethylidene)hydrazide","Benzenesulfonic acid, 2-(trifluoromethyl)-, 2-(2,2,2-trifluoroethylidene)hydrazide",百灵威,1g,1,g,1,633,not_stocked,lichao,
358-23-6,三氟甲磺酸酐,Trifluoromethanesulfonic anhydride,毕得,25g,25,g,1,41,running_out,lichao,
142-04-1,"	苯胺盐酸盐","	Aniline hydrochloride",安耐吉,25g,25,g,1,27,not_stocked,gengshihan,
865-47-4,叔丁醇钾,Potassium tert-butoxide,毕得,100g,100,g,1,33,running_out,xuguofeng,
787618-22-8,"2-二环己基磷-2',6'-二异丙氧基-1,1'-联苯","2-DICYCLOHEXYLPHOSPHINO-2',6'-DIISOPROPOXYBIPHENYL",毕得,1g,1,g,1,27,not_stocked,xuguofeng,
60748-47-2,三(二亚苄- BASE丙酮)二钯,Tris(dibenzylideneacetone)dipalladium,毕得,1g,1,g,1,296.25,running_out,xuguofeng,
1071-37-0,S-乙基异硫脲氢溴酸盐,S-ETHYLISOTHIOUREA HYDROBROMIDE,毕得,25g,25,g,1,341.25,running_out,xuguofeng,
,二氧化硒,Selenium dioxide,百灵威,25g,25,g,1,69.7,degraded,lichao,
13400-13-0,氟化铯,Cesium fluoride,MACKLIN,25g,25,g,1,79.79,running_out,wanghongye,
81290-20-2,三氟甲基三甲基硅烷,Trimethyl(trifluoromethyl)silane,毕得,100g,100,g,1,318.75,running_out,wanghongye,
3741-38-6,亚硫酸亚乙酯,Ethylene Sulfite,毕得,100g,100,g,1,147.75,running_out,wanghongye,
,氯化钴 六水合物,"COBALT(II) CHLORIDE HEXAHYDRATE, REAGEN",,25G,25,g,1,37,not_stocked,zhaobinzhi,
5339-85-5,"
2-氨基苯乙醇","
2-Aminophenethanol",毕得,10g,10,g,1,54,not_stocked,dairongheng,
3375-31-3,醋酸钯,Palladium(II) acetate,毕得,1g,1,g,1,476.25,not_stocked,mengjunhong,
358-23-6,三氟甲磺酸酐,Trifluoromethanesulfonic anhydride,百灵威,25G,25,g,1,84.15,running_out,zhangziyao,
37595-74-7,N-苯基双(三氟甲基磺酰)亚胺,N-Phenyl bis(trifluoromethanesulfon)imide,百灵威,5G,5,g,1,65.45,not_stocked,zhangziyao,
830-13-7,环十二酮,Cyclododecanot_stocked,艾普希隆,5g,5,g,1,41.4,not_stocked,zhangziyao,
1634-04-4,甲基叔丁基醚,Methyl tert-butyl ether,通广,500mL,500,mL,1,12,running_out,wangxi,
100-65-2,苯基羟胺,N-Phenylhydroxylamine,毕得,1g,1,g,1,126,running_out,lvbin,
367-11-3,"1,2-二氟苯","1,2-Difluorobenzene",毕得,5g,5,g,1,27,not_stocked,lvbin,
1609-86-5,叔丁基异氰酸酯,tert-Butylisocyanate,虹湖联合,25mL,25,mL,1,87.55,running_out,xuguofeng,
29241-62-1,5-溴-6-氯烟酸,5-Bromo-6-chloronicotinic acid,毕得,5g,5,g,1,93,running_out,xuguofeng,
67-68-5,二甲基亚砜,,通广,500mL,500,mL,1,42,running_out,xuguofeng,
,"N,N-二甲基甲酰胺",,通广,500mL,500,mL,1,18,running_out,xuguofeng,
64-19-7,醋酸,,通广,500mL,500,mL,1,16,running_out,xuguofeng,
78385-26-9,3-溴甲基-3-甲基-1-氧杂环丁烷,3-BROMOMETHYL-3-METHYLOXETANE,毕得,1g,1,g,1,84,not_stocked,xuguofeng,
26272-85-5,3-碘氧杂环丁烷,3-iodooxetane,毕得,1g,1,g,1,22.5,not_stocked,xuguofeng,
198348-89-9,5-硝基吡唑-3-羧酸,5-Nitro-3-pyrazolecarboxylic acid,毕得,5g,5,g,1,146.25,not_stocked,xuguofeng,
142253-56-3,3-羟甲基氮杂环丁烷-1-羧酸叔丁酯,1-Boc-azetidine-3-ylmethanol,毕得,1g,1,g,1,22.5,not_stocked,xuguofeng,
474-25-9,鹅去氧胆酸,,百灵威,5g,5,g,1,120,running_out,zhaoxinyi,
88284-48-4,"	2-(三甲基甲硅烷基)苯基三氟甲磺酸酯","	2-(Trimethylsilyl)phenyl trifluoromethanesulfonate",百灵威,10,,,1,385,running_out,zhuminghui,
1628-89-3,"2-甲氧基吡啶
","2-Methoxypyridine
",百灵威,25g,25,g,1,137,running_out,zhuminghui,
372-48-5,"	2-氟吡啶","	2-Fluoropyridine
",百灵威,25g,25,g,1,208,running_out,zhuminghui,
5029-67-4,"	2-碘吡啶","	2-Iodopyridine
",毕得,25g,25,g,1,249,running_out,zhuminghui,
,"	2-溴吡啶
","2-Bromopyridine
",百灵威,25g,25,g,1,85,running_out,zhuminghui,
,2-氯吡啶,"	2-Chloropyridine",百灵威,26g,26,g,1,160,running_out,zhuminghui,
6213-94-1,"	乙烯氧基三甲基硅烷","VINYLOXYTRIMETHYLSILANE
",毕得,5g,5,g,1,400,not_stocked,zhuminghui,
148893-10-1,"2-(7-偶氮苯并三氮唑)-N,N,N',N'-四甲基脲六氟磷酸酯",HATU,jk,100g,100,g,1,618,running_out,huotongyu,
260-94-6,吖啶,Acridine,安耐吉,1g,1,g,1,52.2,running_out,chenlei,
2802-68-8,三氟化硼甲醇络合物,Boron trifluoride methyl alcohol complex,ACMEC,100ml,100,mL,1,124.2,not_stocked,chenlei,
373-61-5,三氟化硼乙酸络合物,Boron trifluoride acetic acid complex,阿拉丁,50ml,50,mL,1,52.7,not_stocked,chenlei,
462-34-0,三氟化硼四氢呋喃络合物,"Boron trifluoride tetrahydrofuran complex, 50% BF3",J&K,25g,25,g,1,51,not_stocked,chenlei,
10294-34-5,三氯化硼 ,Boron trichloride,"	Amethyst",25ml,25,mL,1,49.3,running_out,chenlei,
353-42-4,三氟化硼二甲醚,Boron trifluoride methyl etherate,阿拉丁,50g,50,g,1,114.75,not_stocked,chenlei,
7778-77-0,磷酸二氢钾,Monopotassiumphosphate,毕得,500g,500,g,1,30,not_stocked,mengjunhong,
2398-37-0,间溴苯甲醚,3-Bromoanisole,毕得,10g,10,g,1,18.75,not_stocked,chengzengrui,
1983/1/2,二苯氨基甲酰氯,Diphenylcarbamyl chloride,毕得,5g,5,g,1,22.5,not_stocked,chengzengrui,
86-00-0,2-硝基联苯,2-Nitrobiphenyl,阿拉丁,5g,5,g,1,118.15,not_stocked,chengzengrui,
10025-87-3,三氯氧磷(V),Phosphorus oxychloride,安耐吉,100g,100,g,1,147.6,running_out,chengzengrui,
,双苯磺酸甲烷,BIS(PHENYLSULFONYL)METHANE,毕得,10g,10,g,1,289.9,running_out,lichao,
2328/12/3,,,毕得,10g,10,g,1,58.5,not_stocked,wangchen,
824-40-8,吡啶-2-羧酸N-氧化物,PICOLINIC ACID N-OXIDE,毕得,5g,5,g,1,222,running_out,lichao,
638-45-9,"	碘己烷","	1-Iodohexane",毕得,25g,25,g,1,48.75,running_out,gengshihan,
104-15-4,对甲苯磺酸 ,p-Toluenesulfonic acid,罗恩,25g,25,g,1,111,running_out,zhaoxinyi,
198348-89-9,5-硝基吡唑-3-羧酸,5-Nitro-3-pyrazolecarboxylic acid,虹湖联合,5g,5,g,1,167.4,not_stocked,xuguofeng,
13939-69-0,,,毕得,,,,1,66,running_out,sulingyu,
1192-63-8,,,毕得,1g,1,g,1,62.25,not_stocked,sulingyu,
39539-66-7,,,安耐吉,5g,5,g,1,182.7,not_stocked,sulingyu,
1988/10/8,,,毕得,,,,1,46.5,not_stocked,sulingyu,
42518-98-9,,,毕得,,,,1,22.5,not_stocked,sulingyu,
25084-14-4,,,迈瑞达,,,,1,230.45,not_stocked,sulingyu,
26726-16-9,,,毕得,,,,1,174.75,not_stocked,sulingyu,
2719-27-9,,,迈瑞达,,,,1,13.75,running_out,sulingyu,
4023-34-1,,,毕得,,,,1,21.75,not_stocked,sulingyu,
5006-22-4,,,毕得,,,,1,22.5,not_stocked,sulingyu,
4300-97-4,,,艾普希隆,,,,1,20.3,not_stocked,sulingyu,
27894-50-4,(S)-2-氨基-6-(((苄氧基)羰基)氨基)己酸甲酯盐酸盐,H-Lys(Z)-OMe.HCl,毕得,5g,5,g,1,100,not_stocked,zhaoxinyi,
7389-87-9,L-组氨酸甲酯二盐酸盐,L-Histidine Methyl Ester Dihydrochloride,毕得,5g,5,g,1,21,not_stocked,zhaoxinyi,
26340-89-6,L-精氨酸甲酯二盐酸盐,L-Arginine Methyl Ester Dihydrochloride,毕得,5g,5,g,1,25,not_stocked,zhaoxinyi,
6384/8/3,L-谷氨酸 1-甲酯,1-Methyl L-Glutamate,毕得,1g,1,g,1,68,not_stocked,zhaoxinyi,
5140/3/4,,,毕得,1g,1,g,1,493,not_stocked,dairongheng,
24991-55-7,,,毕得,25g,25,g,1,22,not_stocked,dairongheng,
1493-13-6,,,百灵威,10g,10,g,1,130,running_out,dairongheng,
611-17-6,2-氯苄溴,1-(Bromomethyl)-2-chlorobenzene,毕得,,,,1,74.25,running_out,sulingyu,
619-25-0,3-硝基苯甲醇,3-Nitrobenzyl alcohol,毕得,5g,5,g,1,30,not_stocked,lvbin,
75-69-4,"	一氟三氯甲烷",Trichlorofluoromethane,迈瑞达,50g,50,g,1,60.8,not_stocked,lichao,
353-54-8,三溴氟甲烷,"	FLUOROTRIBROMOMETHANE",乐妍,10g,10,g,1,450,not_stocked,lichao,
1868-53-7,"	二溴氟甲烷",Dibromofluoromethane,西默科技,5g,5,g,1,298,not_stocked,lichao,
2628280-40-8,帕罗韦德,PF07321332,虹湖联合,50mg,50,mg,1,269.1,not_stocked,xuguofeng,
1416992-39-6,GC376,GC376,虹湖联合,5mg,5,mg,1,360,not_stocked,xuguofeng,
619-73-8,4-硝基苄醇,4-Nitrobenzyl alcohol,JK,25g,25,g,1,55,running_out,lvbin,
122-04-3,对硝基苯甲酰氯,4-Nitrobenzoyl chloride,虹湖联合,25g,25,g,1,31,not_found,lvbin,
555-16-8,对硝基苯甲醛,"	4-Nitrobenzaldehyde",毕得,5g,5,g,1,15,not_found,lvbin,
16816-67-4,"	D-N,N’-[二硫代双[2,1-乙烯亚氨基(3-氧代-3,1-丙烯基)]]双(2,4-二羟基-3,3-二甲基丁酰胺)","	(2R)-N-[3-[2-[2-[3-[[(2R)-2,4-Dihydroxy-3,3-dimethylbutanoyl]amino]propanoylamino]ethyldisulfanyl]ethylamino]-3-oxopropyl]-2,4-dihydroxy-3,3-dimethylbutanamide",毕得,10g,10,g,1,477,not_stocked,zhuminghui,
6674-22-2,DBU,"1,8-Diazabicyclo[5.4.0]undec-7-ene",毕得,100 g,100,g,1,27,running_out,wangxi,
7084/11/9,1-(3-二甲氨基丙基)-3-乙基碳二亚胺盐酸盐,3-(3-DIMETHYLAMINOPROPYL)-1-ETHYLCARBODIIMIDE HYDROCHLORIDE,希恩思,100g,100,g,1,111,running_out,zhaoxinyi,
6066-82-6,N-羟基琥珀酰亚胺,N-Hydroxysuccinimide,百灵威,25g,25,g,1,91,running_out,zhaoxinyi,
496-15-1,二氢吲哚,Indoline,毕得,25g,25,g,1,22.5,running_out,chengzengrui,
6330-25-2,2-氰基-N-甲基乙酰胺,2-CYANO-N-METHYL-ACETAMIDE,毕得,5g,5,g,1,114,not_stocked,chengzengrui,
107-91-5,氰乙酰胺,2-Cyanoacetamide,毕得,25g,25,g,1,15,not_stocked,chengzengrui,
26391-06-0,,"N,N-Diethylcyanoacetamide",毕得,10g,10,g,1,33,not_stocked,chengzengrui,
25084-14-4,,,,,,,1,279.2,running_out,sulingyu,
39539-66-7,,,,,,,1,182.7,running_out,sulingyu,
628-41-1,1，4-环己二烯,1，4-Cyclohexadiene,伊诺凯,5 ml,5,mL,1,274.5,not_stocked,wanghongye,
98-91-9,硫代苯甲酸 ,Thiobenzoic Acid,百灵威,25g,25,g,1,168,not_stocked,zhuminghui,
885270-32-6,,,,,,,1,210,running_out,admin,
14221-01-3,四三苯基膦钯,Tetrakis(triphenylphosphine)palladium,毕得,5g,5,g,1,510.75,running_out,xuguofeng,
530-62-1,"N,N'-羰基二咪唑",,毕得,100g,100,g,1,48,running_out,wangxi,
1609-86-5,叔丁基异氰酸酯,tert-Butylisocyanate,上海泰坦 ,25mL,25,mL,1,84,running_out,wangxi,
1071-37-0,乙基异硫脲氢溴酸盐,"	S-ETHYLISOTHIOUREA HYDROBROMIDE",毕得,25g,25,g,1,341.25,running_out,wangxi,
903550-26-5,1-(2-四氢吡喃基)-1H-吡唑-5-硼酸频哪酯,1-(Tetrahydropyran-2-yl)-1H-pyrazole-5-boronic acid pinacol ester,毕得,10g,10,g,1,51.75,running_out,xuguofeng,
1975/3/6,碘乙烷,,安耐吉,100g,100,g,1,98.1,not_stocked,sulingyu,
619-73-8,4-硝基苄醇,4-Nitrobenzyl alcohol,毕得,100g,100,g,1,53,reorder,lvbin,
58-85-5,生物素,D-Biotin,毕得,5g,5,g,1,80.25,running_out,mengjunhong,
1977/6/5,赤霉素,Gibberellin,毕得,5g,5,g,1,160.74,not_stocked,mengjunhong,
53716-49-7,卡洛芬,Carprofen,毕得,1g,1,g,1,75.2,not_stocked,mengjunhong,
41340-25-4,依托度酸,"	Etodolac",安耐吉,1g,1,g,1,74.7,running_out,mengjunhong,
22839-47-0,阿斯巴甜,:Aspartame,毕得,25g,25,g,1,33,not_stocked,mengjunhong,
592-90-5,,HEXAMETHYLENE OXIDE,毕得,1g,1,g,1,102,running_out,dairongheng,
10450-60-9,高碘酸,PERIODIC ACID,阿拉丁,1g,1,g,1,30,running_out,dairongheng,
91-60-1,,"
2-Naphthalenethiol",百灵威,5g,5,g,1,243,running_out,dairongheng,
74-88-4,碘甲烷,Iodomethane,通广,25g,25,g,1,65,running_out,wangxi,
112-58-3,正已醚,Hexyl Ether,"	罗恩",5ml,5,mL,1,87.63,not_stocked,gengshihan,
542-16-5,硫酸苯胺,"	Aniline sulfate",阿拉丁,100g,100,g,1,175.1,not_stocked,gengshihan,
17508-17-7,"2,4-二硝基苯基羟胺","O-(2,4-dinitrophenyl)hydroxylamine",毕得,10g,10,g,1,101,running_out,lichao,
,六乙基亚磷酰胺,TRIS(DIETHYLAMINO)PHOSPHINE,毕得,25g,25,g,1,147,not_found,lichao,
1271-66-5,双环戊二烯基二甲基钛,Petasis Reagent,虹湖联合,25g,25,g,1,981,not_found,lichao,
821-41-0,5-己烯-1-醇,5-Hexen-1-ol,Amethyst,5ml,5,mL,1,97.75,not_stocked,wanghongye,
15121-84-3,2-硝基苯乙醇,2-Nitrophenethyl alcohol,百灵威J&K,1g,1,g,1,158.1,not_stocked,wanghongye,
15570-12-4,3-甲氧基-1-巯基苯,3-Methoxybenzenethiol,毕得医药,5g,5,g,1,229.5,not_stocked,wanghongye,
142-04-1,苯胺盐酸盐,Aniline Hydrochloride,迈瑞达,25G,25,g,1,20.9,not_stocked,chenlei,
63231-67-4,变色硅胶 ,allochroic silicagel,通广,500g,500,g,1,18,not_stocked,chenlei,
,干燥器,,"	北京化玻站",350 mm,,,1,421.08,not_stocked,chenlei,
34946-82-2,三氟甲磺酸铜,Copper(II) trifluoromethanesulfonate,毕得,25g,25,g,1,73.5,running_out,chenlei,
3375-31-3,醋酸钯,Palladium(II) acetate,毕得,1g,1,g,1,476.25,running_out,chengzengrui,
96-47-9,2-甲基四氢呋喃,2-Methyltetrahydrofuran,通广,500mL,500,mL,1,177,running_out,chengzengrui,
1762-34-1,"5,5'-二甲基-2,2'-联吡啶","5,5'-DIMETHYL-2,2'-DIPYRIDYL",毕得,5g,5,g,1,95.25,not_stocked,chengzengrui,
61618-27-7,2-(2-氨基-3-苯甲酰苯基)乙酸钠水合物,Fenazox,毕得,5g,5,g,1,282,not_stocked,chengzengrui,
2011-66-7,2-氨基-5-硝基-2'-氯二苯甲酮,,毕得,5g,5,g,1,41.25,not_stocked,chengzengrui,
4229-44-1,N-甲基羟胺盐酸盐,N-Methylhydroxylamine hydrochloride,毕得,25g,25,g,1,239.25,not_stocked,chengzengrui,
6683-46-1,"1,1,4,4-四甲基-1,2,3,4-四氢萘",,毕得,5g,5,g,1,476.25,not_stocked,chengzengrui,
508-02-1,齐墩果酸,,毕得,5g,5,g,1,22,not_stocked,zhaoxinyi,
77-52-1,熊果酸,,毕得,1g,1,g,1,30,not_stocked,zhaoxinyi,
693-13-0,"N,N'-二异丙基碳二亚胺",,安耐吉,5 G,5,g,1,51,running_out,chenlili,
7757-82-6,,Sodium sulfate,通广,25kg,25,kg,1,250,running_out,xuguofeng,
625-92-3,"3,5-二溴吡啶","3,5-Dibromopyridine",毕得,25g,25,g,1,33.75,not_stocked,chengzengrui,
30483-75-1,4-(N-吗啡啉基)溴苯,N-(4-BROMOPHENYL)MORPHOLINE,毕得,5g,5,g,1,75.75,not_stocked,chengzengrui,
10075-52-2,5-溴-1-甲基-1H-吲哚,5-Bromo-1-methyl-1H-indole,毕得,5g,5,g,1,195,not_stocked,chengzengrui,
2252-44-0,3-三氟甲氧基溴苯,3-(Trifluoromethoxy)bromobenzene,毕得,5g,5,g,1,28.5,not_stocked,chengzengrui,
745038-86-2,异丙基氯化镁-氯化锂络合物,Isopropylmagnesium chloride lithium chloride complex,百灵威J&K,100mL,100,mL,1,55,not_stocked,chengzengrui,
441798-33-0,马西替坦,macitentan,罗恩,1g,1,g,1,198.4,not_stocked,chengzengrui,
5332-25-2,6-溴喹啉,6-Bromoquinoline,毕得,5g,5,g,1,22.5,not_stocked,chengzengrui,
101-31-5,L-天仙子胺,L-Hyoscyamine,安耐吉,1g,1,g,1,182,not_stocked,dairongheng,
137-00-8,4-甲基-5-(beta-羟乙基)噻唑,4-Methyl-5-thiazoleethanol,毕得,10g,10,g,1,22.5,not_stocked,dairongheng,
251922-46-0,2-(氧杂环丁烷-3-基)乙醇,2-(Oxetan-3-yl)ethanol,毕得,100mg,100,mg,1,294,not_stocked,dairongheng,
103788-65-4,"2-(5-甲基-2-苯基-1,3-恶唑-4-基)-1-乙醇","2-(5-Methyl-2-phenyl-1,3-oxazol-4-yl)ethan-1-ol",毕得,1g,1,g,1,310,not_stocked,dairongheng,
651030-56-7,"2-(3-(4,4,5,5-四甲基-1,3,2-二噁硼烷-2-基)苯基)乙醇","2-(3-(4,4,5,5-Tetramethyl-1,3,2-dioxaborolan-2-yl)phenyl)ethanol",毕得,1g,1,g,1,427,not_stocked,dairongheng,
154992-24-2,"4-[3-(4-羟基丁基)-4,4-二甲基-2,5-二氧代-1-咪唑啉]-2-(三氟甲基)苯甲腈",RU 58841,毕得,250mg,250,mg,1,147,not_stocked,dairongheng,
127047-71-6,,3-((tert-Butyldiphenylsilyl)oxy)propan-1-ol,毕得,100mg,100,mg,1,360,not_stocked,dairongheng,
5339-85-5,2-氨基苯乙醇,2-aminobenzeneethano,毕得,100g,100,g,1,341,running_out,dairongheng,
6165-69-1,3-噻吩硼酸,3-Thiopheneboronic acid,浩鸿生物,5g,5,g,1,41,not_stocked,wangxi,
20808-12-2,,Fluoromethyl phenyl sulfone,毕得,1g,1,g,1,213,not_stocked,lichao,
,"2,3-二溴丙酸","	2,3-Dibromopropionic acid",毕得,10g,10,g,1,33,not_stocked,lichao,
1510-21-0,胆固醇琥珀酸单酯,,乐研,1g,1,g,1,137,not_stocked,zhaoxinyi,
2799/7/7,(+)-S-三苯甲基-L-半胱氨酸,(+)-S-Trityl-L-cysteine,百灵威,5g,5,g,1,43,running_out,zhaoxinyi,
1318-93-0,蒙脱石,Montmorillonite,安耐吉,25g,25,g,1,27,not_stocked,chenlei,
1318-93-0,蒙脱土K-10,Montmorillonite K-10,罗恩,50g,50,g,1,28.8,not_stocked,chenlei,
141556-46-9,"1,3-双(4-氯苯基)咪唑氯化物","1,3-Bis(4-chlorophenyl)-1H-imidazol-3-ium chloride",毕得,100mg,100,mg,1,111.75,not_stocked,mengjunhong,
7181-87-5,"	1,3-二甲基-1H-苯并[d]咪唑-3-鎓碘化物","1,3-Dimethyl-1H-benzo[d]imidazol-3-ium iodide",毕得,100mg,100,mg,1,97.5,not_stocked,mengjunhong,
865854-05-3,,,虹湖联合,5mg,5,mg,1,269.1,degraded,xuguofeng,
,,,,,,,1,723,not_stocked,xuguofeng,
,,,,,,,1,599,not_stocked,xuguofeng,
5980-97-2,"2,4,6-三甲基苯硼酸","2,4,6-Trimethylphenylboronic acid",毕得,5g,5,g,1,55.5,running_out,chengzengrui,
1885-29-6,2-氨基苯甲腈,2-Aminobenzonitrile,毕得,25g,25,g,1,66,running_out,chengzengrui,
1483-54-1,2-氨基-4-三氟甲基苯腈,2-Amino-4-trifluoromethylbenzonitrile,毕得,5g,5,g,1,143.25,not_stocked,chengzengrui,
38487-85-3,2-氨基-4-甲氧基苯甲腈,2-Amino-4-methoxybenzonitrile,毕得,1g,1,g,1,125.25,not_stocked,chengzengrui,
78887-39-5,3-乙酰胺基苯硼酸,3-Acetamidophenylboronic acid,毕得,5g,5,g,1,96,not_stocked,chengzengrui,
55552-70-0,3-呋喃硼酸,3-Furanboronic acid,毕得,5g,5,g,1,119.25,not_stocked,chengzengrui,
17933-03-8,3-甲基苯硼酸,"	3-Tolylboronic acid",毕得,10g,10,g,1,39,not_stocked,chengzengrui,
39859-36-4,2-苯甲酰-4-溴苯胺,"	2-AMINO-5-BROMOBENZOPHEnot_stocked",毕得,25g,25,g,1,127.5,running_out,chengzengrui,
5332-25-2,6-溴喹啉,6-Bromoquinoline,毕得,5g,5,g,1,22.5,not_stocked,chengzengrui,
10167-97-2,2-氨基-5甲氧基吡啶, 5-Methoxy-Pyridin-2-Ylamine,迈瑞达,1g,1,g,1,82.5,not_stocked,wangxi,
20876-36-2,"5-氨基-1,3-二氢吲哚-2-酮",5-Aminoindolin-2-one,毕得,1g,1,g,1,110.25,not_stocked,wangxi,
702-82-9,3-氨基-1-金刚烷醇,"	3-Amino-1-hydroxyadamantane",毕得,10g,10,g,1,27,not_stocked,wangxi,
472-15-1,白桦脂酸 ,Betulinic acid,阿拉丁,1g,1,g,1,112,running_out,zhaoxinyi,
77-52-1,熊果酸,,毕得,5g,5,g,1,117,running_out,zhaoxinyi,
7524-52-9,L-色氨酸甲酯盐酸盐,Methyl L-tryptophanate hydrochloride,"	Amethyst",25g,25,g,1,128,running_out,zhaoxinyi,
471-53-4,甘草次酸,,"	Amethyst",5g,5,g,1,79,running_out,zhaoxinyi,
25662-28-6,环戊烯-1-羧酸甲酯,METHYL 1-CYCLOPENTENE-1-CARBOXYLATE,毕得,5g,5,g,1,139,not_stocked,wangchen,
12012-95-2,氯化烯丙基钯(II)二聚物,Allylpalladium(II) Chloride Dimer,毕得,100mg,100,mg,1,91,running_out,wangchen,
1460-16-8,环庚甲酸,Cycloheptanecarboxylic acid,毕得,5g,5,g,1,217,not_stocked,wangchen,
469-61-4,alpha-柏木烯,"
(-)-ALPHA-CEDRENE",毕得,1g,1,g,1,240,not_stocked,wangchen,
1126-09-6,,Ethyl 4-piperidinecarboxylate,毕得,10g,10,g,1,22,not_stocked,wangchen,
95233-30-0,,"
4-(Trifluoromethyl)cyclohexanecarboxylic acid",TCI,1g,1,g,1,220,not_stocked,wangchen,
874-61-3,,"
4-Oxocyclohexanecarboxylic acid",毕得,1G,1,g,1,40,not_stocked,wangchen,
110238-91-0,,"
Methyl tetrahydropyran-4-carboxylate",毕得,5G,5,g,1,40,not_stocked,wangchen,
122665-97-8,"4,4-二氟环己烷羧酸","4,4-Difluorocyclohexanecarboxylic acid",毕得,5G,5,g,1,86,not_stocked,wangchen,
89489-53-2,,"2H-Thiopyran-4-carboxylicacid,tetrahydro-(9CI)",毕得,1G,1,g,1,168,not_stocked,wangchen,
64096-87-3,"四氢-2H-噻喃-4-羧酸-1,1-二氧化物","1,1-Dioxo-hexahydro-1l6-thiopyran-4-carboxylic acid",毕得,1G,1,g,1,73,not_stocked,wangchen,
13064-83-0,,trans-4-Methylcyclohexanecarboxylic acid,毕得,5G,5,g,1,27,not_stocked,wangchen,
109-63-7,三氟化硼乙醚,Boron trifluoride diethyl etherate,麦克林,100 ml,100,mL,1,66.4,running_out,chenlei,
3396-11-0,醋酸铯,Cesium acetate,毕得,10g,10,g,1,33.75,running_out,chenlei,
14283-07-9,四氟硼酸锂,Lithium tetrafluoroborate,毕得,5g,5,g,1,22.5,running_out,chenlei,
67-66-3,三氯甲烷,TIRCHLOROMETHANE HPLC,通广,HPLC 500mL,,,1,35,running_out,wangxi,
21101-63-3,4-三氟甲硫基溴苄,4-(Bromomethyl)phenyl)(trifluoromethyl)sulfane,毕得,1g,1,g,1,223.5,not_stocked,wangxi,
125700-67-6,"2-(1H-苯并三偶氮L-1-基)-1,1,3,3-四甲基脲四氟硼酸酯","2-(1H-Benzotriazole-1-yl)-1,1,3,3-tetramethyluronium tetrafluoroborate",百灵威,25g,25,g,1,104,not_stocked,zhaoxinyi,
,冠状病毒Mpro/3CLpro活性荧光检测试剂盒 ,P0313M,Beyotime,500T,,,1,2768,not_stocked,xuguofeng,
112-80-1,油酸,Oleic acid,毕得,25g,25,g,1,18.75,running_out,mengjunhong,
57-13-6,尿素,Urea,毕得,500g,500,g,1,30,not_stocked,mengjunhong,
6674-22-2,"1,8-二氮杂双环[5.4.0]十一碳-7-烯","2,3,4,6,7,8,9,10-Octahydropyrimido[1,2-a]azepine",毕得,100g,100,g,1,27,not_stocked,mengjunhong,
5339-85-5,邻氨基苯乙醇,O-aminophenylethanol,罗恩,10g,10,g,1,43.4,running_out,mijingxuan,
4039-32-1,"	双(三甲硅基)氨基锂",Lithium bis(trimethylsilyl)amide,百灵威,100mL,100,mL,1,198,not_stocked,lichao,
420-37-1,三甲氧鎓四氟硼酸盐,Trimethyloxonium tetrafluoroborate,毕得,25 g,25,g,1,108.75,not_stocked,chenlili,
110-86-1,吡啶,Pyridine,百灵威J&K,100ML,100,mL,1,49,running_out,gengshihan,
62-53-3,苯胺,"	Aniline",安耐吉,100ml,100,mL,1,27,running_out,gengshihan,
825-83-2,4-(三氟甲基)苯硫酚,4-(Trifluoromethyl)benzenethiol,毕得,1g,1,g,1,92.25,running_out,wanghongye,
148893-10-1,"
O-(7-氮杂苯并三唑-1-基)-N,N,N',N'-四甲基脲六氟磷酸盐","	O-(7-Azabenzotriazol-1-yl)-N,N,N',N'-tetramethyl uronium hexafluorophosphate",毕得,100g,100,g,1,360,running_out,wangxi,
358-23-6,三氟甲磺酸酐, Trifluoromethanesulfonic anhydride,毕得,25g,25,g,1,41,running_out,zhuminghui,
7646-69-7,氢化钠,Sodium Hydride ,TCI,100g,100,g,1,280,not_stocked,zhuminghui,
872-50-4,1甲基2吡咯烷酮,1-Methyl-2-pyrrolidinot_stocked,百灵威J&K,500ML,500,mL,1,170.51,running_out,gengshihan,
63295-48-7,三氟甲磺酸铁(III),Iron(III) Trifluoromethanesulfonate,百灵威J&K,5g*2,5,g,2,162,running_out,lvbin,
82113-65-3,双三氟甲烷磺酰亚胺,"1,1,1-Trifluoro-N-((trifluoromethyl)sulfonyl)methanesulfonamide",毕得,5g,5,g,1,38,running_out,lvbin,
542-16-5,硫酸苯胺,Aniline sulfate,阿拉丁,100g,100,g,1,175.1,running_out,gengshihan,
99769-19-4,间甲氧羰基苯硼酸,3-Methoxycarbonylphenylboronic acid,,,,,1,42,not_stocked,admin,
26961-27-3,"2-氨基-4,5-二甲氧基苄腈","	2-Amino-4,5-dimethoxybenzonitrile",,1g,1,g,1,69,not_stocked,admin,
100124-06-9,4-二苯并呋喃硼酸,"DIBENZOFURAN-4-BORONIC ACID
",,5g,5,g,1,41.25,running_out,admin,
108847-20-7,4-二苯并噻吩硼酸,"4-DIBENZOTHIOPHENEBORONIC ACID
",,5g,5,g,1,75,not_stocked,admin,
17420-30-3,2-氰基-4-硝基苯胺,"2-Amino-5-nitrobenzonitrile
",,25g,25,g,1,27.25,not_stocked,admin,
192182-54-0,"3,5-二甲氧基苯硼酸","3,5-Dimethoxyphenylboronic acid",,5g,5,g,1,75.75,not_stocked,admin,
24856-58-4,4-溴苯甲醛二甲基缩醛,4-BROMOBENZALDEHYDE DIMETHYL ACETAL,TCI,5g,5,g,1,144,not_stocked,admin,
1147-43-9,2'-氨基二苯甲酮-2-甲酸,2-AMINOBENZOPHEnot_stocked-2'-CARBOXYLIC ACID,麦克林,1g,1,g,1,151,not_stocked,admin,
23842-82-2,"	2-氨基-5-甲氧基苯甲腈",2-Amino-5-methoxybenzonitrile,,1g,1,g,1,146.25,not_stocked,admin,
314062-44-7,,,源叶,10g,10,g,1,83,not_stocked,zhaoxinyi,
7790-94-5,氯磺酸,chlorosulfonic acid,通广,100g,100,g,1,70,running_out,wangxi,
64-04-0,苯乙胺,,伊诺凯,25g,25,g,1,40,running_out,zhaoxinyi,
174855-57-3,,,毕得,5g,5,g,1,358,running_out,zhaoxinyi,
25895-60-7,,,毕得,25g,25,g,1,70,running_out,zhaoxinyi,
149-73-5,,,TCI,25mL,25,mL,1,104,running_out,zhaoxinyi,
,"1,2,3,4-四氢异喹啉 ","1,2,3,4-Tetrahydroisoquinoline",jk,25g,25,g,1,151,running_out,zhuminghui,
17061-62-0,双-(4-甲氧基苄基)-胺 ,Bis(4-methoxybenzyl)amine,毕得,10g,10,g,1,39,not_stocked,zhuminghui,
104-53-0,苯丙醛,"	3-Phenylpropionaldehyde",jk,25g,25,g,1,170,degraded,zhuminghui,
5959-95-5,,,百灵威,1g,1,g,1,89,not_stocked,zhaoxinyi,
1186-52-3,氘代乙酸-d4,Acetic acid-d4,百灵威J&K,10mL,10,mL,1,638,running_out,zhaobinzhi,
91-61-2,,,毕得,25g,25,g,1,805.5,not_stocked,xuyue,
1621-91-6,,,毕得,25g,25,g,1,127.5,running_out,xuyue,
358-23-6,三氟甲磺酸酐,Trifluoromethanesulfonic anhydride,Amethyst,25g,25,g,1,84.15,running_out,zhangziyao,
52784-31-3,3-苯基环丁酮,3-Phenylcyclobutanot_stocked,,250mg,250,mg,1,78.4,not_stocked,zhangziyao,
7447-41-8,氯化锂,Lithium chloride,百灵威J&K,25g,25,g,1,51,running_out,zhangziyao,
2403-22-7,N-丁基苄胺,"N-BENZYL-N-BUTYLAMINE
	",百灵威J&K,10g,10,g,1,231,not_stocked,zhuminghui,
122-78-1,苯乙醛,Phenylacetaldehyde,百灵威,25g,25,g,1,147,running_out,zhuminghui,
42438-90-4,"(S)-2,3,4,9-四氢-1H-吡啶[3,4-B]吲哚-3-羧酸",,毕得,1g,1,g,1,360,not_stocked,zhaoxinyi,
737-89-3,"	1,1'-二萘胺","	1,1'-DINAPHTHYLAMINE",九鼎,100mg,100,mg,1,336.8,not_stocked,chenlei,
63295-48-7,三氟甲磺酸铁(III),Iron(III) Trifluoromethanesulfonate,毕得,5g*2,5,g,2,126,running_out,lvbin,
2650-64-8,,,毕得,5g,5,g,1,22,not_stocked,zhaoxinyi,
29943-42-8,,Tetrahydro-4H-pyran-4-one,毕得,5g,5,g,1,22,not_stocked,wangchen,
88495-63-0,青蒿琥酯,Artesunate,安耐吉,5g,5,g,1,72,running_out,mengjunhong,
99-65-0,间二硝基苯,m-dinitrobezene,麦克林,25g,25,g,1,78,not_stocked,lvbin,
3375-31-3,醋酸钯,Palladium(II)acetate,Sigma-Aldrich,1g,1,g,1,310.57,running_out,mengjunhong,
7787-60-2,氯化铋(III), Bismuth(III) chloride,百灵威J&K,100h,,,1,82,running_out,zhuminghui,
1493-13-6,三氟甲磺酸,Trifluoromethanesulfonic acid,百灵威J&K,100 ml,100,mL,1,323,running_out,chenlili,
22515-18-0,,,毕得,2g,2,g,1,111,not_stocked,wangchen,
1072-72-6,,,毕得,10g,10,g,1,73,running_out,wangchen,
17452-27-6,3-吡啶基异硫氰酸酯 ,3-Pyridylisothiocyanate,毕得,5g,5,g,1,324,running_out,douxiaodong,
7791-25-5,磺酰氯 ,Sulfuryl chloride,JK,250g,250,g,1,379,running_out,douxiaodong,
544-25-2,环庚三烯 ,"1,3,5-Cycloheptatriene",阿拉丁,25mL,25,mL,1,339,not_stocked,douxiaodong,
592-57-4,"1,3环己二烯"," 1,3-Cyclohexadiene",百灵威J&K,5 ml,5,mL,1,428,not_stocked,douxiaodong,
1445-73-4,,1-Methyl-4-piperidone,毕得,25g,25,g,1,21,not_stocked,wangchen,
1186-52-3,氘代乙酸-d4,Acetic acid-d4,百灵威J&K,10mL,10,mL,1,638,running_out,zhaobinzhi,
34193-38-9,氘代正丁醇-d10,n-Butanol-d10,百灵威J&K,3*5mL,5,ml,3,4515,running_out,zhaobinzhi,
339-59-3,4-(三氟甲基)苯甲酰肼 ,4-(Trifluoromethyl)benzohydrazide,毕得,25 g,25,g,1,516,not_stocked,douxiaodong,
86-84-0,1-萘基异氰酸酯 ,1-Naphthylisocyanate,毕得,25 g,25,g,1,96,running_out,douxiaodong,
544-25-2,环庚三烯 ,"1,3,5-Cycloheptatriene",TCI,25mL,25,mL,1,950,not_stocked,douxiaodong,
2909-38-8,3-氯苯基异氰酸酯, 3-Chlorophenylisocyanate,毕得,25g,25,g,1,72,not_stocked,douxiaodong,
3320-83-0,2-氯苯基异氰酸酯 ,2-Chlorophenyl isocyanate,百灵威J&K,5g,5,g,1,80,not_stocked,douxiaodong,
104-12-1,对氯苯基异氰酸酯 ,4-Chlorophenylisocyanate,毕得,25g,25,g,1,24,not_stocked,douxiaodong,
614-68-6,邻甲基苯异氰酸酯, o-Tolylisocyanate,毕得,25g,25,g,1,112,not_stocked,douxiaodong,
3320-83-0,2-(三氟甲基)苯基异氰酸酯, 2-(Trifluoromethyl)phenylisocyanate,毕得,5g,5,g,1,113,not_stocked,douxiaodong,
59025-55-7,"2,4-二氟苯基异氰酸酯 ","2,4-Difluorophenylisocyanate",毕得,5g,5,g,1,160,not_stocked,douxiaodong,
23138-55-8,异氰酸3-溴苯酯, 3-BromophenylIsocyanate,阿拉丁,1g,1,g,1,114,not_stocked,douxiaodong,
40397-90-8,3-氯-2-甲基异氰酸苯酯 ,3-Chloro-2-methylphenylisocyanate,阿拉丁,1g,1,g,1,161,not_stocked,douxiaodong,
41195-90-8,,"2,3-Dichlorophenyl Isocyanate",阿拉丁,1g,1,g,1,261,not_stocked,douxiaodong,
1591-99-7,"异氰酸2,3-二氯苯酯 "," 2,3-Dimethylphenyl isocyanate","	九鼎",1g,1,g,1,332,not_stocked,douxiaodong,
3320-87-4,3-硝基苯基异氰酸酯, 3-Nitrophenylisocyanate,毕得,5g,5,g,1,192,not_stocked,douxiaodong,
103-72-0,苯基异硫氰酸酯 ,"Phenyl isothiocyanate, ",百灵威J&K,25g,25,g,1,119,running_out,douxiaodong,
16420-13-6,二甲氨基硫代甲酰氯 ,Dimethylthiocarbamoylchloride,毕得,25g,25,g,1,60,not_stocked,douxiaodong,
91-59-8,2-萘胺 ,2-Aminonaphthalene,百灵威J&K,10g,10,g,1,80,running_out,douxiaodong,
110-27-0,,,Amethyst,100mL,100,mL,1,50,not_stocked,zhaoxinyi,
61791-12-6,聚氧乙烯35蓖麻油,Polyoxyl 35 castor oil,罗恩,25g,25,g,1,30,not_stocked,zhaoxinyi,
85536-07-8,辛酸癸酸聚乙二醇甘油酯,Glycerides,源叶生物,25g,25,g,1,85,not_stocked,zhaoxinyi,
111-90-0,,Diethylene Glycol Monoethyl Ether,源叶生物,25g,25,g,1,54,not_stocked,zhaoxinyi,
2785-78-6,,,罗恩,1g,1,g,1,768,not_stocked,huotongyu,
109232-37-3,"
5-氯-2,2-二甲基戊酸异丁酯","
Isobutyl 5-chloro-2,2-dimethylvalerate",安耐吉,5g,5,g,1,573,not_stocked,huotongyu,
23687-25-4,4-氨基异喹啉 ,Isoquinolin-4-amine,毕得,10g,10,g,1,534,running_out,douxiaodong,
1855-63-6,,1-Cyclohexene-1-carbonitrile,伊诺凯,2g,2,g,1,635,not_stocked,wangchen,
193269-78-2,3-氨基氮杂环丁烷-1-甲酸叔丁基酯,tert-Butyl3-aminoazetidine-1-carboxylate,,1g,1,g,1,21,not_stocked,wangxi,
493-05-0,异色满,"	Isochroman
	",毕得,5g,5,g,1,22,not_stocked,zhuminghui,
72804-96-7,,O-Diphenylphosphinylhydroxylamine,伊诺凯,35 g,35,g,1,1185,running_out,chenlili,
7580-67-8,氢化锂,"	Lithium hydride",Macklin,5G,5,g,1,39,not_stocked,zhuminghui,
7693-26-7,氢化钾 ,Potassium hydride,阿拉丁,5g,5,g,1,279,not_stocked,zhuminghui,
496-12-8,"
异吲哚啉盐酸盐", Isoindoline hydrochloride,毕得,5g,5,g,1,93,not_stocked,zhuminghui,
142-73-4,亚氨基二乙酸 ,Iminodiacetic acid,jk,25g,25,g,1,68,not_stocked,zhuminghui,
19125-34-9,,N-Phenylpiperidin-4-one,毕得,250mg,250,mg,1,102,not_stocked,wangchen,
79099-07-3,,1-Boc-4-Piperidone,毕得,5g,5,g,1,22,not_stocked,wangchen,
463-71-8,硫光气 ,Thiophosgene,安耐吉,25g,25,g,1,358,not_stocked,douxiaodong,
506-32-1,花生四烯酸,Arachidonic acid ,安耐吉,1g,1,g,1,116.1,not_stocked,mengjunhong,
112-86-7,芥酸,(Z)-Docos-13-enoic acid,毕得,5g,5,g,1,22.5,not_stocked,mengjunhong,
712-50-5,,,毕得,5g,5,g,1,39,not_stocked,wangchen,
771-98-2,"
2,3,4,5-四氢-1,1'-联苯","2,3,4,5-Tetrahydro-1,1'-biphenyl",毕得,25g,25,g,1,339,running_out,wangchen,
91-61-2,"1,2,3,4-四氢-6-甲基喹啉 ","1,2,3,4-Tetrahydro-6-methylquinoline",毕得,1g,1,g,1,60,running_out,xuyue,
1621-91-6,1H-吡唑-3-羧酸 ,1H-Pyrazole-3-carboxylic acid,毕得,5g,5,g,1,36,running_out,xuyue,
123-86-4,乙酸丁酯,Butyl acetate,Greagent,500 mL X 10,500,ml,10,,not_stocked,zhaobinzhi,
4648-54-8,,,alading,25ml*2,25,ml,2,118,running_out,wangchen,
88497-27-2,,,毕得,1g,1,g,1,55.5,not_stocked,xuyue,
286961-14-6,"N-Boc-1,2,5,6-四氢吡啶-4-硼酸频哪醇酯","tert-Butyl 4-(4,4,5,5-tetramethyl",毕得,10 g,10,g,1,113.25,running_out,chenlili,
636-82-8,,1-Cyclohexene-1-carboxylic acid,毕得,5g,5,g,1,343.5,running_out,wangchen,
2216-68-4,,N-Methylnaphthalen-1-amine,毕得,1g,1,g,1,141,not_stocked,wangchen,
110-27-0,,,伊诺凯,100mL,100,mL,1,45,not_stocked,zhaoxinyi,
81-25-4,胆酸,"	Cholic acid",百灵威,25g,25,g,1,124,running_out,zhaoxinyi,
100-46-9,苄胺,N-Methylbenzylamine,伊诺凯,,,,1,31.5,running_out,chenlili,
36016-38-3,"N-羟基氨基甲酸叔丁酯
","tert-Butyl N-hydroxycarbamate
",百灵威,25g,25,g,1,573.75,running_out,chengzengrui,
4229-44-1,N甲基羟胺盐酸盐,"N-Methylhydroxylamine hydrochloride
",毕得,100g,100,g,1,125.25,running_out,chengzengrui,
5471-63-6,"1,3二苯基异苯并呋喃","1,3-Diphenylisobenzofuran",百灵威,5g,5,g,1,352.75,not_stocked,chengzengrui,
42196-31-6,"三氟乙酸钯
","PALLADIUM(II) TRIFLUOROACETATE
",毕得,1g,1,g,1,358.5,running_out,chengzengrui,
1493-13-6,"三氟甲磺酸
","Trifluoromethanesulfonic acid
",百灵威,100g,100,g,1,323,running_out,chengzengrui,
13331-23-2,"呋喃-2-硼酸
","2-Furanboronic acid
",毕得,10g,10,g,1,85.5,running_out,chengzengrui,
937-14-4,,,,,,,1,90,not_stocked,admin,
1227269-39-7,"
5-碘-6-氯-吲唑",6-Chloro-5-iodo-1H-indazole,毕得,250mg×2,,,1,310.5,not_stocked,zhangcaifang,
420-37-1,三甲氧鎓四氟硼酸盐,Trimethyloxonium tetrafluoroborate,毕得,25g,25,g,1,136.3,not_found,zhangcaifang,
1118-68-9,"N,N-二甲基甘氨酸",2-(Dimethylamino)acetic acid,毕得,25g,25,g,1,33,not_stocked,zhangcaifang,
544-25-2,环庚三烯 ,"1,3,5-Cycloheptatriene",TCI,25mL,25,mL,1,880,not_stocked,douxiaodong,
67-63-0,异丙醇,Isopropyl alcohol,通广,500mL,500,mL,1,14,running_out,zhaoxinyi,
1840-19-3,"	异硫氰酸3(三氟甲基)苯酯",3-(Trifluoromethyl)phenyl Isothiocyanate,TCI,5g,5,g,1,336,running_out,zhaoxinyi,
14047-29-1,4-羧基苯硼酸,"	4-Carboxyphenylboronic acid",Amethyst,25g,25,g,1,144,running_out,zhaoxinyi,
1899-24-7,5-溴-2-呋喃甲醛,5-Bromo-2-furaldehyde,毕得,10g,10,g,1,63,running_out,zhaoxinyi,
14221-01-3,四(三苯基膦)钯,Tetrakis(triphenylphosphine)palladium,JK,1g,1,g,1,143,running_out,zhaoxinyi,
71-30-7,胞嘧啶,Cytosine,毕得,25g,25,g,1,17.5,not_found,xuguofeng,
28052-84-8,DL-5-甲氧基色氨酸,5-METHOXY-DL-TRYPTOPHAN,毕得,100mg,100,mg,1,196,not_stocked,zhaoxinyi,
146645-63-8,1-BOC-色氨酸,H-TRP(BOC)-OH,毕得,1g,1,g,1,63,not_stocked,zhaoxinyi,
154-08-5,"	5-氟-DL-色氨酸","	5-FLUORO-DL-TRYPTOPHAN",毕得,250mg,250,mg,1,273,not_stocked,zhaoxinyi,
616-91-1,N-乙酰-L-半胱氨酸,,毕得,100g,100,g,1,44.8,running_out,xuguofeng,
29241-62-1,5-溴-6-氯烟酸,,毕得,5g,5,g,1,85.4,running_out,xuguofeng,
108-95-2,苯酚,Phenol,阿拉丁,100g,100,g,1,24.65,running_out,zhangcaifang,
15366-34-4,,,毕得,5g,5,g,1,37.1,running_out,xuyue,
420-37-1,三甲基氧鎓四氟硼酸, Trimethyloxonium tetrafluoroborate,偶合科技,10g x 2,10,g,2,91,running_out,wangxi,
16940-66-2,硼氢化钠,Sodium borohydride,蓝弋,25g,25,g,1,170.05,running_out,wangxi,
6674-22-2,"1,8-二氮杂双环[5.4.0]十一碳-7-烯","1,8-Diazabicyclo[5.4.0]undec-7-ene",毕得,100 g,100,g,1,21.7,running_out,wangxi,
885270-32-6,,,毕得,1g,1,g,1,527.8,running_out,zhangcaifang,
7440/5/3,10%钯碳(55%的水),Palladium on activated carbon(10%)(wetted with ca. 55% Water),毕得,10g,10,g,1,504,running_out,wangxi,
91053-39-3,硅藻土,Kieselguhr,上海泰坦,500 g,500,g,1,18.4,running_out,wangxi,
7647-01-0,盐酸,,现代东方,500mL,500,mL,1,14,running_out,wangxi,
109-99-9,四氢呋喃，超干,THF,百灵威,500mLx2,500,ml,2,66,running_out,wangxi,
74-88-4,碘甲烷,iodomethane,安耐吉,25g,25,g,1,50,running_out,wangxi,
24388-23-6,苯硼酸频哪醇酯,"4,4,5,5-Tetramethyl-2-phenyl-1,3,2-dioxaborolane",毕得,5g,5,g,1,20.3,running_out,admin,
504-29-0,2-氨基吡啶,2-Aminopyridine,安耐吉,25g,25,g,1,27,running_out,admin,
86-90-8,4-溴邻苯二甲酸酐,"5-Bromoisobenzofuran-1,3-dione",乐研,10g,10,g,1,22.5,not_stocked,admin,
768-60-5,"
4-炔基苯甲醚",4-Ethynylanisole,毕得医药,5g,5,g,1,61.5,running_out,admin,
7447-41-8,氯化锂,"
Lithium chloride",Amethyst,25g,25,g,1,34,running_out,admin,
712-76-5,4-苯基苄胺,(4-phenylphenyl)methylammonium,毕得医药,2 g,2,g,1,138.6,running_out,chenlili,
73918-56-6,4-溴苯乙胺,4-Bromobenzeneethanamine,乐研,1 g,1,g,1,22.5,running_out,chenlili,
1499-21-4,二苯基次膦酰氯,Diphenylphosphinicchloride,虹湖联合,100g,100,g,1,180.9,running_out,chenlili,
13472-00-9,对氨基苯乙胺,4-(2-Aminoethyl)aniline,毕得医药,1 g,1,g,1,19.6,running_out,zhangcaifang,
3544-25-0,4-氨基苯基乙腈,2-(4-Aminophenyl)acetonitrile,毕得医药,5g,5,g,1,30.1,not_stocked,zhangcaifang,
4623-24-9,3-氨基苯乙腈,3-(3-Aminophenyl)acetonitrile,毕得医药,1 g,1,g,1,354.9,not_stocked,zhangcaifang,
76935-75-6,3-(2-氨基乙基)苯胺,3-(2-AMINO-ETHYL)-ANILINE,麦克林,1 g,1,g,1,413.25,not_stocked,zhangcaifang,
196799-45-8,"2,3-二氢苯并呋喃-7-甲醛","2,3-Dihydrobenzofuran-7-carbaldehyde",乐研,250mg*2,250,mg,2,441,running_out,zhangcaifang,
13210-29-2,1-(3-羟基吡啶-2-基)乙酮,1-(3-Hydroxypyridin-2-yl)ethanot_stocked,毕得,1 g*2,1,g,2,883.4,not_stocked,zhangcaifang,
63148-62-9,二甲基硅油,Dimethylsilicone oil,麦克林,1L,1,L,1,207.75,not_stocked,zhangcaifang,
434-13-9,石胆酸,"	LITHOCHOLIC ACID",百灵威,5g,5,g,1,395,running_out,zhaoxinyi,
258278-25-0,"1,3-双(2,6-二异丙基苯基)咪唑翁盐酸盐","1,3-BIS(2,6-DIISOPROPYLPHENYL)-IMIDAZOLIDINIUM-CHLORIDE",毕得,5g,5,g,1,113.4,not_stocked,xuguofeng,
23513-08-8,8-姜辣醇,,毕得,5mg,5,mg,1,193.2,running_out,xuguofeng,
16940-66-2,硼氢化钠,Sodium borohydride,通广,100g,100,g,1,260,running_out,xuguofeng,
7789-20-0,重水,,伊诺凯,193.5,,,1,25,not_stocked,xuguofeng,
7789-20-0,重水,,伊诺凯,58.5 *2,,,1,0.55,not_stocked,xuguofeng,
529-23-7,2-氨基苯甲醛 ,2-Aminobenzaldehyde,毕得,1g,1,g,1,30.8,not_stocked,xuyue,
32668-14-7,L-谷氨酸甲酯 盐酸盐,L-GLUTAMINE METHYL ESTER HYDROCHLORIDE,毕得,1g,1,g,1,289,not_stocked,zhaoxinyi,
7647-01-0,盐酸,,校内库房,500mL*2,500,ml,2,14,running_out,zhaoxinyi,
1493-27-2,1-氟-2-硝基苯,1-Fluoro-2-nitrobenzene,毕得,100g,100,g,1,49,running_out,huotongyu,
157911-56-3,"2,4,5-三氟溴苄","2,4,5-Trifluorobenzyl bromide",毕得,25g,25,g,1,206.5,running_out,wangxi,
4928-88-5,"1,2,4-三氮唑-3-羧酸甲酯",,毕得,25g,25,g,1,35.7,running_out,wangxi,
7440/5/3,10%钯碳(55%的水),Palladium on activated carbon(10%)(wetted with ca. 55% Water),毕得,10g,10,g,1,504,running_out,sulingyu,
20781-20-8,"2,4-二甲氧基苯甲胺","	(2,4-dimethoxyphenyl)methanamine",毕得,5 g,5,g,1,21,not_stocked,wangxi,
96-47-9,2-甲基四氢呋喃,"	2-Methyltetrahydrofuran",麦克林,500mL,500,mL,1,75.75,running_out,chengzengrui,
12129-06-5,五甲基环戊二烯基三氯化钛(IV),Pentamethylcyclopentadienyltitanium trichloride,毕得,250mg,250,mg,1,137.2,running_out,chengzengrui,
3383-21-9,"3,5-二叔丁基邻苯醌","3,5-DI-TERT-BUTYL-O-BENZOQUInot_stocked",安耐吉,1g,1,g,1,87.3,not_stocked,chengzengrui,
7688-25-7,"1,4-双(二苯基膦)丁烷","	1,4-Bis(diphenylphosphino)butane",Accela,10g,10,g,1,36.65,running_out,chengzengrui,
819050-88-9,"Α,Α,Α′,Α′-四甲基-1,3-苯二丙酸","ALPHA,ALPHA,ALPHA',ALPHA'-TETRAMETHYL-1,3-BENZENEDIPROPIONIC ACID",阿拉丁,1g,1,g,1,715.2,not_stocked,chengzengrui,
13939-06-5,六羰基钼,Molybdenum hexacarbonyl,伊诺凯,2.5g,2.5,g,1,216,running_out,chengzengrui,
920-66-1,"1,1,1,3,3,3-六氟丙-2-醇","1,1,1,3,3,3-Hexafluoropropan-2-ol",毕得医药,500g,500,g,1,270.2,running_out,chengzengrui,
491-34-9,"1-甲基-1,2,3,4-四氢喹啉","1,2,3,4-Tetrahydro-1-methylquinoline",毕得,1 g,1,g,1,119.7,not_stocked,chengzengrui,
7789-20-0,重水,DEUTERIUM OXIDE,洪湖联合,25mL,25,mL,1,378,running_out,xuguofeng,
7647-01-0,盐酸,hydrocloride,校内库房,500mLx6,500,ml,6,14,running_out,wangxi,
118949-63-6,,,,,,,1,67.2,not_stocked,admin,
620-81-5,草酰苯胺,,,,,,1,68.6,not_stocked,admin,
3551-78-8,,,,,,,1,54.6,not_stocked,admin,
1148-79-4,,"2,2':6',2''-Terpyridine",毕得医药,1g,1,g,1,106.4,running_out,mengjunhong,
328086-60-8,,Methyl (S)-2-(Boc-amino)-3-[(S)-2-oxo-3-pyrrolidinyl]propanoate,毕得医药,5g,5,g,1,273.7,not_stocked,mengjunhong,
113020-21-6,"1,1-环丙基二甲酸单甲酯",,毕得医药,5g,5,g,1,62.3,not_stocked,xuguofeng,
72784-43-1,1-氨基环丙基甲酸甲酯,,毕得医药,1g,1,g,1,162.4,not_stocked,xuguofeng,
920366-91-2,"N1,N2-双(2-噻吩甲基)-乙二酰胺 基本信息","N1,N2-bis(thiophen-2-ylmethyl)oxalamide",merda,1g,1,g,1,266.75,not_stocked,zhangcaifang,
52409-22-0,三(二亚苄基丙酮)二钯,Pd2(DBA)3,毕得医药,5g,5,g,1,998.2,not_stocked,sulingyu,
22532-62-3,4-溴-2-羟基苯甲醛,4-Bromo-2-hydroxybenzaldehyde,毕得医药,5g,5,g,1,103.6,not_stocked,sulingyu,
14221-01-3,四(三苯基膦)钯,,毕得,5g,5,g,1,442.4,running_out,xuguofeng,
1975/9/2,二氯甲烷，超干,,百灵威,500mL ,500,mL,1,78,not_stocked,xuguofeng,
18162-48-6,叔丁基二甲基氯硅烷,"	TBSCl",毕得医药,25g,25,g,1,21,not_stocked,chengzengrui,
6302/2/9,"1-吡啶-2-基-2-丙酮
","1-PYRIDIN-2-YL-PROPAN-2-ONE
",欣恒研,1g,1,g,1,278.5,not_stocked,chengzengrui,
90965-06-3,(1-重氮基-2-氧代丙基)膦酸二甲酯,Dimethyl(1-diazo-2-oxopropyl)phosphonate,伊诺凯,5 g,5,g,1,185.5,not_stocked,chengzengrui,
55-18-5,N-亚硝基二乙胺,"N-NITROSODIETHYLAMINE
",Adamas,5g,5,g,1,111.2,not_stocked,chengzengrui,
4455-15-6,,"ETHYL METHANESULFONYLACETATE
",毕得医药,5 g,5,g,1,142.5,not_stocked,chengzengrui,
3406/2/8,"双苯磺酸甲烷
","Bis(phenylsulfonyl)methane
",安耐吉,5 g,5,g,1,183.6,not_stocked,chengzengrui,
20808-12-2,"((氟甲基)磺酰基)苯
","Fluoromethyl phenyl sulfone
",毕得医药,1 g,1,g,1,213,not_stocked,chengzengrui,
12173-28-3,"4A分子筛
","Molecular sieves, 4A ",阿拉丁,25 g,25,g,1,69.6,not_stocked,chengzengrui,
107-06-5,"1,2-二氯乙烷","1,2-Dichloroethane",通广,500mL ,500,mL,1,12,running_out,chengzengrui,
170017-74-0,"	4-(2-氨基苯基)四氢吡嗪甲酸叔丁酯",4-(2-AMINO-PHENYL)-PIPERAZINE-1-CARBOXYLIC ACID TERT-BUTYL ESTER,毕得,5g,5,g,1,758,running_out,zhaoxinyi,
38078-09-0,"	二乙胺基三氟化硫",(DAST),伊诺凯,25g,25,g,1,74,running_out,zhuminghui,
1070-83-3,"3,3-二甲基丁酸","3,3-Dimethylbutyric acid",JK,25mL,25,mL,1,144,not_stocked,zhaoxinyi,
122-78-1,苯乙醛,Phenylacetaldehyde,JK,25g,25,g,1,147,not_stocked,zhaoxinyi,
506-32-1,花生四烯酸,"(5Z,8Z,11Z,14Z)-5,8,11,14-Icosatetraenoic acid",麦克林,25g,25,g,1,113.6,not_stocked,mengjunhong,
463-40-1,亚麻酸,"(Z,Z,Z)-9,12,15-Octadecatrienoic acid",迈瑞达,25g,25,g,1,35.2,not_stocked,mengjunhong,
1807861-48-8,ONC212,ONC212,毕得,50 mg,50,mg,1,520.1,running_out,xuguofeng,
99-96-7,对羟基苯甲酸,4-Hydroxybenzoic acid,毕得,100g,100,g,1,21,not_stocked,mengjunhong,
72784-47-5,1-氨基环丙烷羧酸乙酯,"Cyclopropanecarboxylic acid, 1-amino-, ethyl ester (9CI)",毕得,1g,1,g,1,162.4,not_stocked,xuguofeng,
592-84-7,甲酸丁酯,Butyl formate,Adamas,100mL,100,mL,1,31.2,not_stocked,zhaobinzhi,
1976/5/1,三氟乙酸,Trifluoroacetic acid,Adamas,100g,100,g,1,40,running_out,wangxi,
463-40-1,亚麻酸,"(Z,Z,Z)-9,12,15-Octadecatrienoic acid",安耐吉,5g,5,g,1,27,not_stocked,mengjunhong,
768-60-5,,4-Ethynylanisole,百灵威,5g,5,g,1,127.5,not_stocked,sunyichen,
16732-70-0,5-溴吲哚-2-甲酸乙酯,Ethyl 5-bromo-1H-indole-2-carboxylate,毕得,5g,5,g,1,63.7,not_stocked,sulingyu,
22367-82-4,3-甲基-2-苯并呋喃羧酸乙酯,3-METHYLBENZOFURAN-2-CARBOXYLIC ACID ETHYL ESTER,毕得,25 g,25,g,1,613,not_stocked,sulingyu,
2067-80-3,尿素(N15标记),UREA-15N2,罗恩,1g (10 atm%),,,1,174.66,not_stocked,mengjunhong,
66217-55-8,"2-环戊基-4,4,5,5-四甲基-1,3,2-二氧硼杂环戊烷","2-Cyclopentyl-4,4,5,5-tetramethyl-1,3,2-dioxaborolane",毕得,1g,1,g,1,40.6,not_stocked,xingyihong,
870195-94-1,"2-(2-氯苯基)-4,4,5,5-四甲基-1,3,2-二氧杂环戊硼烷","2-(2-Chlorophenyl)-4,4,5,5-tetramethyl-1,3,2-dioxaborolane",毕得,1g,1,g,1,14,not_stocked,xingyihong,
6301-60-6,4-碘邻苯二甲酸,4-Iodophthalic acid,乐研,1g,1,g,1,204.65,not_stocked,xingyihong,
462-08-8,3-氨基吡啶,3-Aminopyridine,Adamas,25g,25,g,1,23.2,degraded,xingyihong,
79-83-4,D-泛酸,D-PANTOTHENIC ACID,乐妍,10g,10,g,1,94.5,not_stocked,mengjunhong,
3355-28-0,,,伊诺凯,5g,5,g,1,35,not_stocked,zhaobinzhi,
13771-68-1,5-溴苯并[B]噻吩-2-羧酸乙酯,Ethyl 5-bromobenzo[b]thiophene-2-carboxylate,毕得,1g,1,g,1,320.6,not_stocked,sulingyu,
105191-64-8,6-溴苯并[B]噻吩-2-羧酸乙酯,Ethyl 6-bromo-1-benzothiophene-2-carboxylate,毕得,1g,1,g,1,234.5,not_stocked,sulingyu,
358-23-6,三氟甲磺酸酐,"
Trifluoromethanesulfonic anhydride",百灵威,25g,25,g,1,84.15,running_out,sunyichen,
132705-51-2,,PyBroP,毕得,1 g,1,g,1,20.3,not_stocked,wangxi,
506-32-1,花生四烯酸,Arachidonic acid,安耐吉,1g,1,g,1,116.1,not_stocked,mengjunhong,
52487-31-3,苯基环丁酮,3-phenylcyclobutanot_stocked,乐研,250mg,250,mg,1,34.29,degraded,sunyichen,
611-70-1,异丁酰苯 ,Isobutyrophenot_stocked,毕得医药,25g,25,g,1,81.9,running_out,tanhui,
9006-65-9,"
二甲基硅油","
Dimethicone",希恩思,500g,500,g,1,158,running_out,tanhui,
75-36-5,"	乙酰氯","Acetyl chloride, 99%","
百灵威J&K",250ML,250,mL,1,67.15,not_stocked,tanhui,
534-17-8,碳酸铯 ,"Cesium carbonate, 99%, for synthesis",Amethyst,25g,25,g,1,68,degraded,tanhui,
1976/5/1,三氟乙酸,,"
百灵威J&K",100 g,100,g,1,137.7,running_out,chenlili,
1196-79-8,"2,5-二甲基吲哚",,凯国科技,1 g,1,g,1,42.75,not_stocked,chenlili,
1076-74-0,5-甲氧基-2-甲基吲哚,5-Methoxy-2-methyl-1H-indole,凯国科技,1 g,1,g,1,98.8,not_stocked,chenlili,
1738-36-9,甲氧基乙腈,Methoxyacetonitrile,乐妍,10g,10,g,1,125.36,not_stocked,mengjunhong,
118949-63-6,"
2,6-二[(4S)-4-叔丁基-2-恶唑啉基]吡啶","2,6-Bis[(4S)-4-tert-butyloxazolin-2-yl]pyridine",安耐吉,250mg,250,mg,1,166.5,running_out,mengjunhong,
16990-73-1,1H-吲哚-2-醇,1H-Indol-2-ol,毕得医药,1g,1,g,1,46.2,not_stocked,chenlili,
57-88-5,胆固醇,Cholesterol,sigma-aldrich,25g,25,g,1,219,not_stocked,huotongyu,
112-39-0,棕榈酸甲酯,Methyl palmitate,sigma,5g,5,g,1,538,not_stocked,huotongyu,
628-97-7,棕榈酸乙酯,,sigma,5g,5,g,1,507,not_stocked,huotongyu,
1975/5/8,乙腈,Acetonitrile HPLC,通广,4L,4,L,1,190,running_out,xuguofeng,
67-56-1,甲醇,Methanol HPLC,通广,2500mL,2500,mL,1,50,running_out,xuguofeng,
547-64-8,乳酸甲酯,Methyl lactate,虹湖联合,5mL,5,mL,1,24.65,not_stocked,xuguofeng,
19420-57-6,1-硬脂酰-SN-甘油-3-磷酰胆碱,"L-ALPHA-LYSOPHOSPHATIDYLCHOLINE, STEAROYL",虹湖联合,25mg,25,mg,1,233.1,not_stocked,xuguofeng,
132705-51-2,,PyBroP,毕得,10 g,10,g,1,98.7,running_out,wangxi,
5162-44-7,4-溴 -1-丁烯,Homoallyl bromide,乐研,25 g,25,g,1,51,running_out,wangxi,
1988/5/1,均三甲苯胺,"2,4,6-Trimethylaniline",毕得,100 g,100,g,1,64.4,running_out,wangxi,
60-18-4,L-酪氨酸,L-Tyrosine,乐研,100g,100,g,1,39,not_stocked,mengjunhong,
63-91-2,L-苯丙氨酸,"
L-Phenylalanine",乐研,100g,100,g,1,34.5,not_stocked,mengjunhong,
120-23-0,β-萘氧乙酸,2-Naphthoxyacetic acid,欣恒研,25g,25,g,1,33.25,not_stocked,mengjunhong,
23981-80-8,2-(6-甲氧基-2-萘基)丙酸,"	2-(6-Methoxynaphthalen-2-yl)propanoic acid",毕得,5g,5,g,1,84.7,not_stocked,mengjunhong,
4023-34-1,,,毕得,25g,25,g,1,58.8,not_stocked,sulingyu,
75-89-8,三氟乙醇,"	2,2,2-Trifluoroethanol",Adamas,500 g,500,g,1,136,not_stocked,wangxi,
7790-94-5,氯磺酸,Chlorosulfonic acid,安耐吉,100g,100,g,1,120.6,running_out,sulingyu,
32315-10-9,三光气,,阿拉丁,25 g,25,g,1,45.9,running_out,zhangcaifang,
775-06-4,DL-间酪氨酸,DL-m-Tyrosine,乐研,25 g,25,g,1,120,not_stocked,zhangcaifang,
556-03-6,DL-酪氨酸,"	DL-Tyrosine",伊诺凯,25 g,25,g,1,67.2,not_stocked,zhangcaifang,
150-30-1,DL-苯丙氨酸,DL-3-Phenylalanine,乐研,25 g,25,g,1,30,not_stocked,zhangcaifang,
462-08-8,3-氨基吡啶,3-Aminopyridine,伊诺凯,25 g,25,g,1,26.6,running_out,zhangcaifang,
1998/9/9,苯磺酰氯,Benzenesulfonyl Chloride,上海泰坦,100g,100,g,1,20,running_out,huwenshu,
2905-21-7,2-氟苯磺酰氯,2-Fluorobenzene-1-sulfonyl chloride,毕得,5g,5,g,1,29.4,not_stocked,huwenshu,
701-27-9,3-氟苯磺酰氯,3-Fluorobenzenesulfonyl chloride,毕得,1g,1,g,1,21,not_stocked,huwenshu,
1939-99-7,苄磺酰氯,Phenylmethanesulfonyl chloride,毕得,10g,10,g,1,27.3,not_stocked,huwenshu,
1623-93-4,对联苯苯磺酰氯,Biphenyl-4-sulfonyl Chloride,毕得,5g,5,g,1,46.2,running_out,huwenshu,
139631-62-2,环丙磺酰氯,Cyclopropanesulfonylchloride,毕得,1g,1,g,1,21,not_stocked,huwenshu,
18704-37-5,喹啉-8-磺酰氯,Quinoline-8-sulfonyl chloride,毕得,1g,1,g,1,19.6,not_stocked,huwenshu,
16133-25-8,吡啶-3-磺酰氯,Pyridine-3-sulfonyl chloride,毕得,1g,1,g,1,20.3,not_stocked,huwenshu,
35856-62-3,哌啶-1-磺酰氯,Piperidine-1-sulfonyl chloride,毕得,1g,1,g,1,79.1,not_stocked,huwenshu,
6175-45-7,"2,2-二乙氧基苯乙酮","2,2-Diethoxyacetophenot_stocked",毕得,25 g,25,g,1,33.6,not_stocked,xuyue,
24241-18-7,"2-氨基-3,5-二溴吡嗪","2-Amino-3,5-dibromopyrazine",毕得,10 g,10,g,1,38.5,not_stocked,xuyue,
110-46-3,亚硝酸异戊酯 ,Isopentyl Nitrite,毕得,25 ml,25,mL,1,23.2,not_stocked,xuyue,
598-31-2,溴丙酮,BROMOACETONE,安徽泽升,5g,5,g,1,182.7,not_stocked,xuyue,
65-86-1,乳清酸,,毕得,25g,25,g,1,21,not_stocked,xuguofeng,
821-48-7,双（2-氯乙基）胺盐酸盐,,毕得,25g,25,g,1,21,not_stocked,xuguofeng,
314741-39-4,(S)-1-N-BOC-3-哌嗪甲酸甲酯,,毕得,5g,5,g,1,354.9,not_stocked,xuguofeng,
438631-77-7,(R)-1-N-BOC-3-哌嗪甲酸甲酯,,毕得,5g,5,g,1,275.8,not_stocked,xuguofeng,
227940-71-8,"7-苄基-3,7-二氮杂二环[3.3.1]壬烷-3-甲酸叔丁酯",,毕得,1g,1,g,1,304.5,not_stocked,xuguofeng,
7719/9/7,氯化亚砜,Thionyl chloride,安耐吉,500g,500,g,1,79.2,running_out,xuguofeng,
7159-36-6,4-异喹啉甲酸,,毕得,1g,1,g,1,226.1,not_stocked,xuguofeng,
20555-91-3,"3,4-二氯碘苯",,毕得,5g,5,g,1,28.7,not_stocked,xuguofeng,
151169-75-4,"3,4-二氯苯硼酸",,伊诺凯,5g,5,g,1,34.3,not_stocked,xuguofeng,
278788-66-2,(R)-1-BOC-3-羟甲基哌嗪,,毕得,5g,5,g,1,139.9,not_stocked,xuguofeng,
314741-40-7,(S)-1-BOC-3-羟甲基哌嗪,,毕得,5g,5,g,1,340.2,not_stocked,xuguofeng,
336191-17-4,"2-BOC-2,8-二氮杂-螺[4.5]癸烷",,毕得,250mg,250,mg,1,137.9,not_stocked,xuguofeng,
,N-羟乙基酞酰亚胺,N-Hydroxyethylphthalimide,毕得,10g,10,g,1,16.8,not_stocked,xuguofeng,
57519-09-2,N'-甲基-L-组氨酸甲酯,N'-Methyl-L-histidine methyl ester,安耐吉,100mg,100,mg,1,411,not_stocked,zhaoxinyi,
7087-68-5,"N,N-二异丙基乙胺",DIPEA,百灵威,500mL,500,mL,1,138,running_out,zhaoxinyi,
506-68-3,溴化氰,Cyanogen bromide,翰隆达,5g,5,g,1,78.2,running_out,xuyue,
1998/9/9,苯磺酰氯,Benzenesulfonyl chloride,伊诺凯,100g,100,g,1,39.2,running_out,xuyue,
18448-47-0,,,凯国科技,5 g,5,g,1,288.8,running_out,chenlili,
920-37-6,2-氯丙烯腈,,安耐吉,25mL,25,mL,1,27,not_stocked,xuguofeng,
58966-93-1,"1,4,7-三氮环壬烷三盐酸盐"," 1,4,7-Triazonane trihydrochloride",毕得,5g,5,g,1,338,not_stocked,zhuminghui,
151169-75-4,"3,4-二氯苯硼酸","3,4-Dichlorophenylboronic acid",伊诺凯,5g,5,g,1,74.4,running_out,xuguofeng,
75-87-6,三氯乙醛,Chloral,伊诺凯,25g,25,g,1,23.2,not_stocked,huwenshu,
137862-53-4,缬沙坦,L-Valine,欣恒研,10g,10,g,1,68.4,not_stocked,mengjunhong,
15307-86-5,双氯芬酸,Diciofenac,毕得,10g,10,g,1,32.9,not_stocked,mengjunhong,
1738-36-9,甲氧基乙腈,Methoxyacetonitrile,,10g,10,g,1,209.3,running_out,mengjunhong,
7335-65-1,"乙酸肼
",Hydrazine acetate,毕得,25g,25,g,1,120,not_stocked,zhuminghui,
604-69-3,"(2S,3R,4S,5R,6R)-6-(乙酰氧基甲基)四氢-2H-吡喃-2,3,4,5-四乙酸四酯 ","(2S,3R,4S,5R,6R)-6-(Acetoxymethyl)tetrahydro-2H-pyran-2,3,4,5-tetrayl tetraacetate",欣恒研,25g,25,g,1,27,running_out,zhuminghui,
7389-87-9,L-组氨酸甲酯二盐酸盐,L-Histidine Methyl Ester Dihydrochloride,毕得,25g,25,g,1,41,running_out,zhaoxinyi,
3375-31-3,醋酸钯,Palladium (II) Acetate,毕得,1g,1,g,1,418.6,running_out,xuguofeng,
314741-39-4,(S)-1-N-Boc-3-哌嗪甲酸甲酯,"(S)-1-tert-Butyl 3-methyl piperazine-1,3-dicarboxylate",毕得,5g,5,g,1,354.9,running_out,xuguofeng,
438631-77-7,"(R)-1-叔丁基-3-甲基哌嗪-1,3-二羧酸酯","(R)-1-tert-Butyl 3-methyl piperazine-1,3-dicarboxylate",毕得,5g,5,g,1,275.8,running_out,xuguofeng,
59-67-6,烟酸 ,Nicotinic acid,毕得,25g,25,g,1,25.2,running_out,xuguofeng,
27993-56-2,2-羟基-4-氯苯乙酮,1-(4-CHLOROPHENYL)-2-HYDROXY-1-ETHAnot_stocked,伊诺凯,,,,1,340,running_out,douxiaodong,
80432-05-9,"	1-乙基-3-甲基咪唑四氯铝酸盐",EMIM·AlCl4,JSENB,5g,5,g,1,207,not_stocked,zhaoxinyi,
1113-41-3,L(+)-青霉胺,L-Penicillamine,毕得,250mg,250,mg,1,79,not_stocked,zhaoxinyi,
1191-15-7,二异丁基氢化铝,DIBAL-H,安耐吉,100 mL,100,mL,1,38,not_stocked,wangxi,
80432-05-9,"	1-乙基-3-甲基咪唑四氯铝酸盐",EMIM·AlCl4,阿拉丁,25g,25,g,1,279,not_stocked,zhaoxinyi,
18162-48-6,叔丁基二甲基氯硅烷,"	TBSCl",毕得医药,25g,25,g,1,21,running_out,zhaoxinyi,
75-36-5,"	乙酰氯",Acetyl chloride,安耐吉,25mL,25,mL,1,27,running_out,zhaoxinyi,
56-81-5,甘油,,虹湖联合,500mL ,500,mL,1,103.5,running_out,xuguofeng,
6436-90-4,N-苄基甘氨酸乙酯,,毕得医药,25g,25,g,1,31.5,not_stocked,xuguofeng,
51186-58-4,叔丁氧羰基-D-天冬氨酸 4-苄酯,,毕得医药,10g,10,g,1,77.7,not_stocked,xuguofeng,
7536-58-5,Boc-L-天冬氨酸 4-苄酯,,毕得医药,10g,10,g,1,39.9,not_stocked,xuguofeng,
57260-67-0,"1-(3,4-二氯苯基)哌嗪",,虹湖联合,1g,1,g,1,128,not_stocked,xuguofeng,
7632-00-0,亚硝酸钠,"Sodium nitrite
",伊诺凯,500g,500,g,1,31.2,running_out,chengzengrui,
443-69-6,5-氟靛红,5-Fluoroisatin,凯国科技,25g,25,g,1,157.7,running_out,chengzengrui,
,乙腈（HPLC）,,通广,500mL*2,500,ml,2,33,running_out,chengzengrui,
,乙腈（AR）,,通广,500mL*8,500,ml,8,28,running_out,chengzengrui,
120-92-3,环戊酮,"Cyclopentanot_stocked
",伊诺凯,100g,100,g,1,23.2,running_out,chengzengrui,
2712-78-9,"[双(三氟乙酰氧基)碘]苯
","[Bis(trifluoroacetoxy)iodo]benzene
",毕得,25g,25,g,1,56,running_out,chengzengrui,
1576-35-8,"对甲苯磺酰肼
","4-Methylbenzenesulfonhydrazide
",伊诺凯,100g,100,g,1,40.8,running_out,chengzengrui,
69797-49-5,2-氨基-3-甲基苯甲腈,"2-AMINO-3-CYANOTOLUENE
",凯国,1g,1,g,1,429.4,not_stocked,chengzengrui,
113-92-8,马来酸氯苯那敏,"Chlorpheniramine maleate
",伊诺凯,5g,5,g,1,41.6,not_stocked,chengzengrui,
58473-74-8,反-3-溴-N-乙基肉桂酰胺,TRANS-3-BROMO-N-ETHYLCINNAMAMIDE,毕得,1g,1,g,1,205.1,not_stocked,chengzengrui,
87205-99-0,二氢丹参酮 I,Dihydrotanshinot_stocked I,植标,100mg,100,mg,1,760,not_stocked,sulingyu,
503-20-8,氟乙腈,Fluoroacetonitrile,虹湖联合,1g,1,g,1,205.2,not_stocked,mengjunhong,
107-14-2,氯乙腈,Chloroacetonitrile,百灵威,100g,100,g,1,175.95,running_out,mengjunhong,
7789-23-3,氟化钾,Potassium fluoride,伊诺凯,250g,250,g,1,28,running_out,mengjunhong,
1115-70-4,盐酸二甲双胍,"	1,1-Dimethylbiguanide Hydrochloride",毕得,5g,5,g,1,14,not_stocked,zhaoxinyi,
21829-25-4,硝苯地平,"	Dimethyl 2,6-dimethyl-4-(2-nitrophenyl)-1,4-dihydropyridine-3,5-dicarboxylate",毕得,1g,1,g,1,21,not_stocked,zhaoxinyi,
152-11-4,盐酸维拉帕米,"5-((3,4-Dimethoxyphenethyl)(methyl)amino)-2-(3,4-dimethoxyphenyl)-2-isopropylpentanenitrile hydrochloride",毕得,1g,1,g,1,34,not_stocked,zhaoxinyi,
16051-77-7,5-硝酸异山梨酯,"	Isosorbide 5-Nitrate",阿拉丁,1g,1,g,1,23,not_stocked,zhaoxinyi,
88889-14-9,福辛普利钠,Fosinopril Sodium,Adamas,250mg,250,mg,1,28,not_stocked,zhaoxinyi,
3506-09-0,"	盐酸普萘洛尔","	Propranolol hydrochloride",MACKLIN,100mg,100,mg,1,78,not_stocked,zhaoxinyi,
107133-36-8,培哚普利叔丁胺盐,Perindopril erbumine,源叶,250mg,250,mg,1,80,not_stocked,zhaoxinyi,
86541-74-4,盐酸贝那普利,"	Benazepril HCl",阿拉丁,250mg,250,mg,1,39,not_stocked,zhaoxinyi,
135046-48-9,硫酸氢氯吡格雷,"	Clopidogrel (sulfate)",乐研,250mg,250,mg,1,30,not_stocked,zhaoxinyi,
129-06-6,"	华法林钠",3-(A-ACETONYLBENZYL)-4-HYDROXYCOUMARIN， SODIUM CLAT,MACKLIN,1g,1,g,1,39,not_stocked,zhaoxinyi,
503612-47-3,阿哌沙班,Apixaban,笛柏,25mg,25,mg,1,28,not_stocked,zhaoxinyi,
62571-86-2,卡托普利,Captopril,笛柏,1g,1,g,1,47,not_stocked,zhaoxinyi,
76095-16-4,"	马来酸依那普利","	EnalaprilMaleate",源叶,1g,1,g,1,25,not_stocked,zhaoxinyi,
33286-22-5,"	盐酸地尔硫卓",diltiazem hydrochloride,笛柏,250mg,250,mg,1,51,not_stocked,zhaoxinyi,
137862-53-4,缬沙坦,"	N-Valeryl-N-[2'-(1H-tetrazol-5-yl)biphenyl-4-ylmethyl]-L-valine",源叶,50mg,50,mg,1,16,not_stocked,zhaoxinyi,
26807-65-8,吲达帕胺,Indapamide,笛柏,250mg,250,mg,1,28,not_stocked,zhaoxinyi,
96829-58-2,奥利司他,"(S)-(S)-1-((2S,3S)-3-Hexyl-4-oxooxetan-2-yl)tridecan-2-yl 2-formamido-4-methylpentanoate	",毕得,1g,1,g,1,30,not_stocked,zhaoxinyi,
56180-94-0,"	阿卡波糖","	Acarbose","	研峰/INFI",250mg,250,mg,1,46,not_stocked,zhaoxinyi,
668270-12-0,利格列汀,"	Linagliptin",阿拉丁,10mg,10,mg,1,23,not_stocked,zhaoxinyi,
59865-13-3,环孢菌素A,"	Cyclosporin A","	Adamas",250mg,250,mg,1,22,not_stocked,zhaoxinyi,
7496-46-0,8-溴甲基喹啉,8-Bromomethylquinoline,欣恒研,1g,1,g,1,189,not_stocked,zhaoxinyi,
64-04-0,"	苯乙胺",2-PhenylethylaMine,伊诺凯,25g,25,g,1,32,degraded,zhaoxinyi,
7496-46-0,8-溴甲基喹啉,8-Bromomethylquinoline,Adamas,1g,1,g,1,147,not_stocked,zhaoxinyi,
608-05-9,"5-甲基二氢吲哚-2,3-二酮","
5-Methylisatin
",毕得医药,25g,25,g,1,56,running_out,chengzengrui,
39603-24-2,"5,7-二甲基靛红
","5,7-DIMETHYLISATIN
",毕得医药,10g,10,g,1,194.25,running_out,chengzengrui,
611-09-6,"5-硝基靛红
","5-Nitroisatin
",毕得医药,5g,5,g,1,51,running_out,chengzengrui,
87-48-9,"5-溴靛红
","5-Bromoisatin
",Adamas,25g,25,g,1,78.4,running_out,chengzengrui,
25128-35-2,"2,3-二氧吲哚林-7-羧酸","2,3-DIOXOINDOLINE-7-CARBOXYLIC ACID
",毕得医药,,,,1,124.6,running_out,chengzengrui,
91-56-5,"靛红
","Isatin
",Adamas,100g,100,g,1,43.2,running_out,chengzengrui,
10111-08-7,咪唑-2-甲醛,1H-Imidazole-2-carbaldehyde,毕得医药,5g,5,g,1,93.8,not_stocked,huwenshu,
80432-05-9,"	1-乙基-3-甲基咪唑四氯铝酸盐",EMIM·AlCl4,Adamas,5g,5,g,1,103,not_stocked,zhaoxinyi,
623-73-4,重氮乙酸乙酯,"Ethyl diazoacetate, 95%, for synthesis, contains 5% CH2Cl2",百灵威,25g,25,g,1,114.75,running_out,zhuminghui,
27607-77-8,三氟甲磺酸三甲基硅酯,Trimethylsilyl trifluoromethanesulfonate,毕得,100g,100,g,1,56,running_out,zhuminghui,
110-70-3,"	N,N'-二甲基乙二胺","N,N'-Dimethyl-1,2-ethanediamine",毕得,25 g,25,g,1,42,not_found,wangxi,
7778-01-0,"3,5-二氯溴苄","1-(bromomethyl)-3,5-dichlorobenzene",安耐吉,5 g,5,g,1,268.2,not_stocked,wangxi,
27757-85-3,2-噻吩甲胺,2-Thiophenemethylamine,毕得医药,10 g,10,g,1,64.4,not_stocked,wangxi,
2144478-62-4,3-氨基双环[1.1.1]戊烷-1-基)氨基甲酸叔丁酯盐酸盐,tert-Butyl (3-aminobicyclo[1.1.1]pentan-1-yl)carbamate hydrochloride,毕得医药,100mg,100,mg,1,329.7,not_stocked,xuguofeng,
186550-13-0,3-氨基吡咯烷-1-羧酸叔丁酯,tert-Butyl 3-aminopyrrolidine-1-carboxylate,毕得医药,5g,5,g,1,116.9,not_stocked,xuguofeng,
112275-50-0,"1,4-二氮杂环庚烷-1-甲酸叔丁酯","
tert-Butyl 1,4-diazepane-1-carboxylate",毕得医药,5g,5,g,1,86.8,not_stocked,xuguofeng,
1211586-09-2,6-氨基-2-氮杂螺[3.3 ]庚烷-2-甲酸叔丁酯,6-Amino-2-aza-spiro[3.3]heptane-2-carboxylic acid tert-butyl ester,毕得医药,,,,1,304.5,not_stocked,xuguofeng,
5625-67-2,2-哌嗪酮, Piperazin-2-one,毕得医药,25g,25,g,1,76,not_stocked,douxiaodong,
23936-11-0,3甲基2酮哌嗪 ,3-Methyl-2-ketopiperazine,百灵威,250mg,250,mg,1,253,not_stocked,douxiaodong,
1455-13-6,氘代甲醇,"	METHANOL-D",百灵威,25mL,25,mL,1,272,running_out,zhaoxinyi,
22476-74-0,"3,3-甲基哌嗪-2-酮 ","3,3-Dimethylpiperazin-2-one",毕得医药,1g,1,g,1,92,not_stocked,douxiaodong,
99822-50-1,"1,4-二氮杂环庚-2-酮 ","1,4-Diazepan-2-one",毕得医药,250mg,250,mg,1,282,not_stocked,douxiaodong,
2216-92-4,N-苯甘氨酸乙酯 ,N-Phenylglycine Ethyl Ester,毕得医药,5g,5,g,1,55,not_stocked,douxiaodong,
1513-87-7,"双(2,2,2-三氟乙基)碳酸酯 ","Bis(2,2,2-trifluoroethyl) carbonate",毕得医药,5g,5,g,1,92,not_stocked,douxiaodong,
70955-01-0,"分子筛, 4A ","Molecular sieves, 4A, particle size: 3 - 5 mm",百灵威,5 kg,5,kg,1,418.2,running_out,tanhui,
67492-50-6,"3,5-二氯苯硼酸 ","3,5-Dichlorophenylboronic acid",毕得医药,10g,10,g,1,51.8,not_stocked,tanhui,
28165-45-9,3-溴-2-羟基苯甲酸甲酯, Methyl 3-bromo-2-hydroxybenzoate,毕得医药,1g,1,g,1,158.2,not_stocked,tanhui,
126726-62-3,异丙烯基硼酸频哪醇酯 ,"4,4,5,5-Tetramethyl-2-(prop-1-en-2-yl)-1,3,2-dioxaborolane",毕得医药,10g,10,g,1,36.4,running_out,tanhui,
109-99-9,四氢呋喃（超干）,Tetrahydrofuran,百灵威,500mL*2,500,ml,2,83,not_stocked,zhangcaifang,
54608-52-5,吡嗪-2-肼,,毕得,5g,5,g,1,81.2,not_stocked,xuguofeng,
314741-40-7,(S)-1-BOC-3-羟甲基哌嗪,(S)-4-N-Boc-2-(hydroxymethyl)piperazine,毕得,5g,5,g,1,268.8,running_out,xuguofeng,
278788-66-2,(R)-1-BOC-3-羟甲基哌嗪,,毕得,5g,5,g,1,105,running_out,xuguofeng,
1450-75-5,2-羟基-5-溴苯乙酮,1-(5-Bromo-2-hydroxyphenyl)ethanot_stocked,毕得,10g,10,g,1,38.5,running_out,huwenshu,
875781-43-4,"5-溴-4,7-二氮杂吲哚","2-Bromo-5H-pyrrolo[2,3-b]pyrazine",毕得,5g,5,g,1,206.5,not_stocked,huwenshu,
877-03-2,5-溴吲哚-3-甲醛,5-Bromo-1H-indole-3-carbaldehyde,毕得,1g,1,g,1,22.4,running_out,huwenshu,
503-20-8,氟乙腈,Fluoroacetonitrile,阿拉丁,1g,1,g,1,359.1,not_stocked,mengjunhong,
148893-10-1,"2-(7-偶氮苯并三氮唑)-N,N,N',N'-四甲基脲六氟磷酸酯",HATU,毕得,10g,10,g,1,28,running_out,wangxi,
1976/5/1,三氟乙酸,trifluoroacetic acid,MACKLIN,100 ml,100,mL,1,78.75,running_out,wangxi,
20443-99-6,"2,4-二氯溴苄"," 1-(Bromomethyl)-2,4-dichlorobenzene",毕得,5 g,5,g,1,297.5,running_out,wangxi,
20555-91-3,"3,4-二氯碘苯","3,4-Dichloroiodobenzene",毕得,25 g,25,g,1,60.2,running_out,wangxi,
7159-36-6,4-异喹啉甲酸,,毕得,1 g,1,g,1,180.6,not_stocked,zhangcaifang,
22960-16-3,4-异喹啉甲醛,,毕得,1 g,1,g,1,126.7,not_stocked,zhangcaifang,
76003-29-7,1-Boc-3-哌嗪酮, 1-Boc-3-Oxopiperazine,毕得,25g,25,g,1,54,running_out,douxiaodong,
100-39-0,溴苄 ,Benzyl bromide,JK,25g,25,g,1,107,running_out,douxiaodong,
611-17-6,2-氯苄溴, 1-(Bromomethyl)-2-chlorobenzene,毕得,5g,5,g,1,76,running_out,douxiaodong,
6436-90-4,N-苄基甘氨酸乙酯, Ethyl 2-(benzylamino)acetate,毕得,10g,10,g,1,16,running_out,douxiaodong,
178752-79-9,"
3-(N,N-二甲基氨基)苯基硼酸"," 3-(N,N-Dimethylamino)phenylboronic acid",毕得,1g,1,g,1,52.5,not_stocked,tanhui,
13073-28-4,3-溴-2-羟基苯甲腈, 3-Bromo-2-hydroxybenzonitrile,毕得,1 g,1,g,1,94.5,not_stocked,tanhui,
358-23-6,三氟甲磺酸酐,Trifluoromethanesulfonic anhydride,毕得,25g,25,g,1,42.7,running_out,sunyichen,
10049-08-8,三氯化钌,,毕得,5g,5,g,1,420.7,not_stocked,xuguofeng,
5292-43-3,溴乙酸叔丁酯,,虹湖联合,25g,25,g,1,61.2,not_stocked,xuguofeng,
787618-22-8,"2-二环己基磷-2',6'-二异丙氧基-1,1'-联苯",,毕得,5g,5,g,1,42.7,running_out,xuguofeng,
7647/10/1,氯化钯,,毕得,1g,1,g,1,570.5,running_out,xuguofeng,
3598-14-9,苯氧乙腈,2-Phenoxyacetonitrile,乐妍,1g,1,g,1,69.75,not_stocked,mengjunhong,
123-99-9,壬二酸,,毕得,25g,25,g,1,19.6,running_out,xuguofeng,
40530-18-5,5-溴-2-羟基苯甲腈 ,5-Bromo-2-hydroxybenzonitrile,毕得,10g,10,g,1,56.7,running_out,tanhui,
1314-56-3,五氧化二磷,Phosphorus pentoxide,安耐吉,250g,250,g,1,31.5,not_stocked,mengjunhong,
2178-24-7,"	2-溴苯乙酸乙酯","	Ethyl 2-(2-bromophenyl)acetate
",毕得,10g,10,g,1,254,not_stocked,zhuminghui,
7159-36-6,4-异喹啉甲酸, Isoquinoline-4-carboxylic acid,毕得,5G,5,g,1,653,running_out,douxiaodong,
75-89-8,"2,2,2三氟乙醇 ","2,2,2-Trifluoroethanol",JK,25ML,25,mL,1,101,not_stocked,douxiaodong,
29241-62-1,5-溴-6-氯烟酸,,毕得,5g,5,g,1,86.1,running_out,xuguofeng,
2799-21-5,(R)-3-吡咯烷醇,,毕得,10g,10,g,1,81.2,running_out,xuguofeng,
903550-26-5,1-(2-四氢吡喃基)-1H-吡唑-5-硼酸频哪酯,,毕得,25g,25,g,1,86.8,running_out,xuguofeng,
301673-16-5,1-BOC-3-羟甲基哌嗪,3-HYDROXYMETHYL-PIPERAZINE-1-CARBOXYLIC ACID TERT-BUTYL ESTER,毕得,25 g,25,g,1,385,not_stocked,wangxi,
20555-91-3,"3,4-二氯碘苯","3,4-Dichloroiodobenzene",毕得,25 g,25,g,1,60.2,running_out,wangxi,
3240-34-4,碘苯二乙酸,(Diacetoxyiodo)benzene,毕得,25 g,25,g,1,19.6,running_out,wangxi,
2712-78-9,[双(三氟乙酰氧基)碘]苯,(Bis(trifluoroacetoxy)iodo)benzene,毕得,25 g,25,g,1,43.6,running_out,wangxi,
536-80-1,亚碘酰苯,idosylbenzene,希恩思,25g,25,g,1,352,running_out,wangxi,
100-76-5,奎宁环,Quinuclidine,乐研,1 g,1,g,1,168.75,running_out,wangxi,
77-92-9,"	柠檬酸",Citric acid,毕得,10g,10,g,1,11,not_stocked,zhaoxinyi,
760-79-2,,,毕得,5g,5,g,1,136.5,not_stocked,sunyichen,
7752-82-1,5-溴嘧啶-2-胺,5-Bromopyrimidin-2-amine,毕得,10g,10,g,1,20.3,not_stocked,huwenshu,
24424-99-5,二碳酸二叔丁酯,   Di-tert-butyl Dicarbonate,jk,25g,25,g,1,84,not_stocked,zhuminghui,
503-20-8,氟乙腈,Fluoroacetonitrile,阿拉丁,5g,5,g,1,1055,not_stocked,mengjunhong,
62996-74-1,环孢菌素,staurosporine,毕得,25mg,25,mg,1,546.7,not_stocked,sulingyu,
144104-59-6,5-吲哚硼酸,5-Indolylboronic acid,毕得,5g,5,g,1,210,running_out,chengzengrui,
3375-31-3,醋酸钯,Palladium(II) acetate,,1g,1,g,1,417.9,not_stocked,admin,
677-22-5,叔丁基氯化镁,"tert-Butylmagnesium chloride, 1.0 M solution in THF",百灵威,100mL,100,mL,1,59,not_stocked,chengzengrui,
,"四氢呋喃
",,,500mL*8,500,ml,8,38,not_stocked,admin,
894-71-3,盐酸去甲替林,NORTRIPTYLINE HYDROCHLORIDE,伊诺凯,5g,5,g,1,349.6,not_stocked,chengzengrui,
159847-80-0,4-氨基-3-氰基苯甲酸甲酯,"Benzoic acid, 4-aMino-3-cyano-, Methyl ester
",毕得,1g,1,g,1,438.9,not_stocked,chengzengrui,
20880-92-6,"((3aS,5aR,8aR,8bS)-2,2,7,7-四甲基四氢氢-3aH-双([1,3]二氧基)[4,5-b:4',5'-d]吡喃-3a-基)甲醇 ",Diacetonefructose,,10g,10,g,1,42.7,not_stocked,admin,
7790-28-5,高碘酸钠,Sodium periodate,JK,25g,25,g,1,34,running_out,xuguofeng,
13682-77-4,乙烯三氟硼酸钾,POTASSIUM VINYLTRIFLUOROBORATE,毕得,5g,5,g,1,21,running_out,xuguofeng,
542-28-9,,,毕得,25g,25,g,1,4.9,not_stocked,zhaobinzhi,
13965-03-2,双(三苯基膦)二氯化钯(II),Dichlorobis(triphenylphosphine)palladium(II),JK,5g,5,g,1,787,running_out,xuguofeng,
5108-96-3,吡咯烷二硫代甲酸铵盐,Ammonium 1-pyrrolidinedithiocarbamate,毕得,100g,100,g,1,220.5,not_stocked,xuguofeng,
67-56-1,甲醇,Methanol HPLC-2500mL,,2500mL,2500,mL,1,50,not_stocked,admin,
1968/12/2,"N,N-二甲基甲酰胺",DMF,,500mL,500,mL,1,18,not_stocked,admin,
109-99-9,"
四氢呋喃",THF,,500mL,500,mL,1,38,not_stocked,admin,
107-94-8,3-氯丙酸,,虹湖联合,25g,25,g,1,116.8,not_stocked,xuguofeng,
503-20-8,氟乙腈,Fluoroacetonitrile,阿拉丁,5g,5,g,1,1075.5,running_out,mengjunhong,
7789-23-3,氟化钾（无水）,Potassium fluoride,阿拉丁,100g,100,g,1,52,not_stocked,mengjunhong,
106-42-3,对二甲苯（超干）,P-Xylene SafeDry,Adamas,500mL,500,mL,1,244,not_stocked,mengjunhong,
1979/7/2,氯乙酰胺,Chloroacetamide,阿拉丁,100g,100,g,1,36.9,running_out,mengjunhong,
1435-49-0,"1,2-二氯-4-氟苯","1,2-Dichloro-4-fluorobenzene",JK,25 g,25,g,1,373.15,not_stocked,zhangcaifang,
51364-51-3,"	三(二亚苄基丙酮)二钯",Tris(dibenzylideneacetone)dipalladium,JK,5g,5,g,1,955,not_stocked,zhangcaifang,
7647-01-0,盐酸,,现代东方,500mL,500,mL,1,14,running_out,wangxi,
140-28-3,"N,N-二苄基乙二胺","N,N'-Bis(phenylmethyl)-1,2-ethanediamine",毕得,25g,25,g,1,149.1,not_stocked,wangxi,
1117-71-1,4-溴丁-2-烯酸甲酯,Methyl 4-bromocrotonate,毕得,10 g,10,g,1,94.5,not_stocked,wangxi,
58632-95-4,2-(叔丁氧羰基氧亚氨基)-2-苯乙腈,2-(tert-Butoxycarbonyloxyimino)-2-phenylacetonitrile,罗恩,25 g,25,g,1,77.28,not_stocked,wangxi,
819050-89-0,"双[(α,α,α',α'-四甲基-1,3-苯二丙酸)铑]","Bis[rhodium(α,α,α',α'-tetramethyl-1,3-benzenedipropionic acid)]",毕得医药,100mg,100,mg,1,384.3,not_stocked,chengzengrui,
16858-01-8,三(2-吡啶基甲基)胺,"tris(2-pyridylmethyl)amine
",毕得医药,1 g,1,g,1,45.5,running_out,chengzengrui,
540-80-7,"亚硝酸叔丁酯
","tert-Butyl nitrite
","Amethyst
",100mL,100,mL,1,123.25,running_out,chengzengrui,
129799-08-2,1--BOC-3-哌嗪甲酸甲酯,,乐研,10g,10,g,1,330,not_stocked,xuguofeng,
625-84-3,"2,5-二甲基吡咯
","2,5-Dimethyl-1H-pyrrole
",毕得医药,25 g,25,g,1,100.8,not_stocked,chengzengrui,
50741-46-3,"3-喹啉甲酸乙酯
","QUINOLINE-3-CARBOXYLIC ACID ETHYL ESTER
",毕得医药,1 g,1,g,1,107.8,not_stocked,chengzengrui,
4648-54-8,叠氮基三甲基硅烷,Trimethylsilyl azide,"Aladdin
",25mL,25,mL,1,122.4,running_out,chengzengrui,
134523-00-5,阿托伐他汀,Atorvastatin,安耐吉,5g,5,g,1,79.2,not_stocked,mengjunhong,
20880-92-6,,,毕得医药,5g,5,g,1,80.5,not_stocked,chengzengrui,
38289-29-1,反式-4-戊基环己烷甲酸,trans-4-Pentylcyclohexanecarboxylic acid,毕得医药,5g,5,g,1,15.4,not_stocked,mengjunhong,
134523-00-5,阿托伐他汀,Atorvastatin,毕得医药,1g,1,g,1,415.8,not_stocked,mengjunhong,
2873-18-9,2-溴-5-氯噻吩,,毕得医药,1g,1,g,1,8.4,not_stocked,xuguofeng,
59646-16-1,"6,7-二氢-5H-吡咯[1,2-A]咪唑",,毕得医药,1g,1,g,1,445.9,not_stocked,xuguofeng,
84606-45-1,1-异丙基-2-甲基咪唑,,伊诺凯,1g,1,g,1,96,not_stocked,xuguofeng,
943-29-3,反式-4-叔丁基环己羧酸,trans-4-(tert-Butyl)cyclohexanecarboxylic acid,毕得医药,1g,1,g,1,126,not_stocked,mengjunhong,
943-28-2,顺-4-叔丁基环己甲酸,cis-4-tert-Butylcyclohexanecarboxylic Acid,麦克林,1g,1,g,1,278.4,not_stocked,mengjunhong,
7664-41-7,氨 溶液,Ammonia solution,虹湖联合,"
100ml",100,mL,1,159.2,not_stocked,xuguofeng,
5535-48-8,苯基乙烯基砜,,毕得,5g,5,g,1,25.2,not_stocked,xuguofeng,
31928-44-6,2-溴-4-氯-1-碘苯,,毕得,10g,10,g,1,46.2,not_stocked,xuguofeng,
31928-46-8,2-溴-1-氯-4-碘苯,,毕得,5g,5,g,1,256.81,not_stocked,xuguofeng,
148893-10-1,"2-(7-偶氮苯并三氮唑)-N,N,N',N'-四甲基脲六氟磷酸酯",HATU,毕得,10g,10,g,1,28.7,not_stocked,wangxi,
148893-10-1,"2-(7-偶氮苯并三氮唑)-N,N,N',N'-四甲基脲六氟磷酸酯",HATU,毕得,25 g,25,g,1,70.7,running_out,wangxi,
144701-48-4,替米沙坦-标准品，生物纯,Telmisartan,meilunbio/美仑生物,100mg,100,mg,1,190,not_stocked,zhaoxinyi,
134523-03-8,阿托伐他汀钙,Atorvastatin Hemicalcium,毕得医药,1g,1,g,1,144.9,not_stocked,mengjunhong,
12125-01-8,氟化铵,Ammonium fluoride,麦克林,25g,25,g,1,39,not_stocked,mengjunhong,
766-84-7,3-氯苯腈,,毕得,10g,10,g,1,25.9,not_stocked,xuguofeng,
56043-01-7,2-氨基-6-甲基苯甲腈,"2-AMINO-6-METHYLBENZONITRILE
",毕得,1 g,1,g,1,62.3,not_stocked,chengzengrui,
69797-49-5,2-氨基-3-甲基苯甲腈,"2-AMINO-3-CYANOTOLUENE
",毕得,1 g,1,g,1,173.6,running_out,chengzengrui,
3100-67-2,1-氨基-2-氰基萘,"1-amino-2-naphthonitrile
",毕得,1 g,1,g,1,289.8,not_stocked,chengzengrui,
51073-69-9,(2-氨基-5-碘苯基)(苯基)甲酮,"2-AMino-5-iodobenzophenot_stocked
",毕得,250mg*2,250,mg,2,104.3,not_stocked,chengzengrui,
1529-17-5,三甲基(苯氧基)硅烷,"Trimethyl(phenoxy)silane
",毕得,5 g,5,g,1,105,not_stocked,chengzengrui,
20191-75-7,"1-溴萘-2-胺
","2-AMINO-1-BROMONAPHTHALENE
",毕得,5g,5,g,1,359.89,not_stocked,chengzengrui,
141-22-0,蓖麻油酸,Ricinoleic acid,毕得,100g,100,g,1,27.3,not_stocked,mengjunhong,
13754-38-6,1-苯甲酰基哌嗪,1-Benzoylpiperazine,毕得,10g,10,g,1,193,not_stocked,douxiaodong,
437-81-0,"2,6-二氟苯甲醛","2,6-二氟苯甲醛",毕得,5g,5,g,1,23,not_stocked,zhaoxinyi,
57260-71-6,1-叔丁氧羰基哌嗪,"	tert-Butyl 1-piperazinecarboxylate",毕得,25g,25,g,1,35,running_out,zhaoxinyi,
4442-85-7,"	2-环己基乙胺",2-Cyclohexylethanamine,毕得,1g,1,g,1,311,not_stocked,zhaoxinyi,
25952-53-8,1-乙基-(3-二甲基氨基丙基)碳酰二亚胺盐酸盐,1-(3-Dimethylaminopropyl)-3-ethylcarbodiimide hydrochloride,毕得,5g,5,g,1,15,not_stocked,zhaoxinyi,
619-66-9,"	对醛基苯甲酸","	4-Formylbenzoic acid",毕得,10g,10,g,1,16,not_stocked,zhaoxinyi,
22367-82-4,3-甲基苯并呋喃-2-羧酸乙酯, Ethyl 3-methylbenzofuran-2-carboxylate,毕得,25g,25,g,1,467,running_out,douxiaodong,
59084-06-9,1-(2-硝基苯基)哌嗪 ,1-(2-nitrophenyl)piperazine,乐妍,10g,10,g,1,138,not_stocked,douxiaodong,
18531-95-8,"(S)-1,1'-联-2-萘胺 ","(S)-1,1'-Binaphthyl-2,2'-diamine",毕得,5g,5,g,1,151,not_stocked,zhuminghui,
1148-79-4,"2,2':6',2""-三联吡啶"," 2,2':6',2''-Terpyridine",毕得,5g,5,g,1,353,not_stocked,zhuminghui,
185346-17-2,"2,6-双[(4R)-4-叔丁基-2-唑啉基]吡啶 ","2,6-Bis((R)-4-(tert-butyl)-4,5-dihydrooxazol-2-yl)pyridine",毕得,,,,1,,not_stocked,zhuminghui,
484-11-7,"2,9-二甲基-1,10-菲罗啉 ","2,9-Dimethyl-1,10-phenanthroline",毕得,5g,5,g,1,60,not_stocked,zhuminghui,
220108-54-3,"(R)-4-苯基-2-(喹啉-2-基)-4,5-二氢噁唑"," (R)-4-Phenyl-2-(quinolin-2-yl)-4,5-dihydrooxazole",毕得,1g,1,g,1,382,not_stocked,zhuminghui,
131833-92-6,"(R)-4-苯基-2-(喹啉-2-基)-4,5-二氢噁唑"," (R)-4-Phenyl-2-(quinolin-2-yl)-4,5-dihydrooxazole",毕得,1g,1,g,1,297,not_stocked,zhuminghui,
4733-39-5,"2,9-二甲基-4,7-联苯-1,10-邻二氮杂菲 ","2,9-Dimethyl-4,7-diphenyl-1,10-phenanthroline",毕得,1g,1,g,1,67,running_out,zhuminghui,
87330-27-6,"1,10-菲咯啉-4,7(1H,10H)-二酮"," 1,10-Phenanthroline-4,7(1H,10H)-dione",毕得,1g,1,g,1,190,not_stocked,zhuminghui,
148925-97-7,"(4R,4'R)-4,4'-二异丙基-4,4',5,5'-四氢-2,2'-双噁唑 ","(4R,4'R)-4,4'-Diisopropyl-4,4',5,5'-tetrahydro-2,2'-bioxazole",毕得,250mg,250,mg,1,388,not_stocked,zhuminghui,
276254-59-2,"2,2'-(丙烷-2,2-二基)双(4-苯基-4,5-二氢恶唑)"," 2,2'-(Propane-2,2-diyl)bis(4-phenyl-4,5-dihydrooxazole)",毕得,1g,1,g,1,422,not_stocked,zhuminghui,
4411-80-7,"6,6'-二甲基-2,2'-联吡啶"," 6,6'-Dimethyl-2,2'-bipyridine",毕得,5g,5,g,1,95,running_out,zhuminghui,
180186-94-1,"2,2'-亚甲基双[(3AR,8AS)-3A,8A-二氢-8H-茚苯[1,2-D]并恶唑] ","Bis((3aR,8aS)-8,8a-dihydro-3aH-indeno[1,2-d]oxazol-2-yl)methane",毕得,1g,1,g,1,189,not_stocked,zhuminghui,
6859-28-5,",6'-二叔丁基-2,2'-联吡啶 ","6,6'-Di-tert-butyl-2,2'-bipyridine",毕得,250mg,250,mg,1,313,running_out,zhuminghui,
72914-19-3,"4,4'-二叔丁基-2,2'-二吡啶"," 4,4'-Di-tert-butyl-2,2'-bipyridine",毕得,1g,1,g,1,36,not_stocked,zhuminghui,
314741-39-4,(S)-1-N-Boc-3-哌嗪甲酸甲酯,"(S)-1-tert-Butyl 3-methyl piperazine-1,3-dicarboxylate",毕得医药,5g,5,g,1,212.1,running_out,xingyihong,
129799-15-1,N-1-Boc-2-哌嗪甲酸甲酯,"1-(tert-Butyl) 2-methyl piperazine-1,2-dicarboxylate",毕得医药,5g,5,g,1,294,not_stocked,xingyihong,
65739-40-4,"	2,2'-联吡啶-6,6'-二甲酸乙酯","	DIETHYL 2,2'-BIPYRIDINE-6,6'-DICARBOXYLATE
",毕得医药,5g,5,g,1,242,not_stocked,zhuminghui,
36697-72-0,"	2,2-双(2-唑啉)","	2,2'-BIS(2-OXAZOLINE)
",安耐吉,1g,1,g,1,181,not_stocked,zhuminghui,
3375-31-3,乙酸钯(Ⅱ),Palladium Acetate,"	Sigma-Aldrich",1g,1,g,1,764.6,running_out,mengjunhong,
3663-80-7,4-苯并二噁烷-2-羧酸,,毕得医药,5g,5,g,1,20.3,running_out,mengjunhong,
943060-59-1,"	(杂氮环丁-3-基)(甲基)氨基甲酸叔丁酯盐酸盐",(Azetidin-3-yl)(methyl)carbamic acid tert-butyl ester hydrochloride,毕得,1g,1,g,1,51,not_stocked,zhaoxinyi,
688363-66-8,"1-BOC-2,6-二甲基哌嗪","	1-BOC-2,6-DIMETHYL-PIPERAZINE",毕得,1g,1,g,1,151,not_stocked,zhaoxinyi,
121492-06-6,N-Boc-N-甲基乙二胺,N-Boc-N-methylethylenediamine,毕得,1g,1,g,1,19,not_stocked,zhaoxinyi,
236406-55-6,"2-叔丁氧羰基-2,7-二氮杂螺[3.5]壬烷","2-(tert-Butoxycarbonyl)-2,7-diazaspiro[3.5]nonane",毕得,1g,1,g,1,93,running_out,zhaoxinyi,
93919-56-3,"	4-(三氟甲氧基)苯甲胺",4-(TRIFLUOROMETHOXY)BENZYLAMINE,毕得,1g,1,g,1,22,not_stocked,zhaoxinyi,
3300-51-4,4-(三氟甲基)苄胺,4-(Trifluoromethyl)benzylamine,毕得,1g,1,g,1,17,running_out,zhaoxinyi,
446-52-6,2-氟苯甲醛,2-Fluorobenzaldehyde,毕得,100g,100,g,1,25,running_out,zhaoxinyi,
134523-03-8,,,Adamas,5g,5,g,1,120,not_stocked,admin,
534-17-8,碳酸铯,,毕得,100g,100,g,1,116,running_out,huotongyu,
17217-57-1,"4,4'-二甲氧基-2,2'-联吡啶","4,4'-DIMETHOXY-2,2'-BIPYRIDINE",毕得,10g,10,g,1,430,running_out,huotongyu,
119752-83-9,"1,4-二氮杂双环[2.2.2]辛烷-1,4-二鎓-1,4-二亚磺酸","1,4-Diazabicyclo[2.2.2]octane-1,4-diium-1,4-disulfinate",毕得,25g,25,g,1,436,running_out,huotongyu,
140695-84-7,(S)-3-(羟甲基)哌啶-1-羧酸叔丁酯,tert-Butyl (S)-3-(hydroxymethyl)piperidine-1-carboxylate,毕得,5g,5,g,1,109.2,not_stocked,xuyue,
100367-77-9,2-溴噻唑-4-甲酸乙酯,Ethyl 2-bromothiazole-4-carboxylate,毕得,10g,10,g,1,112,not_stocked,xuyue,
54060-30-9,3-氨基苯炔,3-Ethynylaniline,毕得,5g,5,g,1,18.9,running_out,xuyue,
24850-33-7,烯丙基三丁基锡烷,Allyltributylstannane,毕得,5g,5,g,1,19.6,not_stocked,xuyue,
585-79-5,3-溴硝基苯,3-Bromonitrobenzene,毕得,10g,10,g,1,65.6,not_stocked,xuyue,
89466-08-0,"2-羟基苯硼酸
","2-Hydroxyphenylboronic acid
",毕得,25g,25,g,1,168.7,running_out,chengzengrui,
77326-62-6,"2-氨基-6-溴苯腈
","2-AMINO-6-BROMOBENZONITRILE
",毕得,10g,10,g,1,161.7,not_stocked,chengzengrui,
586-75-4,4-溴苯甲酰氯,4-Bromobenzoyl chloride,百灵威,10g,10,g,1,130,degraded,zhaoxinyi,
134523-03-8,,,毕得医药,,,,1,120,running_out,admin,
149709-62-6,沙库巴曲,SACUBITRIL,毕得医药,250mg,250,mg,1,296.8,not_stocked,mengjunhong,
7681-93-8,那他霉素,Natamycin,毕得医药,25g,25,g,1,127.4,not_stocked,mengjunhong,
6893/2/3,三碘甲状腺原氨酸,"3,3',5-Triiodo-L-thyronine",毕得医药,1g,1,g,1,236.6,not_stocked,mengjunhong,
105816-04-4,那格列奈,Nateglinide,毕得医药,5g,5,g,1,102.2,not_stocked,mengjunhong,
158966-92-8,孟鲁司特,Montelukast,毕得医药,250mg,250,mg,1,312.2,not_stocked,mengjunhong,
1206524-85-7,格佐匹韦前体MK-5172,MK-5172,毕得,1g,1,g,1,378,not_stocked,mengjunhong,
1451393-45-5,2-溴-4-氯苯硼酸,,毕得医药,1g,1,g,1,228.92,not_stocked,xuguofeng,
95408-45-0,"二氯[1,1'-双(耳叔丁基膦)二茂铁钯(II)",,乐研,1g,1,g,1,216,running_out,xuguofeng,
302-79-4,维A酸,,百灵威,100mg,100,mg,1,84.15,not_stocked,xuguofeng,
1701449-88-8,"(3,4-二氯-5-羟基苯基)硼酸","(3,4-Dichloro-5-hydroxyphenyl)boronic acid",毕得医药,,,,1,259.7,not_stocked,zhangcaifang,
148493-34-9,"2,6-二氯-3-吡啶硼酸","2,6-Dichloropyridin-3-ylboronic acid",毕得医药,25g,25,g,1,376.66,not_stocked,zhangcaifang,
1072944-15-0,"2,3-二氯吡啶-5-硼酸","2,3-Dichloropyridine-5-boronic acid",毕得医药,1 g,1,g,1,339.5,not_stocked,zhangcaifang,
915201-06-8,(4-氯-3-羟基苯基)硼酸,(4-Chloro-3-hydroxyphenyl)boronic acid,毕得医药,1 g,1,g,1,319.41,not_stocked,zhangcaifang,
1238196-66-1,,,毕得医药,5 g,5,g,1,465.5,not_stocked,zhangcaifang,
213697-53-1,"2-二环己膦基-2'-(N,N-二甲胺)-联苯",DavePhos,九鼎,1 g,1,g,1,76.8,not_stocked,chengzengrui,
564483-18-7,"2-二环己基磷-2,4,6-三异丙基联苯","2-(Dicyclohexylphosphino)-2',4',6'-tri-i-propyl-1,1'-biphenyl",毕得医药,10 g,10,g,1,72.8,not_stocked,chengzengrui,
166330-10-5,双(2-二苯基膦苯基)醚,"(Oxybis(2,1-phenylene))bis(diphenylphosphine)",毕得医药,10 g,10,g,1,27.8,not_stocked,chengzengrui,
89763-93-9,"	2-氟-4-(三氟甲基)苯甲醛",2-FLUORO-4-(TRIFLUOROMETHYL)BENZALDEHYDE,毕得,1g,1,g,1,16,not_stocked,zhaoxinyi,
2646-90-4,"	2,5-二氟苯甲醛","	2,5-Difluorobenzaldehyde",毕得,5g,5,g,1,22,not_stocked,zhaoxinyi,
503-20-8,,,,,,,1,1075.5,running_out,admin,
124-41-4,甲醇钠,Sodium methoxide,百灵威,100g,100,g,1,175.1,degraded,zhangcaifang,
859518-35-7,4-BOC-2-氰基并哌啶,4-N-Boc-2-cyanopiperidine,毕得,1 g*2,1,g,2,,not_stocked,zhangcaifang,
77-76-9,"2,2-二甲氧基丙烷","2,2-Dimethoxypropane",麦克林,500mL,500,mL,1,118.4,not_stocked,mengjunhong,
943060-59-1,"	(杂氮环丁-3-基)(甲基)氨基甲酸叔丁酯盐酸盐",(Azetidin-3-yl)(methyl)carbamic acid tert-butyl ester hydrochloride,伊诺凯,1g,1,g,1,51,not_stocked,zhaoxinyi,
121492-06-6,N-Boc-N-甲基乙二胺,N-Boc-N-methylethylenediamine,毕得,5g,5,g,1,89,running_out,zhaoxinyi,
53092-86-7,钯碳酸钙 铅毒化,Palladium on calcium carbonate poisoned with lead,毕得,1g,1,g,1,79.06,not_stocked,xuguofeng,
865-48-5,叔丁醇钠,Sodium tert-butoxide,百灵威,100g,100,g,1,143.65,not_stocked,xuguofeng,
70-23-5,3-溴-2-氧代丙酸乙酯,Ethyl 3-bromo-2-oxopropanoate,毕得,25g,25,g,1,28.7,not_stocked,xuyue,
98327-87-8,"1,1'-联萘-2,2'-双二苯膦 (BINAP)",1.1'-Binaphthyl-2.2'-diphemyl phosphine,Amethyst,5g,5,g,1,152,running_out,zhaoxinyi,
129799-15-1,N-1-Boc-2-哌嗪甲酸甲酯,N-Boc-piperazine-2-carboxylic acid methyl ester,毕得,10g,10,g,1,508.2,running_out,xuguofeng,
123-86-4,乙酸丁酯,Butyl acetate,Greagent,500 mL X 6,500,ml,6,19.2,running_out,zhaobinzhi,
158966-92-8,,,,1g,1,g,1,1173.2,running_out,admin,
20555-91-3,"1,2-二氯-4-碘苯","1,2-Dichloro-4-iodobenzene",毕得医药,25 g,25,g,1,65.8,running_out,wangxi,
14338-32-0,2-氯-1-甲基吡啶碘化物,2-Chloro-1-methylpyridinium,毕得医药,10 g,10,g,1,27.88,degraded,wangxi,
2622-14-2,三环己基膦,Tricyclohexyl phosphine,安耐吉,1g,1,g,1,18,degraded,xuguofeng,
58632-95-4,2-(叔丁氧羰基氧亚氨基)-2-苯乙腈,2-(tert-Butoxycarbonyloxyimino)-2-phenylacetonitrile,欣恒研,25 g,25,g,1,97.85,not_stocked,wangxi,
7440/5/3,10%钯碳(55%的水),Palladium on activated carbon(10%)(wetted with ca. 55% Water),毕得,10g,10,g,1,444.5,running_out,wangxi,
118949-63-6,"2,6-双[(4S)-4-叔丁基-2-噁唑啉基]吡啶","2,6-Bis[(4S)-4-tert-butyloxazolin-2-yl]pyridine",安耐吉,250mg,250,mg,1,166.5,running_out,mengjunhong,
250285-32-6,"1,3-双(2,6-二异丙基苯基)氯化咪唑翁 ","1,3-Bis(2,6-diisopropylphenyl)imidazolium chloride",毕得医药,25g,25,g,1,265,not_stocked,zhuminghui,
67-72-1,六氯乙烷 ,Hexachloroethane,百灵威,100g,100,g,1,127,running_out,zhuminghui,
246047-72-3,"1,3-双(2,4,6-三甲基苯基)-2-(咪唑烷亚基)(二氯苯亚甲基)(三环己基膦)钌","	(1,3-Bis(2,4,6-trimethylphenyl)-2-imidazolidinylidene)dichloro(phenylmethylene)(tricyclohexylphosphine)ruthenium",毕得,1g,1,g,1,84.77,not_stocked,xuyue,
22367-82-4,3-甲基-2-苯并呋喃羧酸乙酯,3-METHYLBENZOFURAN-2-CARBOXYLIC ACID ETHYL ESTER,毕得,5g*2,5,g,2,125,not_stocked,zhaoxinyi,
7790-94-5,氯磺酸,Chlorosulfonic acid,安耐吉,100g,100,g,1,120.6,not_stocked,zhaoxinyi,
1975/5/8,"
乙腈, 超干","
Acetonitrile",JK,500 mL,500,mL,1,96,not_stocked,xuguofeng,
1999/4/7,间甲基苯甲酸,m-Toluic acid,毕得,100g,100,g,1,22.4,not_stocked,huotongyu,
535-80-8,3-氯苯甲酸,3-Chlorobenzoic acid,毕得,5g,5,g,1,18.2,not_stocked,huotongyu,
586-38-9,3-甲氧基苯甲酸,3-Methoxybenzoic acid,毕得,10g,10,g,1,13.3,not_stocked,huotongyu,
454-92-2,3-三氟甲基苯甲酸,3-(Trifluoromethyl)benzoic acid,毕得,10g,10,g,1,14,not_stocked,huotongyu,
121-92-6,间硝基苯甲酸,3-Nitrobenzoic acid,毕得,25g,25,g,1,14,not_stocked,huotongyu,
455-38-9,间氟苯甲酸,3-Fluorobenzoic acid,毕得,25g,25,g,1,15.4,not_stocked,huotongyu,
1014-81-9,3-(三氟甲氧基)苯甲酸,3-(Trifluoromethoxy)benzoic acid,毕得,5g,5,g,1,39.9,not_stocked,huotongyu,
825-99-0,3-(甲硫基)苯甲酸,3-(Methylthio)benzoic acid,毕得,1g,1,g,1,66.5,not_stocked,huotongyu,
5345-27-7,3-甲砜基苯甲酸,3-(METHYLSULFONYL)BENZOIC ACID,毕得,5g,5,g,1,98.7,not_stocked,huotongyu,
111331-82-9,3-(N-叔丁氧羰基氨基)苯甲酸,BOC-3-AMINOBENZOIC ACID,毕得,5g,5,g,1,25.8,not_stocked,huotongyu,
1877-72-1,3-氰基苯甲酸,3-Cyanobenzoic acid,毕得,10g,10,g,1,12.6,not_stocked,huotongyu,
14903-90-3,3-溴-2-呋喃甲酸,3-BROMO-2-FUROIC ACID,毕得,1g,1,g,1,225,not_stocked,huotongyu,
23513-08-8,8-姜酚,8-GINGEROL,陶术,2mg,2,mg,1,558.4,running_out,xuguofeng,
66521-66-2,4-(3-吡啶基)-2-氨基嘧啶,,毕得,5g,5,g,1,198.1,running_out,xuguofeng,
104901-43-1,3-溴-4-甲基苯甲酸甲酯,,毕得,,,,1,37.52,not_stocked,xuguofeng,
67-56-1,甲醇，HPLC,Methanol,通广,2500mL,2500,mL,1,50,running_out,xuguofeng,
1975/5/8,,,,,,,1,,not_stocked,admin,
1186-52-3,氘代乙酸-d4,Acetic acid-d4,西亚试剂,50g,50,g,1,2805,not_stocked,admin,
34193-38-9,氘代正丁醇-d10,n-Butanol-d10,百灵威J&K,2*5mL,5,ml,2,3410.2,not_stocked,admin,
100-46-9,苄胺,Benzylamine,Adamas,25g,25,g,1,16,not_stocked,zhaoxinyi,
3261-62-9,"	对甲基苯乙胺","	4-Methylphenethylamine",Aladdin,1g,1,g,1,38,not_stocked,zhaoxinyi,
66521-66-2,4-(3-吡啶基)-2-氨基嘧啶,4-(3-Pyridinyl)-2-aminopyrimidine,毕得,10g,10,g,1,390.6,not_stocked,xuguofeng,
1148148-01-9,"氯(2-二环己基膦基-3,6-二甲氧基-2',4',6'-三异丙基-1,1'-联苯)[2-(2-氨基乙基苯基)]钯(II)",BrettPhosPalladacycle,毕得,1g,1,g,1,388.8,not_stocked,xuguofeng,
29241-62-1,5-溴-6-氯烟酸,,毕得,5g,5,g,1,78.4,running_out,xuguofeng,
2420-26-0,4-氯-2-羟基苯甲醛,4-Chloro-2-hydroxybenzaldehyde,毕得,25 g,25,g,1,378,not_stocked,zhangcaifang,
56962-12-0,4-氯-3-羟基苯甲醛 ,4-Chloro-3-hydroxybenzaldehyde,毕得,5 g,5,g,1,595.7,not_stocked,zhangcaifang,
121-44-8,三乙胺,Triethylamine,通广,500mL*10,500,ml,10,18,running_out,zhangcaifang,
25895-60-7,,Sodium cyanoborohydride,毕得,100g,100,g,1,167.4,running_out,zhangcaifang,
2246-44-8,1-氨基-2-甲基萘,2-Methylnaphthalen-1-amine,毕得,1g,1,g,1,34.77,not_stocked,huwenshu,
20010-99-5,2-氨甲基吡嗪,Pyrazin-2-ylmethanamine,毕得,1g,1,g,1,32.9,not_stocked,huwenshu,
138007-24-6,4-哌啶甲酸叔丁酯,tert-Butyl piperidine-4-carboxylate,安耐吉,5g,5,g,1,170,not_stocked,zhaoxinyi,
3261-62-9,"	对甲基苯乙胺","	4-Methylphenethylamine",百灵威,1g,1,g,1,65,not_stocked,zhaoxinyi,
121-51-7,3-硝基苯磺酰氯,3-Nitrobenzenesulfonyl chloride,麦克林,5g,5,g,1,35.25,not_stocked,zhaobinzhi,
13754-38-6,1-苯甲酰基哌嗪 ,1-Benzoylpiperazine,毕得,50g,50,g,1,862,running_out,douxiaodong,
22367-82-4,3-甲基苯并呋喃-2-羧酸乙酯 ,Ethyl 3-methylbenzofuran-2-carboxylate,毕得,50g,50,g,1,924,running_out,douxiaodong,
7790-94-5,氯磺酸 ,Chlorosulfonic Acid,JK,1000g,1000,g,1,576,running_out,douxiaodong,
103-63-9,"beta-溴代苯乙烷
",(2-Bromoethyl)benzene,毕得,1000g,1000,g,1,203,running_out,douxiaodong,
1493-27-2,"2-氟硝基苯
",1-Fluoro-2-nitrobenzene,毕得,1000g,1000,g,1,212,running_out,douxiaodong,
7681-82-5,碘化钠 ,Sodium iodide,凯国科技,1000g,1000,g,1,570,running_out,douxiaodong,
116632-39-4,"	5-溴-2-碘甲苯",5-BROMO-2-IODOTOLUENE,毕得,10g,10,g,1,29,not_stocked,zhaoxinyi,
19745-72-3,4-羟基-Α-氨基苯乙酮盐酸盐 ,4-Hydroxy-Alpha-Aminoacetophenot_stocked,上海泰坦,50g,50,g,1,1248,running_out,douxiaodong,
32852-81-6,3-苯氧基苯乙酸,3-PHENOXYPHENYLACETIC ACID,毕得医药,1g,1,g,1,82.81,not_stocked,mengjunhong,
7325-46-4,"1,4-苯二乙酸","1,4-Phenylenediacetic acid",毕得医药,5g,5,g,1,54.6,not_stocked,mengjunhong,
2861-28-1,胡椒乙酸,"3,4-(METHYLENEDIOXY)PHENYLACETIC ACID",毕得医药,5g,5,g,1,21,not_stocked,mengjunhong,
1197-55-3,对氨基苯乙酸,4-Aminophenylacetic acid,毕得医药,10g,10,g,1,20.3,not_stocked,mengjunhong,
10236-60-9,"2,3-二氯苯乙酸","2,3-Dichlorophenylacetic acid",阿拉丁,5g,5,g,1,47.7,not_stocked,mengjunhong,
6496-89-5,"2,4-二甲氧基苯乙酸","2,4-Dimethoxyphenylacetic acid",毕得,1g,1,g,1,63,not_stocked,mengjunhong,
117621-06-4,2-(2-甲氧基苯基)-5-氧代四氢呋喃-3-羧酸,"	2-(2-Methoxyphenyl)-5-oxotetrahydrofuran-3-carboxylic acid",迈瑞达,1g,1,g,1,217.8,not_stocked,mengjunhong,
305-03-3,苯丁酸氮芥,Chlorambucil,毕得医药,1g,1,g,1,305.2,not_stocked,mengjunhong,
53188-07-1,奎诺二甲基丙烯酸酯,"6-HYDROXY-2,5,7,8-TETRAMETHYLCHROMAN-2-CARBOXYLIC ACID",毕得医药,1g,1,g,1,176.4,not_stocked,mengjunhong,
126-00-1,双酚酸,Diphenolic acid,毕得医药,25g,25,g,1,18.9,not_stocked,mengjunhong,
900-91-4,"3,3,3-三苯基丙酸","3,3,3-Triphenylpropionic acid",毕得医药,5g,5,g,1,48.3,not_stocked,mengjunhong,
1164-16-5,CBZ-L-酪氨酸,Z-TYR-OH,毕得医药,10g,10,g,1,28,not_stocked,mengjunhong,
73718-09-9,3-(4-(二甲基氨基)苯基)丙酸,"	3-[4-(dimethylamino)phenyl]propanoic acid",毕得医药,1g,1,g,1,94.5,not_stocked,mengjunhong,
80883-54-1,7-二甲氨基香豆素-4-乙酸,7-DIMETHYLAMINOCOUMARIN-4-ACETIC ACID,毕得医药,250mg,250,mg,1,182,not_stocked,mengjunhong,
41443-60-1,"6,8-二氯辛酸","6,8-dichlorooctanoic acid",安耐吉,5g,5,g,1,38.7,not_stocked,mengjunhong,
529-64-6,托品酸,DL-Tropic acid,阿拉丁,5g,5,g,1,42.3,not_stocked,mengjunhong,
480-96-6,苯并呋咱1-氧化物,Benzofuroxan,,25g,25,g,1,38.5,not_stocked,chengzengrui,
1271-28-9,双(环戊二烯)镍(II),"NICKELOCENE
",,1 g,1,g,1,56,not_stocked,chengzengrui,
7440/5/3,林德拉催化剂,"	Lindlar catlyst",,1 g,1,g,1,74.9,not_stocked,chengzengrui,
947-65-9,2-羟基-1-萘酸甲酯,METHYL 2-HYDROXY-1-NAPHTHOATE,,1 g,1,g,1,79.68,not_stocked,chengzengrui,
4207-56-1,苯基三甲基三溴化铵,Phenyltrimethylammonium tribromide,,25 g,25,g,1,74.9,not_stocked,chengzengrui,
14516-54-2,五羰基溴化锰(I),Bromopentacarbonylmanganese(I),,250mg,250,mg,1,198,not_stocked,chengzengrui,
946-80-5,苄基苯基醚,"BENZYL PHENYL ETHER
",,25 g,25,g,1,189.7,not_stocked,chengzengrui,
67-63-0,异丙醇,,,500mL*6,500,ml,6,14,running_out,xuguofeng,
67-63-0,异丙醇，HPLC,,,500 mL*2,500,ml,2,43,not_stocked,xuguofeng,
123-91-1,"1,4-二氧六环","1,4-Dioxane",,500mL*6,500,ml,6,28,running_out,xuguofeng,
123-91-1,"1,4-二氧六环，超干","1,4-Dioxane",,100 mL,100,mL,1,99.45,running_out,xuguofeng,
1968/12/2,"N,N-二甲基甲酰胺",,,500mL*6,500,ml,6,18,running_out,xuguofeng,
529-64-6,托品酸,DL-Tropic acid,安耐吉,5g,5,g,1,27,not_stocked,mengjunhong,
41443-60-1,"6,8-二氯辛酸","6,8-dichlorooctanoic acid",Adamas,5g,5,g,1,62.4,not_stocked,mengjunhong,
100-53-8,苄硫醇,Benzyl mercaptan,百灵威,5g,5,g,1,51,running_out,zhaoxinyi,
7803-57-8,水合肼 一水合物,Hydrazine monohydrate,Aladdin,500g,500,g,1,344,running_out,douxiaodong,
7440/5/3,10%钯碳(55%的水) ,Palladium on activated carbon(10%)(wetted with ca. 55% Water),毕得,10g,10,g,1,444.5,running_out,douxiaodong,
67-66-3,"三氯甲烷 	HPLC",TIRCHLOROMETHANE,"	通广",5000ML,5000,mL,1,350,running_out,douxiaodong,
4455/9/8,对甲苯磺酸苯乙酯 ,Phenethyl 4-methylbenzenesulfonate,毕得,5g,5,g,1,68,not_stocked,douxiaodong,
2799-21-5,(R)-3-吡咯烷醇,,乐研,5g,5,g,1,57,running_out,xuguofeng,
1976/5/1,三氟乙酸,trifluoroacetic acid,MACKLIN,100 ml,100,mL,1,78.75,running_out,wangxi,
97-00-7,"1氯2,4二硝基苯","	2,4-Dinitrochlorobenzene",百灵威J&K,25 g,25,g,1,73.95,running_out,chengzengrui,
99-77-4,对硝基苯甲酸乙酯,Ethyl p-nitrobenzoate,毕得,25 g,25,g,1,28,not_stocked,chengzengrui,
6625-74-7,N-苯基新戊酰胺,N-Phenylpivalamide,毕得,5 g,5,g,1,220.5,not_stocked,chengzengrui,
611-99-4,"4,4'-二羟基二苯甲酮","4,4'-Dihydroxybenzophenot_stocked
",毕得,25 g,25,g,1,18.2,not_stocked,chengzengrui,
480-96-6,苯并呋咱,Benzofuroxan,阿拉丁,5 g,5,g,1,158.4,running_out,chengzengrui,
107-29-9,乙醛肟,"Acetaldoxime
",阿拉丁,25 g,25,g,1,66.4,running_out,chengzengrui,
2243-62-1,"1,5-二氨基萘","1,5-Naphthalenediamine",毕得,25 g,25,g,1,19.6,not_stocked,chengzengrui,
126631-93-4,8-((((9H-芴-9-基)甲氧基)羰基)氨基)氨基酸,Fmoc-8-Aoc-OH,毕得,1g,1,g,1,91.7,not_stocked,mengjunhong,
5462-71-5,"	4-氰基苯基乙酸","	2-(4-Cyanophenyl)acetic acid",毕得,1g,1,g,1,40.6,not_stocked,mengjunhong,
501-89-3,4-(羧甲基)苯甲酸,"	4-Carboxyphenylacetic acid",毕得,5g,5,g,1,39.2,not_stocked,mengjunhong,
4455/9/8,对甲苯磺酸苯乙酯 ,Phenethyl 4-methylbenzenesulfonate,毕得,100g,100,g,1,715,running_out,douxiaodong,
20487-40-5,丙酸叔丁酯,,毕得,5g,5,g,1,69.3,not_stocked,zhaobinzhi,
3938-95-2,三甲基乙酸乙酯,Ethyltrimethylacetate,毕得,25g,25,g,1,30.1,not_stocked,zhaobinzhi,
112-14-1,乙酸辛酯,Octyl acetate,毕得,25g,25,g,1,24.5,not_stocked,zhaobinzhi,
112-06-1,乙酸庚酯,Heptyl acetate,毕得,25g,25,g,1,28,not_stocked,zhaobinzhi,
110-19-0,乙酸异丁酯,Isobutyl acetate,Adamas,100mL,100,mL,1,23.2,not_stocked,zhaobinzhi,
110-19-0,乙酸异戊酯,Isoamyl Acetate,Adamas,100mL,100,mL,1,23.2,not_stocked,zhaobinzhi,
590-01-2,丙酸正丁酯,N-Butyl Propionate,Adamas,25mL,25,mL,1,30.4,not_stocked,zhaobinzhi,
109-21-7,丁酸丁酯, Butyric Acid Butyl Ester,Adamas,25g,25,g,1,24,not_stocked,zhaobinzhi,
105-54-4,丁酸乙酯,utyric Acid Ethyl Ester,Adamas,100mL,100,mL,1,31.2,not_stocked,zhaobinzhi,
142-92-7,乙酸己酯,Acetic Acid Hexyl Ester,Adamas,25g,25,g,1,20,not_stocked,zhaobinzhi,
624-54-4,丙酸正戊酯,Pentyl Propionate,Adamas,100mL,100,mL,1,32,not_stocked,zhaobinzhi,
2639-63-6,丁酸己酯,Butyric Acid Hexyl Ester,麦克林,5g,5,g,1,20.8,not_stocked,zhaobinzhi,
13659-23-9,2-溴-5-氯苯酚,2-Bromo-5-chlorophenol,毕得,25g,25,g,1,180.6,not_stocked,zhangcaifang,
183802-98-4,5-溴-2-氯苯酚,5-Bromo-2-chlorophenol,毕得,25g,25,g,1,198.1,not_stocked,zhangcaifang,
1849-02-1,2-氯-1-甲基-1H-苯并[d]咪唑,2-Chloro-1-methyl-1H-benzo[d]imidazole,毕得,1g,1,g,1,170.8,not_stocked,zhangcaifang,
253453-91-7,2-氯-1-甲基-1H-咪唑, 2-Chloro-1-methyl-1H-imidazole,毕得,1g,1,g,1,240.8,not_stocked,zhangcaifang,
859518-35-7,,,,,,,1,420,not_stocked,admin,
51674-77-2,"4-氯吡啶并[3,2-D]嘧啶","4-Chloropyrido[3,2-d]pyrimidine",毕得,250mg,250,mg,1,294.7,not_stocked,zhangcaifang,
51752-67-1,"4-氯-吡啶[3,4-D]嘧啶 "," 4-Chloropyrido[3,4-d]pyrimidine",毕得,250mg,250,mg,1,231,not_stocked,zhangcaifang,
885702-34-1,2-氯-4-溴嘧啶,4-Bromo-2-chloropyrimidine,毕得,250mg,250,mg,1,178.5,not_stocked,zhangcaifang,
69034-12-4,2-氯-5-三氟甲基嘧啶,2-Chloro-5-(trifluoromethyl)pyrimidine,毕得,1g,1,g,1,144.2,not_stocked,zhangcaifang,
22536-67-0,"2,5-二氯嘧啶","2,5-Dichloropyrimidine",毕得,5g,5,g,1,40.6,not_stocked,zhangcaifang,
3824-45-1,"4,6-二氯-2-氟嘧啶","4,6-Dichloro-2-fluoropyrimidine",毕得,250mg,250,mg,1,469,not_stocked,zhangcaifang,
25151-07-9,"5-氯-2,4-二氟嘧啶","5-Chloro-2,4-difluoropyrimidine",毕得,1g,1,g,1,228.9,not_stocked,zhangcaifang,
31575-35-6,2-氟嘧啶, 2-Fluoropyrimidine,毕得,1g,1,g,1,398.3,not_stocked,zhangcaifang,
4949-13-7,2-氟吡嗪,2-Fluoropyrazine,毕得,5g,5,g,1,286.3,not_stocked,zhangcaifang,
696-42-4,5-氟-3-氰基吡啶, 5-Fluoronicotinonitrile,毕得,1g,1,g,1,407.4,not_stocked,zhangcaifang,
13283-01-7,六氯化钨,TUNGSTEN CHLORIDE,上海泰坦,5g,5,g,1,23.2,not_stocked,wangxi,
83-33-0,1-茚酮,,毕得,25 g,25,g,1,37.1,not_stocked,xuguofeng,
118753-70-1,"N,N-双(2-氯乙基)氨基甲酸叔丁酯",,毕得,25 g,25,g,1,72.1,not_stocked,xuguofeng,
96-47-9,2-甲基四氢呋喃,,通广,500mL*2,500,ml,2,177,not_stocked,xuguofeng,
1976/5/1,三氟乙酸,TFA,安耐吉,500g ,500,g,1,170.1,running_out,xuguofeng,
3440-30-0,3-(乙氨基)丙酸甲酯,methyl N-ethyl-beta-alaninate,JK,0.25 g,0.25,g,1,360,not_stocked,xuguofeng,
534-17-8,碳酸铯,Cesium carbonate,毕得,100g,100,g,1,119,running_out,xuguofeng,
358-23-6,三氟甲磺酸酐,Trifluoromethanesulfonic anhydride,毕得,25g,25,g,1,37.1,running_out,wangxi,
999-97-3,六甲基二硅氮烷,"	Hexamethyldisilazane",上海泰坦,25 ml,25,mL,1,28,not_stocked,wangxi,
36082-50-5,"5-溴-2,4-二氯嘧啶",,毕得,25g,25,g,1,28.7,not_stocked,xuguofeng,
22483-09-6,氨基乙醛缩二甲醇,,毕得,25g,25,g,1,16.1,not_stocked,xuguofeng,
7782-37-8,3-甲基-2-苯戊酸,3-Methyl-2-phenylpentanoic acid,迈瑞达,250mg,250,mg,1,129.25,not_stocked,mengjunhong,
39891-13-9,"	2-氯吡啶-5-乙酸",2-(6-Chloropyridin-3-yl)acetic acid,毕得,5g,5,g,1,60.2,not_stocked,mengjunhong,
797755-07-8,"	4-乙酸苯基硼酸频那醇酯","	2-(4-(4,4,5,5-Tetramethyl-1,3,2-dioxaborolan-2-yl)phenyl)acetic acid",毕得,1g,1,g,1,171.5,not_stocked,mengjunhong,
52549-17-4,普拉洛芬,Pranoprofen,毕得,250mg,250,mg,1,130.9,not_stocked,mengjunhong,
26896-20-8,"	新癸酸",Neodecanoic acid,毕得,10g,10,g,1,23.8,not_stocked,mengjunhong,
92954-90-0,"	Fmoc-酪氨酸",Fmoc-Tyr-OH,毕得,5g,5,g,1,27.3,not_stocked,mengjunhong,
7440/5/3,钯碳,Palladium,毕得,10g,10,g,1,444,running_out,huotongyu,
34193-38-9,氘代正丁醇-d10,n-Butanol-d10,百灵威J&K,3*5mL,5,ml,3,4815,not_stocked,admin,
1186-52-3,氘代乙酸-d4,Acetic acid-d4,百灵威J&K,2*10mL,10,ml,2,1386,not_stocked,zhaobinzhi,
31928-46-8,2-溴-1-氯-4-碘苯,,毕得,5g,5,g,1,350,running_out,xuguofeng,
31928-44-6,2-溴-4-氯-1-碘苯,,毕得,10g,10,g,1,54.6,running_out,xuguofeng,
161265-03-8,"4,5-双二苯基膦-9,9-二甲基氧杂蒽",,毕得,10g,10,g,1,64.4,running_out,xuguofeng,
3443-45-6,"	1-芘丁酸",1-Pyrenebutyric acid,毕得,1g,1,g,1,36.4,not_stocked,mengjunhong,
1080-44-0,,Tos-Gly-OH,毕得,5g,5,g,1,40.6,not_stocked,mengjunhong,
4345/3/3,维生素 E 琥珀酸酯,D-α-Tocopherol succinate,毕得,25g,25,g,1,70,not_stocked,mengjunhong,
1510-21-0,胆固醇琥珀酸单酯,Cholesteryl hemisuccinate,毕得,1g,1,g,1,56,running_out,mengjunhong,
5697-56-3,甘珀酸,Carbenoxolone,罗恩,1g,1,g,1,152.8,not_stocked,mengjunhong,
77341-67-4,琥珀酸单薄荷酯,Monomethyl succinate,安耐吉,5g,5,g,1,84.6,not_stocked,mengjunhong,
165450-17-9,纽甜,Neotame,毕得,5g,5,g,1,23.1,not_stocked,mengjunhong,
103365-69-1,"1-甲基-L-4,5-二氢乳清酸","1-Methyl-L-4,5-dihydroorotic acid",毕得,250mg,250,mg,1,21.7,not_stocked,mengjunhong,
982-57-0,琥珀酸钠氯霉素,Chloramphenicol sodium succinate,阿拉丁,1g,1,g,1,184.5,not_stocked,mengjunhong,
2067-80-3,尿素(N15标记),UREA-15N2,九鼎,500mg,500,mg,1,1600,not_stocked,mengjunhong,
7778-77-0,磷酸二氢钾,,虹湖联合,50g,50,g,1,148.8,not_stocked,xuguofeng,
7758/11/4,磷酸氢二钾,Potassium Phosphate Dibasic,虹湖联合,25g,25,g,1,156.8,not_stocked,xuguofeng,
7664-93-9,硫酸,Sulfuric acid,校内库房,500mL,500,mL,1,14.5,running_out,xuguofeng,
123-00-2,N-(3-氨丙基)吗啉,N-(3-Aminopropyl)morpholine,毕得,10g,10,g,1,13.3,not_stocked,zhaoxinyi,
67579-81-1,"反式-N,N'-二甲基-1,2-环己二胺","trans-N1,N2-Dimethylcyclohexane-1,2-diamine",凯国科技,1g,1,g,1,41.8,not_stocked,huwenshu,
14044-63-4,"	丁-3-炔-1-胺",BUT-3-YN-1-AMINE,毕得,1g,1,g,1,552,not_stocked,zhaoxinyi,
2038/3/1,"	N-(2-氨基乙基)吗啉","	4-(2-Aminoethyl)morpholine",毕得,5g,5,g,1,14,running_out,zhaoxinyi,
58971-11-2,"	3-溴苯乙胺",3-BROMOPHENETHYLAMINE,毕得,5g,5,g,1,81,running_out,zhaoxinyi,
24393-53-1,反式-4-溴肉桂酸乙酯,ETHYL TRANS-4-BROMOCINNAMATE,毕得,5g,5,g,1,113,running_out,zhaoxinyi,
1313-13-9,活性二氧化锰,activated manganese dioxide,毕得,100 g,100,g,1,20.3,not_stocked,chengzengrui,
635-90-5,1-苯基吡咯,"1-PHENYLPYRROLE
",毕得,5g,5,g,1,165.9,running_out,chengzengrui,
3176-62-3,3-甲基-1H-吲唑,3-METHYL-1H-INDAZOLE,毕得,1g,1,g,1,75.6,not_stocked,chengzengrui,
2835-77-0,2-氨基二苯甲酮,"2-Aminobenzophenot_stocked
",毕得,25g,25,g,1,29.4,running_out,chengzengrui,
4498-68-4,"吲唑-3-羧酸乙脂
","1H-INDAZOLE-3-CARBOXYLIC ACID ETHYL ESTER
",毕得,1g,1,g,1,72.1,not_stocked,chengzengrui,
638-11-9,,"
ISOPROPYL BUTYRATE",TCI,25mL,25,mL,1,112,not_stocked,zhaobinzhi,
77341-67-4,琥珀酸单薄荷酯,Monomethyl succinate,罗恩,5g,5,g,1,90.4,not_stocked,mengjunhong,
13544-44-0,"2,4-二氯-5-碘嘧啶","2, 4-DICHLORO-5-IODOPYRIMIDINE",毕得,10g,10,g,1,81.9,not_stocked,xuguofeng,
123-91-1,"1,4-二氧六环 干","1,4-Dioxane dry",MREDA,100mL,100,mL,1,84.15,running_out,xingyihong,
859518-35-7,,,,,,,1,420,running_out,xingyihong,
20260-53-1,,Nicotinoyl chloride hydrochloride,,10 g,10,g,1,38.5,degraded,zhangcaifang,
609-70-1,4-羟基烟酸,4-Hydroxynicotinic acid,,5 g,5,g,1,260.4,not_stocked,zhangcaifang,
609-70-2,2-羟基烟酸,2-Hydroxynicotinic acid,,100 g,100,g,1,68.6,not_stocked,zhangcaifang,
2417-90-5,3-溴丙腈,3-Bromopropionitrile,阿拉丁,5 g,5,g,1,83.2,not_stocked,zhangcaifang,
564483-18-7,"2-二环己基磷-2,4,6-三异丙基联苯","2-(Dicyclohexylphosphino)-2',4',6'-tri-i-propyl-1,1'-biphenyl",,25 g,25,g,1,137.2,running_out,zhangcaifang,
,氯化氢甲醇溶液,Hydrogen Chloride Methanol Solution,伊诺凯,100 mL,100,mL,1,104,running_out,zhangcaifang,
,氯化氢乙酸乙酯溶液,Hydrogen Chloride Ethyl Acetate Solution,伊诺凯,500 mL,500,mL,1,408,running_out,zhangcaifang,
,"氯化氢1,4-二氧六环溶液","Hydrogen Chloride 1,4-Dioxane Solution",伊诺凯,100 mL,100,mL,1,116.8,running_out,zhangcaifang,
112529-15-4,盐酸吡格列酮,Pioglitazone hydrochloride,源叶,5g,5,g,1,95,not_stocked,douxiaodong,
1583-88-6,4-氟苯乙胺,4-Fluorophenethylamine,毕得,5g,5,g,1,37.8,not_stocked,huotongyu,
775-00-8,2-(4-三氟甲基苯基)乙胺,2-(4-TRIFLUOROMETHYL-PHENYL)-ETHYLAMINE,毕得,5g,5,g,1,158.4,not_stocked,huotongyu,
1968/12/2,"N,N二甲基甲酰胺，超干溶剂","N,N-Dimethylformamide, 99.8%, SuperDry",百灵威,1L,1,L,1,331.5,not_stocked,xuguofeng,
7568-93-6,2-氨基-1-苯乙醇,,安耐吉,1g,1,g,1,102.6,running_out,xuguofeng,
2524-49-4,3-丁烯-1-胺,,安耐吉,1g,1,g,1,508.5,running_out,xuguofeng,
92-85-3,噻蒽,Thianthrene,毕得医药,100g,100,g,1,189.7,not_stocked,mengjunhong,
156817-72-0,"3 - 溴-5,6,7,8 - 四氢咪唑并[1,2-A]吡啶",,毕得医药,1g,1,g,1,553,not_stocked,xuguofeng,
124312-73-8,(1-甲基-咪唑-2-基)甲胺,,毕得医药,1g,1,g,1,359.1,not_stocked,xuguofeng,
23996-53-4,N-(2-氰乙基)咪唑,,毕得医药,250mg,250,mg,1,123.9,not_stocked,xuguofeng,
20487-40-5,丙酸叔丁酯,,毕得,5g*2,5,g,2,66.5,running_out,zhaobinzhi,
16971-33-8,三(三苯基膦)羰基氢氯化钌(II),"Carbonylchlorohydrotris(triphenylphosphine)ruthenium
",毕得,1 g,1,g,1,79.8,not_stocked,chengzengrui,
622-79-7,苄基叠氮,"BENZYL AZIDE
",阿拉丁,5 g,5,g,1,392,not_stocked,chengzengrui,
7568-93-6,2-氨基-1-苯乙醇,,虹湖联合,1g,1,g,1,131.2,not_stocked,xuguofeng,
2524-49-4,3-丁烯-1-胺,,虹湖联合,1g,1,g,1,508.5,not_stocked,xuguofeng,
149-73-5,原甲酸三甲酯,,安耐吉,500mL,500,mL,1,81,running_out,xuguofeng,
56520-98-0,2-硝基-4-乙基苯酚,4-ethyl-2-nitrophenol,毕得医药,1g,1,g,1,157.5,not_stocked,huangyilei,
14452-34-7,"2,4- 二甲基 -6- 硝基苯酚","2,4-Dimethyl-6-nitrophenol",九鼎,1g,1,g,1,179.2,not_stocked,huangyilei,
119-33-5,2-硝基-4-甲苯酚 ,2-Nitro-p-cresol,安耐吉,"25g
",25,g,1,40.5,not_stocked,huangyilei,
694-53-1,"苯硅烷
","
PHENYLSILANE
",毕得医药,5 g,5,g,1,70,running_out,chengzengrui,
92361-49-4,五甲基环戊二烯基双(三苯基膦)氯化钌(II),"
Cp*RuCl(PPh3)2
",毕得医药,250mg,250,mg,1,185.25,not_stocked,chengzengrui,
16940-66-2,硼氢化钠,NaBH4,蓝弋,25 g * 2,25,g,2,170.05,not_stocked,xuguofeng,
144701-48-4,替米沙坦-标准品，生物纯,Telmisartan,Accela,25g,25,g,1,135,running_out,zhaoxinyi,
79-19-6,氨基硫脲,Thiosemicarbazide,上海泰坦,100g,100,g,1,44.8,running_out,huwenshu,
17875-18-2,3-丁烯胺盐酸盐,1-AMINO-3-BUTENE HYDROCHLORIDE,毕得,250 mg,250,mg,1,18.9,not_stocked,xuguofeng,
119-33-5,2-硝基-4-甲苯酚,2-Nitro-p-cresol,研峰/INFI,25g,25,g,1,70,not_stocked,huangyilei,
611-73-4,苯甲酰苯酸,Benzoylformic acid,毕得,25 g,25,g,1,107.1,degraded,wangxi,
34966-48-8,,Ethyl 2-(4-chlorophenyl)-2-oxoacetate,毕得,1g,1,g,1,25.9,not_stocked,wangxi,
710-11-2,2-氧-4-苯基丁酸,2-OXO-4-PHENYL BUTANOIC ACID,安耐吉,5g,5,g,1,27,degraded,wangxi,
4920-77-8,2-硝基-3-甲基苯酚,2-Nitro-3-methylphenol,毕得,25g,25,g,1,73.5,not_stocked,huangyilei,
3087-36-3,钛酸乙酯,Titanium ethoxide,安耐吉,100g,100,g,1,40.5,running_out,xuguofeng,
1206161-97-8,非戈替尼,Filgotinib,毕得,250 mg,250,mg,1,720.3,not_stocked,xuguofeng,
,"甲醇, HPLC",Methanol,通广,2500 mL *4,2500,ml,4,50,running_out,xuguofeng,
20487-40-5,丙酸叔丁酯,tert-butyl propanoate,毕得,25g*2,25,g,2,473.2,running_out,zhaobinzhi,
578-54-1,2-乙基苯胺,2-Ethylaniline,伊诺凯,100ml,100,mL,1,57.75,not_stocked,huwenshu,
9006-65-9,二甲基硅油,,百灵威,500g,500,g,1,108,running_out,xingyihong,
179897-89-3,2-氟-5-溴苯腈,5-Bromo-2-fluorobenzonitrile,毕得,25 g,25,g,1,67.2,not_stocked,zhangcaifang,
2942-59-8,2-氯烟酸,2-Chloronicotinic acid,毕得,100g,100,g,1,29.4,not_stocked,zhangcaifang,
393-55-5,2-氟烟酸,2-Fluoronicotinic acid,毕得,25 g,25,g,1,133,not_stocked,zhangcaifang,
10177-29-4,4-氯烟酸,4-Chloronicotinic acid,毕得,5 g,5,g,1,74.9,not_stocked,zhangcaifang,
67383-31-7,2-羟基烟酸甲酯,Methyl 2-hydroxynicotinate,毕得,10 g,10,g,1,458.5,not_stocked,zhangcaifang,
289039-26-5,2-氯-5-碘苯酚,2-Chloro-5-iodophenol,毕得,10 g,10,g,1,270.9,not_stocked,zhangcaifang,
136808-72-5,5-氯-2-碘苯酚,5-Chloro-2-iodophenol,毕得,5 g,5,g,1,564.2,not_stocked,zhangcaifang,
109-78-4,3-羟基丙腈,3-Hydroxypropionitrile,毕得,100g,100,g,1,73.5,not_stocked,zhangcaifang,
446-26-4,2-氟烟酸甲酯,Methyl 2-fluoronicotinate,毕得,10 g,10,g,1,233.1,not_stocked,zhangcaifang,
179051-78-6,4-氯嘧啶盐酸盐,4-Chloropyrimidine hydrochloride,毕得,1 g,1,g,1,331.1,not_stocked,zhangcaifang,
146070-34-0,2-氟-4-三氟甲基苯腈,2-Fluoro-4-(trifluoromethyl)benzonitrile,毕得,10 g,10,g,1,161.7,not_stocked,zhangcaifang,
133116-83-3,2-氟-6-(三氟甲基)苄腈,2-Fluoro-6-(trifluoromethyl)benzonitrile,毕得,10 g,10,g,1,132.3,not_stocked,zhangcaifang,
394-47-8,2-氟苯腈,2-Fluorobenzonitrile,毕得,25g,25,g,1,21,running_out,zhaoxinyi,
96-47-9,2甲基四氢呋喃，无水,2-Methyltetrahydrofuran,百灵威,500mL,500,mL,1,130,not_stocked,xuguofeng,
14452-34-7,"2,4-二甲基-6-硝基苯酚","2,4-DIMETHYL-6-NITROPHENOL",安耐吉,1g,1,g,1,194.4,not_stocked,huangyilei,
23399-77-1,5-氯-2-碘三氟甲苯,5-CHLORO-2-IODOBENZOTRIFLUORIDE,毕得,5g,5,g,1,25.2,not_stocked,xuguofeng,
1103738-29-9,1-氯-2-(4-乙氧基苄基)-4-碘代苯,,毕得,1g,1,g,1,16.1,not_stocked,xuguofeng,
13421-00-6,5-氯-2-碘苯甲酸,,毕得,5g,5,g,1,34.3,not_stocked,xuguofeng,
260355-20-2,2-氯-5-碘三氟甲苯,,毕得,5g,5,g,1,23.1,not_stocked,xuguofeng,
6797-79-1,4-氯-2-氟-1-碘苯,,毕得,5g,5,g,1,22.4,not_stocked,xuguofeng,
202982-67-0,4-氯-3-氟碘苯,4-CHLORO-3-FLUOROIODOBENZENE,毕得,1g,1,g,1,21,not_stocked,xuguofeng,
289039-29-8,2-氯-5-碘苯腈,,毕得,1g,1,g,1,19.6,not_stocked,xuguofeng,
755027-21-5,5-氯-2-碘苯甲醚,,毕得,1g,1,g,1,113.4,not_stocked,xuguofeng,
108-12-3,异戊酰氯 ,Iron(III) phosphate dihydrate,麦克林/Macklin,25mL,25,mL,1,,not_stocked,tanhui,
14221-01-3,四(三苯基膦)钯,Tetrakis(triphenylphosphine)palladium,百灵威,5g,5,g,1,385,running_out,xuguofeng,
2489-86-3,1-烯丙基萘,1-Allylnaphthalene,安耐吉,"25g
",25,g,1,428,running_out,mengjunhong,
3279-07-0,邻硝基对叔丁基苯酚, 4-(tert-Butyl)-2-nitrophenol,乐研,5g,5,g,1,110.25,not_stocked,huangyilei,
7719/12/2,氯化磷(III) ,Phosphorus trichloride,MREDA,100ml,100,mL,1,223.3,not_stocked,huangyilei,
1548-13-6,4-三氟甲基苯异氰酸酯, 4-(Trifluoromethyl)phenylisocyanate,毕得医药,5g,5,g,1,74.9,not_stocked,huangyilei,
51939-71-0,色满酸,"	CHROMANE-2-CARBOXYLIC ACID",毕得,5g,5,g,1,176,not_stocked,zhaoxinyi,
14736-31-3,4-氧代-4H-1-苯并吡喃-2-甲酸乙酯,ethyl 4-oxo-4H-1-benzopyran-2-carboxylate,毕得,1g,1,g,1,260,not_stocked,zhaoxinyi,
1914-60-9,苯并二氢呋喃-2-羧酸,"	2,3-Dihydro-1-benzofuran-2-carboxylic acid",毕得,1g,1,g,1,109,not_stocked,zhaoxinyi,
119752-83-9,"1,4-二氮杂双环[2.2.2]辛烷-1,4-二鎓-1,4-二亚磺酸",DABSO,毕得,5g,5,g,1,88,running_out,zhaoxinyi,
22367-82-4,3-甲基-2-苯并呋喃羧酸乙酯,3-METHYLBENZOFURAN-2-CARBOXYLIC ACID ETHYL ESTER,毕得,25g*2,25,g,2,903,running_out,huotongyu,
6175-45-7,"2,2-二乙氧基苯乙酮","2,2-Diethoxyacetophenot_stocked",毕得,100g,100,g,1,132.3,running_out,huwenshu,
4062-60-6,"N,N'-二叔丁基乙二胺","N,N'-DI-TERT-BUTYLETHYLENEDIAMINE
：	",毕得,25g,25,g,1,38,running_out,zhuminghui,
14452-34-7,"2,4-二甲基-6-硝基苯酚 ","2,4-DIMETHYL-6-NITROPHENOL",九鼎,1g,1,g,1,190.4,not_stocked,huangyilei,
13754-38-6,1-苯甲酰哌嗪,1-BENZOYLPIPERAZINE,毕得,25g,25,g,1,431.2,running_out,huotongyu,
35737-10-1,3-(((9H-芴-9-基)甲氧基)羰基)氨基)丙酸,Fmoc-β-Ala-OH,毕得,25 g,25,g,1,43.4,not_stocked,zhangcaifang,
71-43-2,苯,,通广,500mL*2,500,ml,2,30,not_stocked,chengzengrui,
73183-34-3,"	联硼酸频那醇酯","B2Pin2
",毕得,25 g,25,g,1,30.8,running_out,chengzengrui,
72287-26-4,"[1,1-双(二苯基磷)二茂铁]二氯化钯",Bis(diphenylphosphino)ferrocene]dichloropalladium(II),毕得,1 g,1,g,1,119.7,running_out,chengzengrui,
3375-31-3,醋酸钯,Palladium (II) Acetate,毕得,1 g,1,g,1,414.4,running_out,chengzengrui,
304858-65-9,2-氨基-4-溴苯腈,2-Amino-4-bromobenzonitrile,毕得,25 g,25,g,1,158.2,not_stocked,chengzengrui,
39263-32-6,2-氨基-5-溴苯甲腈,"	2-AMINO-5-BROMOBENZONITRILE",毕得,25 g,25,g,1,63.7,not_stocked,chengzengrui,
39859-36-4,2-苯甲酰-4-溴苯胺,"2-AMINO-5-BROMOBENZOPHEnot_stocked
",毕得,25 g,25,g,1,52.5,running_out,chengzengrui,
39234-86-1,"3,5-二三氟甲基苯磺酰氯","3,5-BIS(TRIFLUOROMETHYL)BENZENESULFONYL CHLORIDE",毕得,1 g,1,g,1,14.7,not_stocked,wangxi,
135-19-3,2-萘酚,2-Naphthol,毕得,25g,25,g,1,15.4,running_out,chengzekai,
129799-15-1,N-1-Boc-2-哌嗪甲酸甲酯,"1-(tert-Butyl) 2-methyl piperazine-1,2-dicarboxylate",毕得医药,1g*2,1,g,2,76.3,running_out,xingyihong,
129799-15-1,N-1-Boc-2-哌嗪甲酸甲酯,"1-(tert-Butyl) 2-methyl piperazine-1,2-dicarboxylate",乐研,5 g,5,g,1,318.75,running_out,xingyihong,
9006-65-9,二甲基硅油,,Adamas,500g,500,g,1,120,not_stocked,xingyihong,
104-12-1,对氯苯基异氰酸酯,4-Chlorophenylisocyanate,毕得医药,25g,25,g,1,21,not_stocked,huangyilei,
507-40-4,次氯酸叔丁酯,"	tert-Butyl Hypochlorite",百灵威,25g,25,g,1,283,running_out,zhaoxinyi,
2923-28-6,"	三氟甲烷磺酸银",SILVER TRIFLUOROMETHANESULFONATE,百灵威,5g,5,g,1,335,running_out,zhaoxinyi,
109-99-9,四氢呋喃 ,"Tetrahydrofuran, 99.9%, SuperDry, stabilized with 250 ppm BHT, J&KSeal",百灵威J&K,100mL,100,mL,1,44,not_stocked,tanhui,
63148-62-9,二甲基硅油, Dimethylsilicone oil,麦克林,500mL,500,mL,1,68,running_out,tanhui,
141556-45-8,"1,3-双(2,4,6-三甲基苯基)氯化咪唑","1,3-Bis(2,4,6-trimethylphenyl)imidazolium chloride",安耐吉,5g,5,g,1,144,running_out,tanhui,
94790-37-1,"O苯并三氮唑N,N,N',N'四甲基脲鎓六氟磷酸盐","Benzotriazole-N,N,N',N'-tetramethyluronium hexafluorophosphate,",百灵威J&K,25g,25,g,1,111.35,degraded,tanhui,
2592-95-2,1羟基苯并三唑, 1-Hydroxybenzotriazole (HOBT),Accela,25g,25,g,1,20,running_out,tanhui,
538-75-0,"N,N'二环己基碳二亚胺"," N,N'-Dicyclohexylcarbodiimide,",百灵威J&K,25g,25,g,1,58,degraded,tanhui,
534-17-8,碳酸铯 ,"Cesium carbonate, 99%",百灵威J&K,25G,25,g,1,125,degraded,tanhui,
70955-01-0,4A型分子筛粉末, 4A molecular sieve powder,乐研,250G,250,g,1,45,running_out,tanhui,
2991-42-6,4-三氟甲基苯磺酰氯,4-(Trifluoromethyl)benzene-1-sulfonyl chloride,毕得,10 g,10,g,1,32.2,not_stocked,wangxi,
598-50-5,甲基脲,1-Methylurea,毕得,25 g,25,g,1,13.3,not_stocked,wangxi,
358-23-6,三氟甲磺酸酐,Trifluoromethanesulfonic anhydride,毕得,25g,25,g,1,37.1,running_out,huangyilei,
2216/12/8,"2-硝基苯基苯基醚
","2-NITRODIPHENYL ETHER
",Alfa Aesar,10 g,10,g,1,428.8,not_stocked,chengzengrui,
2688-84-8,2-苯氧基苯胺,"2-Phenoxyaniline
",毕得,10 g,10,g,1,26.6,running_out,chengzengrui,
89-61-2,"2,5-二氯硝基苯
","2,5-Dichloronitrobenzene
",adamas,100 g,100,g,1,85,not_stocked,chengzengrui,
67-68-5,细胞培养级 二甲基亚砜,DMSO,Coolaber,100mL,100,mL,1,280,not_stocked,zhaoxinyi,
20734-58-1,"1,8-双二甲氨基萘","N1,N1,N8,N8-Tetramethylnaphthalene-1,8-diamine",毕得,10g,10,g,1,62.3,running_out,mengjunhong,
121-17-5,4-氯-3-硝基三氟甲苯,"4-Chloro-3-nitrobenzotrifluoride
",伊诺凯,100g,100,g,1,55,not_stocked,zhuminghui,
939-80-0,"	4-氯-3-硝基苯甲腈","4-Chloro-3-nitrobenzonitrile
",毕得,25g,25,g,1,55,not_stocked,zhuminghui,
777-37-7,2-氯-5-硝基三氟甲苯,"	2-Chloro-5-nitrobenzotrifluoride",毕得,100g,100,g,1,44,not_stocked,zhuminghui,
327-76-4,"2,4-双(三氟甲基)-1-氯苯","	2,4-BIS(TRIFLUOROMETHYL)CHLOROBENZENE
	",毕得,10g,10,g,1,356,not_stocked,zhuminghui,
38078-09-0,二乙胺基三氟化硫,DAST,安耐吉,25g,25,g,1,98.1,degraded,xuguofeng,
13544-44-0,"2,4-二氯-5-碘嘧啶",,毕得,10g,10,g,1,79.8,running_out,xuguofeng,
124312-73-8,(1-甲基-咪唑-2-基)甲胺,,毕得,1g,1,g,1,359.1,running_out,xuguofeng,
755027-21-5,4-氯-1-碘-2-甲氧基苯,5-CHLORO-2-IODOANISOLE,毕得,1g*2,1,g,2,106.4,running_out,xuguofeng,
77-92-9,柠檬酸,,乐研,1000g,1000,g,1,51,running_out,zhangcaifang,
2339-78-8,"2-氟-4,5-二氯硝基苯","1,2-Dichloro-4-fluoro-5-nitrobenzene",毕得,25 g,25,g,1,196.7,not_stocked,zhangcaifang,
5856-77-9,"2,2-二甲基丁酰氯","2,2-Dimethylbutyryl chloride",毕得,25g,25,g,1,22,not_stocked,zhaoxinyi,
1215205-50-7,1-(4-溴苯基)环丙烷羧酸乙酯,Ethyl 1-(4-bromophenyl)cyclopropanecarboxylate,毕得,1g,1,g,1,128,not_stocked,zhaoxinyi,
5022-65-1,"	L-色氨酰胺盐酸盐",L-Tryptophanamide hydrochloride,毕得,5g,5,g,1,95,not_stocked,zhaoxinyi,
110-86-1,吡啶,pyridine ,安耐吉,100 ml,100,mL,1,27,not_stocked,wangxi,
39234-86-1,"3,5-二三氟甲基苯磺酰氯","3,5-BIS(TRIFLUOROMETHYL)BENZENESULFONYL CHLORIDE",毕得,10 g,10,g,1,84.7,running_out,wangxi,
10025-87-3,三氯氧磷,,安耐吉,500g,500,g,1,367.2,running_out,xuguofeng,
3375-31-3,醋酸钯,"	Palladium (II) Acetate",百灵威,1g,1,g,1,385,running_out,mengjunhong,
60871-83-2,"	三氟甲基磺酸镁",Magnesium trifluoromethanesulfonate,毕得医药,25g,25,g,1,70,not_stocked,mengjunhong,
710-11-2,2-氧-4-苯基丁酸,2-OXO-4-PHENYL BUTANOIC ACID,毕得,5g,5,g,1,28.7,not_stocked,wangxi,
10294-34-5,三氯化硼,Boron trichloride,百灵威J&K,100 mL,100,mL,1,54,running_out,chengzengrui,
574-19-6,1-(2-羟基萘-1-基)乙酮,"2'-HYDROXY-1'-ACETONAPHTHONE
",毕得医药,5 g,5,g,1,59.5,not_stocked,chengzengrui,
623-26-7,对苯二腈,"1,4-Dicyanobenzene
",毕得医药,25 g,25,g,1,16.1,running_out,chengzengrui,
108-18-9,"二异丙胺
","Diisopropylamine
",阿拉丁,100 mL,100,mL,1,24.8,running_out,chengzengrui,
109-89-7,"二乙胺
","Diethylamine
",阿拉丁,100 mL,100,mL,1,28.8,running_out,chengzengrui,
34846-64-5,"3-氰喹啉
","3-Cyanoquinoline
",毕得医药,1 g,1,g,1,113.4,not_stocked,chengzengrui,
51484-06-1,6-溴-4-氧-4H-色烯-2-羧酸,"	6-BROMOCHROMONE-2-CARBOXYLIC ACID",乐研,1 g,1,g,1,112,not_stocked,zhaoxinyi,
22367-82-4,3-甲基-2-苯并呋喃羧酸乙酯,3-METHYLBENZOFURAN-2-CARBOXYLIC ACID ETHYL ESTER,毕得,25g*2,25,g,2,903,running_out,huotongyu,
40228-90-8,,7-Phenylheptanoic acid,毕得医药,250mg,250,mg,1,168.75,not_stocked,chengzengrui,
298-14-6,碳酸氢钾,Potassium hydrogen carbonate,通广,500G,500,g,1,16,running_out,chengzengrui,
1501-82-2,环十二烯 (顺反混合物),"	Cyclododecene (cis- and trans- mixture)",阿拉丁,5g,5,g,1,159,not_stocked,mengjunhong,
111-67-1,"	2-辛烯","	2-Octene",安耐吉,5mL,5,mL,1,119.7,running_out,mengjunhong,
1287-16-7,二茂铁乙酸,Ferrocenylacetic acid,毕得,1g,1,g,1,139.3,not_stocked,mengjunhong,
66990-32-7,"10,12-二十五二炔酸","	Pentacosa-10,12-diynoicacid",乐研,250mg,250,mg,1,124.5,not_stocked,mengjunhong,
2706-56-1,"	2-(2-氨乙基)吡啶","	2-Pyridylethylamine",毕得,5g,5,g,1,44,running_out,zhaoxinyi,
1121-46-6,2-呋喃-2-基乙胺,2-Furan-2-ylethylamine,毕得,250mg,250,mg,1,396,not_stocked,zhaoxinyi,
859518-35-7,,,,5g,5,g,1,1479.8,not_stocked,admin,
1314-06-3,三氧化二镍,"	Nickel(Ⅲ) oxide","	罗恩",10G,10,g,1,24,not_stocked,zhuminghui,
7446-70-0,无水三氯化铝,Aluminum chloride,百灵威,100g,100,g,1,39.95,not_stocked,chengzekai,
7647-14-5,氯化钠,Sodium chloride,通广精细,500 g*10,500,g,10,12,not_stocked,chengzekai,
3406/2/8,"双苯磺酸甲烷
","BIS(PHENYLSULFONYL)METHANE
",Adamas,5 g,5,g,1,188.8,running_out,chengzengrui,
40598-94-5,"3-溴吲唑
","3-Bromoindazole
",毕得,5 g,5,g,1,97.3,not_stocked,chengzengrui,
2835-77-0,"2-氨基二苯甲酮
","2-Aminobenzophenot_stocked
",毕得,100 g,100,g,1,97.3,running_out,chengzengrui,
870-46-2,"叔丁氧基甲酰肼
","tert-Butyl carbazate
",毕得,100 g,100,g,1,76.3,not_stocked,chengzengrui,
4612-26-4,"1,4-苯二硼酸
","1,4-Phenylenediboronic acid",毕得,25 g,25,g,1,128.1,not_stocked,chengzengrui,
14221-01-3,"四(三苯基膦)钯
","Tetrakis(triphenylphosphine)palladium
",毕得,5 g,5,g,1,348.6,running_out,chengzengrui,
81-33-4,"艳紫红29(s-0855)
","3,4,9,10-Perylenetetracarboxylic diimide
",毕得,5 g,5,g,1,122.25,not_stocked,chengzengrui,
4456-77-3,"1,3-[2H,4H]-异喹啉二酮
","1,2,3,4-Tetrahydroisoquinoline-1,3-dione
",毕得,5 g,5,g,1,275.1,not_stocked,chengzengrui,
578-86-9,"4',7-二羟基黄酮","7,4''-DIHYDROXYFLAVAnot_stocked",百灵威,5mg,5,mg,1,95.2,not_stocked,xuguofeng,
3483/12/3,二硫苏糖醇,,虹湖联合,5g,5,g,1,164,running_out,xuguofeng,
205434-75-9,1-BOC-2-羟甲基哌嗪,,毕得,5g,5,g,1,434.7,not_stocked,xuguofeng,
23229-26-7,"2,5-二溴吡嗪",,毕得,10g,10,g,1,168,not_stocked,xuguofeng,
1017793-21-3,4-溴-3-氯-2-氟吡啶,,毕得,1g,1,g,1,140,not_stocked,xuguofeng,
29241-62-1,5-溴-6-氯盐酸,5-Bromo-6-chloronicotinic acid,毕得,76.3,,,1,5,running_out,xuguofeng,
873-83-6,"4-氨基-2,6-二羟基嘧啶",6-Aminouracil,毕得,25g,25,g,1,17.5,not_stocked,xuguofeng,
182410-00-0,"
磺丁基-β-环糊精钠盐","
Captisol",虹湖联合,25g,25,g,1,130.4,not_stocked,xuguofeng,
127-09-3,乙酸钠，电泳级,Sodium acetate,虹湖联合,25g,25,g,1,50.4,not_stocked,xuguofeng,
688-73-3,三正丁基氢锡,,安耐吉,25g,25,g,1,76.5,running_out,xuguofeng,
77-86-1,三（羟甲基）氨基甲烷,,虹湖联合,100g,100,g,1,89.1,running_out,xuguofeng,
9005-64-5,吐温20,,虹湖联合,100mL,100,mL,1,65.6,not_stocked,xuguofeng,
56-81-5,甘油,,虹湖联合,500mL,500,mL,1,51.3,not_stocked,xuguofeng,
60-24-2,2-巯基乙醇,b-mercaptoethanol,虹湖联合,25mL,25,mL,1,83.2,not_stocked,xuguofeng,
70-18-8,谷胱甘肽,,虹湖联合,5g,5,g,1,52.8,not_stocked,xuguofeng,
81-25-4,胆酸,Cholic acid,百灵威,25g,25,g,1,124.1,running_out,mengjunhong,
,氯化锰,,百灵威,100g,100,g,1,48.45,not_stocked,xuguofeng,
349-88-2,4-氟苯磺酰氯,4-Fluorobenzene-1-sulfonyl chloride,毕得,5g,5,g,1,14,running_out,huwenshu,
1993/11/8,2-萘磺酰氯,Naphthalene-2-sulfonyl chloride,毕得,5g,5,g,1,19.6,running_out,huwenshu,
16629-19-9,,Thiophene-2-sulfonyl chloride,毕得,1g,1,g,1,20.3,running_out,huwenshu,
67-56-1,甲醇，HPLC,methanol,通广,2500mL*8,2500,ml,8,50,running_out,xuguofeng,
58328-39-5,"5-溴-2,3-二氢-1,4-苯并二氧烷","5-Bromo-2,3-dihydro-1,4-benzodioxane",毕得,1 g,1,g,1,482.3,not_stocked,zhangcaifang,
793695-85-9,2-(溴甲基)-1-氯-4-碘苯,2-(Bromomethyl)-1-chloro-4-iodobenzene,毕得,5 g,5,g,1,406,not_stocked,zhangcaifang,
849517-65-3,"4-碘代苯并[d][1,3]二氧杂环戊烯","4-Iodobenzo[d][1,3]dioxole",毕得,250 mg,250,mg,1,315,not_stocked,zhangcaifang,
14527-41-4,噻唑-5-甲酸,5-Thiazolecarboxylic acid,毕得,5 g,5,g,1,146.3,not_stocked,zhangcaifang,
10177-12-5,5-苯基烟酸,5-Phenylnicotinic acid,毕得,250 mg,250,mg,1,337.4,not_stocked,zhangcaifang,
9011-18-1,葡聚糖硫酸钠,Dextran sulfate sodium,毕得,500g,500,g,1,2656.5,not_stocked,zhangcaifang,
50681-25-9,4-哒嗪甲酸,4-Pyridazinecarboxylic Acid,毕得,5 g,5,g,1,587.3,not_stocked,zhangcaifang,
7677-24-9,三甲基氰硅烷,Trimethylsilyl Cyanide,毕得,25 g,25,g,1,24.5,running_out,wangxi,
108-24-7,乙酸酐,Acetic anhydride,校内库房（国药）,500 ml,500,mL,1,58,running_out,wangxi,
19158-51-1,4-甲苯磺酰氰,4-Methylbenzenesulfonyl cyanide,乐研,1g,1,g,1,27,not_stocked,wangxi,
606-18-8,2-氨基-3-硝基苯甲酸,"	2-Amino-3-nitrobenzoic acid",毕得,25g,25,g,1,130,not_stocked,zhuminghui,
7782-49-2,硒粉 ,Selenium powder,3A,100g,100,g,1,121.5,running_out,zhuminghui,
66003-76-7,"二苯基碘三氟磺酸盐
","Diphenyliodonium triflate
",毕得医药,5 g,5,g,1,98.7,not_stocked,chengzengrui,
1483-72-3,氯化二苯基碘,"DIPHENYLIODONIUM CHLORIDE
",毕得医药,5 g,5,g,1,150.5,not_stocked,chengzengrui,
1485-70-7,"N-苄基苯甲酰胺
","N-BENZYLBENZAMIDE
",毕得医药,25 g,25,g,1,138.6,not_stocked,chengzengrui,
72804-96-7,"O-(二苯基氧膦基)羟胺
","O-DIPHENYLPHOSPHINYLHYDROXYLAMINE
",accela,25 g,25,g,1,218.45,running_out,chengzengrui,
7163-25-9,"3-羟基-2-萘甲酸乙酯
","3-Hydroxy-2-naphthalenecarboxylic acid ethyl ester
",毕得医药,1 g,1,g,1,87.5,not_stocked,chengzengrui,
947-65-9,"2-羟基-1-萘酸甲酯
","METHYL 2-HYDROXY-1-NAPHTHOATE
",毕得医药,5 g,5,g,1,425.6,running_out,chengzengrui,
7605-28-9,苯磺酰乙腈,"(PHENYLSULFONYL)ACETONITRILE
",毕得医药,25 g,25,g,1,117.6,not_stocked,chengzengrui,
24517-64-4,"2-氨基-3-氰基吡啶
","2-Amino-3-cyanopyridine
",毕得医药,5 g,5,g,1,96.6,not_stocked,chengzengrui,
508-02-1,齐墩果酸,Oleanolic acid,毕得医药,25g,25,g,1,72.1,running_out,mengjunhong,
104-15-4,4-甲苯磺酸,4-Toluenesulfonic acid,乐研,25g,25,g,1,41,degraded,huangyilei,
75-75-2,甲磺酸,Methanesulfonic Acid,安耐吉,25g,25,g,1,189,running_out,huangyilei,
98-66-8,4-氯苯磺酸,4-Chlorobenzenesulfonic acid,毕得医药,25g,25,g,1,9.8,degraded,huangyilei,
278779-30-9,"	3-(2,6-二氯苯基)-4-(3'-羧基-2-氯二苯乙烯-4-基)氧甲基-5-异丙基异恶唑",GW 4064,源叶,5mg,5,mg,1,272,running_out,zhaoxinyi,
79326-96-8,3-硝基苯磺酸一水合物,3-Nitrobenzenesulfonic acid hydrate,毕得医药,5g,5,g,1,574,running_out,huangyilei,
1634-04-4,甲基叔丁基醚,MTBE,通广,500mL*12,500,ml,12,12,running_out,xuguofeng,
23513-08-8,8-姜辣醇,,毕得,25mg,25,mg,1,540.4,running_out,xuguofeng,
4476/8/3,3-甲基胞嘧啶,3-Methylcytosine,毕得,100mg,100,mg,1,362.6,not_stocked,xuguofeng,
2238820-75-0,"(R)-6,7-二氢-5H-吡唑并[5,1-B][1,3]恶嗪-6-醇","(R)-6,7-Dihydro-5H-pyrazolo[5,1-b][1,3]oxazin-6-ol",毕得,100mg,100,mg,1,224.7,not_stocked,xuguofeng,
56602-33-6,卡特缩合剂,,毕得,25g,25,g,1,25.9,not_stocked,xuguofeng,
6674-22-2,"1,8-二偶氮杂双螺环[5.4.0]十一-7-烯",DBU,毕得,25g,25,g,1,13.3,not_stocked,xuguofeng,
639068-43-2,"1-BOC-3,5-二甲基哌嗪","3,5-Dimethyl-piperazine-1-carboxylic acid tert-butyl ester",毕得,1g,1,g,1,395,not_stocked,zhaoxinyi,
336191-17-4,"	2-BOC-2,8-二氮杂-螺[4.5]癸烷","	2-BOC-2,8-二氮杂-螺[4.5]癸烷",毕得,1g,1,g,1,275,running_out,zhaoxinyi,
212779-21-0,2-氨基-3-溴-6-氯吡嗪,,毕得,10g,10,g,1,299.6,not_stocked,xuguofeng,
236406-55-6,"2-叔丁氧羰基-2,7-二氮杂螺[3.5]壬烷","2-(tert-Butoxycarbonyl)-2,7-diazaspiro[3.5]nonane",毕得,1g,1,g,1,115,running_out,zhaoxinyi,
40899-71-6,"N-苯磺酸吲哚
","1-(PHENYLSULFONYL)INDOLE
",毕得,10 g,10,g,1,32.9,running_out,chengzengrui,
75400-67-8,"1-Boc-吲哚
","
1-BOC-INDOLE
",毕得,5 g,5,g,1,59.5,running_out,chengzengrui,
620-08-6,"4-甲氧基吡啶
","4-Methoxypyridine
",accela,25 g,25,g,1,76.5,running_out,chengzengrui,
612-23-7,"2-硝基苄氯
","2-NITROBENZYL CHLORIDE
",阿拉丁,25 g,25,g,1,487.2,not_stocked,chengzengrui,
17875-18-2,3-丁烯胺盐酸盐,1-AMINO-3-BUTENE HYDROCHLORIDE,毕得,1 g,1,g,1,51,running_out,zhaoxinyi,
903550-26-5,1-(2-四氢吡喃基)-1H-吡唑-5-硼酸频哪酯,,毕得,25g,25,g,1,85.4,running_out,xuguofeng,
79-36-7,2，2-二氯乙酰氯,2，2-Dichloroacetyl chloride,百灵威,25g,25,g,1,51,running_out,sunyichen,
100-47-0,苯甲腈,Benzonitrile,Adamas,100 mL,100,mL,1,23.2,running_out,zhaobinzhi,
98-47-5,3-硝基苯磺酸,3-Nitrobenzenesulfonic Acid,TCI/梯希爱,5g,5,g,1,812.25,running_out,huangyilei,
50270-27-4,"2,4,6-三氯-5-嘧啶甲醛","2,4,6-TRICHLORO-PYRIMIDINE-5-CARBALDEHYDE",毕得,10g,10,g,1,59.5,not_stocked,xuguofeng,
1609-47-8,焦碳酸二乙酯,,虹湖联合,5g,5,g,1,40.8,not_stocked,xuguofeng,
,DEPC水,DEPC-treated Water,翌圣生物,500 mL,500,mL,1,175,not_stocked,xuguofeng,
56520-98-0,2-硝基-4-乙基苯酚,4-ETHYL-2-NITROPHENOL,安耐吉,0.5g,0.5,g,1,619.2,running_out,huangyilei,
160542-02-9,4-三氟甲氧基苯乙炔,,毕得,1g,1,g,1,174.3,not_stocked,xuguofeng,
42472-69-5,4-乙炔基苯乙酮,,毕得,1g,1,g,1,282.1,not_stocked,xuguofeng,
358-23-6,三氟甲磺酸酐,"	Trifluoromethanesulfonic anhydride",毕得医药,100g,100,g,1,120.4,running_out,mengjunhong,
132-65-0,二苯并噻吩,Dibenzothiophene,希恩思,100g,100,g,1,72.15,running_out,shihongwei,
1964/10/8,苯基脲,,毕得,25g,25,g,1,16.1,running_out,wangxi,
148893-10-1,"O-(7-氮杂苯并三唑-1-基)-N,N,N',N'-四甲基脲六氟磷酸盐","O-(7-Azabenzotriazol-1-yl)-N,N,N,N-tetramethyl uronium",欣恒研,25g,25,g,1,126.35,running_out,xingyihong,
129799-08-2,1-BOC-3-哌嗪甲酸甲酯,"1-tert-Butyl 3-methyl piperazine-1,3-dicarboxylate",毕得医药,25g,25,g,1,557.9,running_out,xingyihong,
7496-46-0,8-溴甲基喹啉,8-(Bromomethyl)quinoline,欣恒研,1g,1,g,1,189.05,running_out,xingyihong,
18448-47-0,"	1-环己烯基-1-甲酸甲酯",Methyl 1-cyclohexene-1-carboxylate,毕得,10g,10,g,1,236,running_out,zhuminghui,
6996-92-5,"	苯亚硒酸","	Benzeneseleninic acid",阿拉丁,5g,5,g,1,334,not_stocked,zhuminghui,
5625-67-2,2-哌嗪酮,Piperazin-2-one,欣恒研,25g,25,g,1,134.9,not_stocked,xingyihong,
573-54-6,2-溴-3-硝基苯甲酸,"2-Bromo-3-nitrobenzoic acid
	",毕得,25G,25,g,1,238,not_stocked,zhuminghui,
6325-93-5,"	对硝基苯磺酰胺","	4-Nitrobenzenesulfonamide	",毕得,25G,25,g,1,61,not_stocked,zhuminghui,
107-14-2,(S)-3-氨基-4-(1H-吲哚-3-基)丁酸,(S)-3-Amino-4-(1H-indol-3-yl)butanoic acid,乐研,100mg,100,mg,1,290.25,not_stocked,zhaoxinyi,
4411-80-7,"6,6'-二甲基-2,2'-联吡啶"," 6,6'-Dimethyl-2,2'-bipyridine",毕得,1g,1,g,1,23.8,running_out,zhaobinzhi,
617-31-2,2-羟基戊酸, 2-Hydroxyvaleric acid,乐研,100mg,100,mg,1,44.25,not_stocked,zhaobinzhi,
2338-18-3,2-氨基茚满盐酸盐,2-Aminoindan hydrochloride,阿拉丁,1 g,1,g,1,47,not_stocked,zhaoxinyi,
288-05-1,"	硒酚","SELENOPHENE
","	欣恒研",1g,1,g,1,269,not_stocked,zhuminghui,
53801-63-1,锌铜试剂,,毕得,5g,5,g,1,22.4,degraded,sunyichen,
60748-47-2,三(二亚苄基丙酮)二钯,PD2DBA3,"
欣恒研",250mg,250,mg,1,94.05,degraded,xingyihong,
3375-31-3,醋酸钯,Palladium(II) acetate,"
欣恒研",250mg,250,mg,1,217.55,degraded,xingyihong,
785-56-8,"3,5-双三氟甲基苯甲酰氯","3,5-Bis(trifluoromethyl)benzoyl chloride",毕得,5g,5,g,1,57.4,not_stocked,wangxi,
616-91-1,N-乙酰-L-半胱氨酸,N-Acetyl-L-cysteine,毕得,500g,500,g,1,114.1,running_out,xuguofeng,
7778-53-2,磷酸钾,Potassium phosphate tribasic,毕得,500g,500,g,1,30.1,running_out,xuguofeng,
14900-39-1,1-苯基乙烯基硼酸,,毕得,1g,1,g,1,93.8,not_stocked,xuguofeng,
6783/5/7,反式-BETA-苯乙烯硼酸,,毕得,1g,1,g,1,49,not_stocked,xuguofeng,
1009307-13-4,2-(乙氧羰基)乙烯基乙酸二甲基丁二醇酯,,毕得,5g,5,g,1,197.4,not_stocked,xuguofeng,
26501-54-2,四丁基亚硝酸铵,"Tetrabutylammonium nitrite 	",阿拉丁,1g,1,g,1,157.21,not_stocked,huangyilei,
74-88-4,碘甲烷,"
Iodomethane","
安耐吉",100 g,100,g,1,160,running_out,chengzekai,
14452-34-7,"2,4-二甲基-6-硝基苯酚"," 2,4-Dimethyl-6-nitrophenol",阿拉丁,5g,5,g,1,400.68,running_out,huangyilei,
607-24-9,2-硝基-1-萘酚 ,2-硝基-1-萘酚 ,毕得医药,5g,5,g,1,74.9,not_stocked,huangyilei,
16090-33-8,2-硝基对苯二酚,"2-Nitrobenzene-1,4-diol",毕得医药,1g,1,g,1,242.9,not_stocked,huangyilei,
7726-95-6,溴素,Bromine,通广,500g,500,g,1,286,not_stocked,zhuminghui,
573-54-6,2-溴-3-硝基苯甲酸,"2-Bromo-3-nitrobenzoic acid
	",毕得,25G,25,g,1,238,not_stocked,zhuminghui,
22227-59-4,2-溴-3-硝基苯甲酸 ,2-Bromo-3-nitrobenzoic acid,毕得,10g,10,g,1,904,not_stocked,zhuminghui,
488-11-9,粘溴酸,Mucobromic acid,安耐吉,25G,25,g,1,69.3,not_stocked,tanhui,
87-56-9,粘氯酸,"	Mucochloric acid",安耐吉,25G,25,g,1,27,not_stocked,tanhui,
3142-72-1,2-甲基-2-戊烯酸 ,2-Methyl-2-pentenoic acid,毕得,5g,5,g,1,15.4,not_stocked,tanhui,
4759-48-2,"(2Z,4E,6E,8E)-3,7-二甲基-9-(2,6,6-三甲基环己-1-烯-1-基)壬-2,4,6,8-四烯酸 ","(2Z,4E,6E,8E)-3,7-Dimethyl-9-(2,6,6-trimethylcyclohex-1-en-1-yl)nona-2,4,6,8-tetraenoic acid
",毕得,1g,1,g,1,30.1,not_stocked,tanhui,
115065-79-7,2-(2-(((苄氧基)羰基)氨基)噻唑-4-基)-5-((3-甲基丁-2-烯-1-基)氧基)-5-氧代戊-2-烯酸 ,2-(2-(((Benzyloxy)carbonyl)amino)thiazol-4-yl)-5-((3-methylbut-2-en-1-yl)oxy)-5-oxopent-2-enoic acid,毕得,1g,1,g,1,63.9,not_stocked,tanhui,
5852/10/8,7-羟基-4-甲基香豆素-3-乙酸," 2-(7-Hydroxy-4-methyl-2-oxo-2H-chromen-3-yl)acetic acid
",华威锐科,250mg,250,mg,1,221,not_stocked,tanhui,
957-68-6,"(6R,7R)-3-(乙酰氧基甲基)-7-氨基-8-氧代-5-硫杂-1-氮杂双环[4.2.0]辛-2-烯-2-羧酸"," (6R,7R)-3-(Acetoxymethyl)-7-amino-8-oxo-5-thia-1-azabicyclo[4.2.0]oct-2-ene-2-carboxylic acid",毕得,5g,5,g,1,21,not_stocked,tanhui,
922500-91-2,2-(氧杂环丁烷-3-亚基)乙酸乙酯 ,Ethyl 2-(oxetan-3-ylidene)acetate,毕得,1g,1,g,1,86,not_stocked,tanhui,
760-58-7,2-氰基-4-甲基戊-2-烯酸 ,2-Cyano-4-methylpent-2-enoic,乐妍,100mg,100,mg,1,285,not_stocked,tanhui,
91926-90-8,,"(S,Z)-Ethyl 3-(2,2-dimethyl-1,3-dioxolan-4-yl)acrylate (S,Z)-Ethyl 3-(2,2-dimethyl-1,3-dioxolan-4-yl)acrylate",百灵威,1g,1,g,1,355,not_stocked,tanhui,
472-66-2,"2,6,6-三甲基-1-环己烯基乙醛"," 2,6,6-Trimethyl-1-cyclohexene-1-acetaldehyde",毕得,1g,1,g,1,340.2,not_stocked,tanhui,
15356-74-8,"4,4,7a-三甲基-5,6,7,7a-四氢苯并呋喃-2(4H)-酮"," 4,4,7a-Trimethyl-5,6,7,7a-tetrahydrobenzofuran-2(4H)-one",毕得,1g,1,g,1,25.9,not_stocked,tanhui,
6990/6/3,夫西地酸 ,Fusidic Acid,阿拉丁,1g,1,g,1,32.6,not_stocked,tanhui,
106560-14-9,法罗培南钠, FAROPENEM SODIUM HEMIPENTAHYDRATE,安耐吉,1g,1,g,1,320.4,not_stocked,tanhui,
120705-67-1,6-(1'-叔丁基二甲基硅氧乙基)-3-(2''-四氢呋喃基)-7-氧代-4-硫-1-氮杂双环[3.2.0]庚-2-烯-2-羧酸烯丙酯 ,"(5R,6S)-Allyl 6-((R)-1-((tert-butyldimethylsilyl)oxy)ethyl)-7-oxo-3-((R)-tetrahydrofuran-2-yl)-4-thia-1-azabicyclo[3.2.0]hept-2-ene-2-carboxylate
",毕得,1g,1,g,1,124,not_stocked,tanhui,
39687-95-1,异腈基乙酸甲酯,METHYL ISOCYANOACETATE,艾普希隆,5g,5,g,1,129.5,not_stocked,tanhui,
24209-38-9,,"
7-TMCA",毕得,5g,5,g,1,34.2,not_stocked,tanhui,
,托法替尼,,毕得,250mg,250,mg,1,351.4,not_stocked,xuguofeng,
14452-34-7,"2,4-二甲基-6-硝基苯酚 "," 2,4-Dimethyl-6-nitrophenol",甄选,5g,5,g,1,510,reorder,huangyilei,
,氯化亚铜,,毕得,25g,25,g,1,16.1,running_out,xuguofeng,
,双(2-二苯基磷苯基)醚,,毕得,10g,10,g,1,32.9,running_out,xuguofeng,
14044-65-6,1M 硼烷四氢呋喃,Borane-tetrahydrofuran complex,百灵威,100mL,100,mL,1,144.5,running_out,xuguofeng,
,环己烯,,百灵威,100mL,100,mL,1,23.2,degraded,xuguofeng,
,儿萘酚硼烷,,安耐吉,25mL,25,mL,1,152.1,running_out,xuguofeng,
6175-45-7,"2,2-二乙氧基苯乙酮","2,2-Diethoxyacetophenot_stocked",毕得,25g,25,g,1,33.6,running_out,xuyue,
110-86-1,吡啶,Pyridine,安耐吉,100ml,100,mL,1,27,running_out,huwenshu,
506-68-3,溴化氰,"	Cyanogen bromide",九鼎,1 g,1,g,1,39.1,running_out,wangxi,
26501-54-2,四丁基亚硝酸铵,Tetrabutylammonium nitrite,阿拉丁,1g,1,g,1,158.21,reorder,huangyilei,
74-88-4,碘甲烷,Iodomethane,安耐吉,100g,100,g,1,160,not_stocked,huwenshu,
1109-15-5,三(五氟苯基)硼烷,"TRIS(PENTAFLUOROPHENYL)BORANE
",毕得医药,1 g,1,g,1,67.5,not_stocked,chengzengrui,
126-81-8,"5,5-二甲基-1,3-环己二酮
","Dimedone
",毕得医药,25 g,25,g,1,20.3,not_stocked,chengzengrui,
1076-26-2,"1-甲基-2-萘酚
",1-Methylnaphthalen-2-ol,毕得医药,1 g,1,g,1,331.1,not_stocked,chengzengrui,
10294-33-4,"三溴化硼
",Boron tribromide,阿拉丁,25 mL,25,mL,1,148.52,running_out,chengzengrui,
768-32-1,"	三甲基苯硅烷",PHENYLTRIMETHYLSILANE,毕得医药,25 g,25,g,1,108.75,running_out,chengzengrui,
541-16-2,"丙二酸二叔丁酯
","Di-tert-Butyl malonate
",毕得医药,25 g,25,g,1,35,not_stocked,chengzengrui,
534-17-8,碳酸铯,"Cesium carbonate
",毕得医药,25 g,25,g,1,33,running_out,chengzengrui,
7681-65-4,"	碘化亚铜","Copper(I) iodide, ",百灵威,50G,50,g,1,170,running_out,zhuminghui,
37222-66-5,"	过氧单磺酸钾","	oxone
",百灵威,100g,100,g,1,288,running_out,zhuminghui,
60940-34-3,"	依布硒","Ebselen
",毕得,250mg,250,mg,1,549,not_stocked,zhuminghui,
70955-01-0,4A型分子筛粉末, 4A molecular sieve powder,乐研,250G,250,g,1,45,running_out,tanhui,
319-03-9,"5-氟异苯并呋喃-1,3-二酮","5-Fluoroisobenzofuran-1,3-dione","
欣恒研",1g,1,g,1,140.6,not_stocked,xingyihong,
7521-70-2,喹啉-3-甲胺,Quinolin-3-ylmethanamine,毕得医药,1g,1,g,1,708,not_stocked,xingyihong,
3731-52-0,3-氨甲基吡啶,Pyridin-3-ylmethanamine,欣恒研,10g,10,g,1,39.9,not_stocked,xingyihong,
56520-98-0,2-硝基-4-乙基苯酚,4-Ethyl-2-nitrophenol,毕得医药,5g,5,g,1,550.2,running_out,huangyilei,
117324-58-0,2-氨基-5-三氟甲基苯甲酸甲酯,Methyl 2-amino-5-(trifluoromethyl)benzoate,毕得医药,10 g,10,g,1,396.9,not_stocked,zhangcaifang,
29681-44-5,,,毕得医药,100g,100,g,1,196,not_stocked,zhangcaifang,
824-94-2,1-(氯甲基)-4-甲氧基苯,1-(Chloromethyl)-4-methoxybenzene,毕得医药,100 g,100,g,1,53.2,degraded,zhangcaifang,
1445085-97-1,"甲烷磺酸(9,9-二甲基-4,5-双二苯基膦氧杂蒽)(2’-氨基-1,1’-联苯-2-基)钯(II)","[2-(Amino-κN)[1,1-biphenyl]-2-yl-κC][[5-(diphenylphosphino)-9,9-dimethyl-9H-xanthen-4-yl]diphenylphosphine-κP](methanesulfonato-κO)palladium",毕得医药,5 g,5,g,1,562.1,not_stocked,zhangcaifang,
883-99-8,"3-羟基-2-萘甲酸甲酯
",Methyl 3-hydroxy-2-naphthoate,毕得,5 g,5,g,1,19.6,not_stocked,chengzekai,
,,,毕得,5g,5,g,1,156.75,running_out,chengzekai,
,,,毕得,100g,100,g,1,17.25,running_out,chengzekai,
,2-羟基异丁酸,2-Hydroxyisobutyric acid,毕得,10 g,10,g,1,17.5,not_stocked,wangxi,
637-50-3,"	β-甲基苯乙烯",β-Methylstyrene,毕得医药,1g,1,g,1,74.9,not_stocked,mengjunhong,
,乙烯基硼酸频哪醇酯,,毕得医药,25g,25,g,1,144.2,not_stocked,xuguofeng,
,"N,N-二异丙基乙胺",,百灵威,100mL,100,mL,1,113.9,running_out,xuguofeng,
,4-乙炔基吡啶,,毕得医药,1g,1,g,1,212.1,not_stocked,xuguofeng,
,3-乙炔基苯甲酸甲酯,,毕得医药,1g,1,g,1,98.7,not_stocked,xuguofeng,
131274-22-1,四氟硼酸三叔丁基膦,Tri-tert-butylphosphine tetrafluoroborate,毕得医药,5g,5,g,1,21,not_stocked,xuguofeng,
674-76-0,反-4-甲基-2-戊烯,"	trans-4-Methyl-2-pentene",罗恩,1mL,1,mL,1,114.31,not_stocked,mengjunhong,
13269-52-8,"	反-3-己烯",trans-3-Hexene,麦克林,1mL,1,mL,1,200,not_stocked,mengjunhong,
14850-23-8,"	反-4-辛烯",trans-4-Octene,麦克林,1mL,1,mL,1,246.89,not_stocked,mengjunhong,
558-37-2,"	3,3-二甲基-1-丁烯","	3,3-Dimethyl-1-butene",安耐吉,5mL,5,mL,1,49.5,not_stocked,mengjunhong,
98-47-5,3-硝基苯磺酸,3-Nitrobenzenesulfonic Acid,TCI/梯希爱,5G,5,g,1,812.25,not_stocked,huangyilei,
,2-氨基-3-溴-6-氯吡嗪,,毕得,5g,5,g,1,155.4,not_stocked,xuguofeng,
146070-35-1,2-氟-3-(三氟甲基)苯甲腈,2-Fluoro-3-(trifluoromethyl)benzonitrile,毕得,10g,10,g,1,364.7,not_stocked,zhangcaifang,
13269-52-8,"	反-3-己烯",trans-3-Hexene,麦克林,1mL,1,mL,1,249,not_stocked,mengjunhong,
1445085-77-7,"甲磺酸(2-二环己基膦基-2',6'-二异丙氧基-1,1'-联苯基)(2-氨基-1,1'-联苯-2-基)钯(II)",,毕得,5g,5,g,1,816.9,not_stocked,xuguofeng,
56-23-5,四氯化碳,Carbon tetrachloride,麦克林/Macklin,500ml,500,mL,1,152.4,running_out,huangyilei,
142-96-1,正丁醚,Butyl ether,麦克林,100 mL,100,mL,1,20.3,not_stocked,sunyichen,
182410-00-0,磺丁基-Β-环糊精钠,,毕得,25g,25,g,1,97.3,running_out,xuguofeng,
3133-78-6,"	3-甲基苯并[B]噻吩-2-羧酸",3-Methylbenzothiophene-2-carboxylicacid,毕得,5g,5,g,1,262,running_out,admin,
112257-19-9,甲基(2-(甲基氨基)乙基)氨基甲酸叔丁酯,tert-butyl methyl(2-(methylamino)ethyl)carbamate,毕得,5g,5,g,1,72,not_stocked,admin,
688363-66-8,"1-BOC-2,6-二甲基哌嗪","	1-BOC-2,6-DIMETHYL-PIPERAZINE",毕得,1g,1,g,1,255,running_out,zhaoxinyi,
,1-甲基-4-碘-吡唑,,毕得,5g,5,g,1,21,not_stocked,xuguofeng,
,4-溴-2-甲基吡啶,,毕得,1g,1,g,1,16.1,not_stocked,xuguofeng,
26501-54-2,四丁基亚硝酸铵,Tetrabutylammoniumnitrite,Biosharp,10g,10,g,1,1027.8,reorder,huangyilei,
1140-17-6,2-氨基-4'-溴二苯甲酮,(2-Aminophenyl)(4-bromophenyl)methanot_stocked,毕得,25 g,25,g,1,174.3,running_out,chengzengrui,
,氘代氯仿,,伊诺凯,100 g,100,g,1,150.4,running_out,chengzengrui,
7440-31-5,锡,Tin,Adamas,25 g,25,g,1,24,not_stocked,chengzengrui,
890522-56-2,2-(三氟甲基)苯磺酰肼,2-(Trifluoromethyl)benzenesulfonohydrazide,毕得,1 g,1,g,1,651.7,not_stocked,chengzengrui,
6175-45-7,"2,2-二乙氧基苯乙酮","2,2-Diethoxyacetophenot_stocked",毕得,100g,100,g,1,132.3,running_out,huwenshu,
196799-45-8,"2,3-二氢苯并呋喃-7-甲醛","2,3-Dihydrobenzofuran-7-carbaldehyde",乐研,1 g,1,g,1,744.75,running_out,zhangcaifang,
13472-00-9,对氨基苯乙胺,4-(2-Aminoethyl)aniline,毕得,10 g,10,g,1,77,running_out,zhangcaifang,
146070-35-1,2-氟-3-(三氟甲基)苯甲腈,2-Fluoro-3-(trifluoromethyl)benzonitrile,毕得,10 g,10,g,1,364.7,not_stocked,zhangcaifang,
22367-82-4,3-甲基-2-苯并呋喃羧酸乙酯,3-METHYLBENZOFURAN-2-CARBOXYLIC ACID ETHYL ESTER,毕得,5g,5,g,1,114,not_stocked,zhaoxinyi,
,4-碘吡啶,,毕得,1g,1,g,1,13.3,not_stocked,xuguofeng,
6381-92-6,乙二胺四乙酸二钠,Ethylenediaminetetraacetic acid disodium salt,通广,250g,250,g,1,18,not_stocked,pengjing,
33665-90-6,安赛蜜,"6-Methyl-1,2,3-oxathiazin-4(3H)-one 2,2-dioxide",麦克林,25g,25,g,1,42,not_stocked,pengjing,
50-81-7,维生素C,L-Ascorbic acid,TargetMol,1g,1,g,1,352,not_stocked,pengjing,
107-85-7,异戊胺,Isopentylamine,麦克林,5ml,5,mL,1,79.2,running_out,pengjing,
1967/3/8,盐酸硫胺素,Thiamine hydrochloride,TargetMol,20mg,20,mg,1,88,not_stocked,pengjing,
1975/4/7,乙胺,Ethylamine,安耐吉,100ml,100,mL,1,58.5,not_stocked,pengjing,
110-54-3,正己烷,n-Hexane,麦克林,500ml,500,mL,1,90,not_stocked,pengjing,
110-82-7,环己烷,Cyclohexane,通广,500ml,500,mL,1,93,not_stocked,pengjing,
1975/9/2,二氯甲烷,Dichloromethane,通广,500ml,500,mL,1,28,not_stocked,pengjing,
109-99-9,四氢呋喃,Tetrahydrofuran,通广,500ml,500,mL,1,55,not_stocked,pengjing,
141-78-6,乙酸乙酯,Ethyl acetate,通广,500ml,500,mL,1,26,not_stocked,pengjing,
67-63-0,异丙醇,Isopropyl alcohol,通广,500ml,500,mL,1,43,not_stocked,pengjing,
121-44-8,三乙胺,Triethylamine,麦克林,100ml,100,mL,1,59,not_stocked,pengjing,
1975/5/8,乙腈,Acetonitrile,通广,500ml,500,mL,1,33,running_out,pengjing,
67-56-1,甲醇,Methanol,通广,500ml,500,mL,1,10,not_stocked,pengjing,
1975/9/2,超干二氯甲烷,dichloromethane,安徽泽生,500 ml,500,mL,1,58,not_stocked,wangxi,
1975/5/8,超干乙腈,acetonitrile,安徽泽生,500 ml,500,mL,1,78,not_stocked,wangxi,
67-56-1,超干甲醇,methanol,安徽泽生,500 mL,500,mL,1,60,not_stocked,wangxi,
506-68-3,溴化氰,Cyanogen bromide,九鼎,5 g,5,g,1,70.55,running_out,wangxi,
785-56-8,"3,5-双三氟甲基苯甲酰氯","3,5-Bis(trifluoromethyl)benzoyl chloride",毕得,5g,5,g,1,57.4,running_out,wangxi,
294-62-2,环十二烷,cyclododecane,欣恒研,10 g,10,g,1,127.3,not_stocked,wangxi,
36404-90-7,2-氟-3-吡啶甲醛,2-Fluoronicotinaldehyde,毕得,5g,5,g,1,103,not_stocked,zhaoxinyi,
6307-82-0,2-氯-5-硝基苯甲酸甲酯 ,Methyl2-chloro-5-nitrobenzoate,乐研,25g,25,g,1,330,not_stocked,zhuminghui,
60-29-7,乙醚,Diethyl Ether,通广,500ml,500,mL,1,17.5,not_stocked,chengzekai,
61790-53-2,硅藻土,Celite,伊诺凯,500g,500,g,1,91.2,running_out,xuguofeng,
573-54-6,2-溴-3-硝基苯甲酸,"2-Bromo-3-nitrobenzoic acid
	",毕得,25G,25,g,1,238,running_out,zhuminghui,
943-14-6,2-溴-5-硝基苯甲酸,"2-BROMO-5-NITROBENZOIC ACID
",毕得,25g,25,g,1,288,running_out,zhuminghui,
589-16-2,4-乙基苯胺,4-Ethylaniline,希恩思,5g,5,g,1,14.3,not_stocked,huwenshu,
587-02-0,3-乙基苯胺,3-Ethylaniline,毕得,1g,1,g,1,19.6,not_stocked,huwenshu,
643-28-7,2-异丙基苯胺,2-Isopropylaniline,毕得,5g,5,g,1,10.5,not_stocked,huwenshu,
368-88-7,4-氟苯磺酸,4-Fluorobenzenesulfonic acid,安耐吉,1g,1,g,1,152.1,not_stocked,huangyilei,
78164-31-5,,"3,4-Dimethylbenzotrifluoride",MREDA,1g,1,g,1,428.45,not_stocked,admin,
60748-47-2,三(二亚苄基丙酮)二钯,PD2DBA3,"
欣恒研",1g,1,g,1,282.15,not_stocked,xingyihong,
558-37-2,"3,3-二甲基-1-丁烯","3,3-Dimethyl-1-butene",欣恒研,5mL,5,mL,1,206,not_stocked,mengjunhong,
80-82-0,2-硝基苯磺酸,2-Nitrobenzenesulfonic Acid,TCI/梯希爱,5G,5,g,1,389.5,running_out,huangyilei,
10602-06-9,3-炔基苯甲酸甲酯,3-ETHYNYL-BENZOIC ACID METHYL ESTER,毕得,1g,1,g,1,98.7,running_out,xuguofeng,
1206161-97-8,"N-(5-(4-((1,1-二氧基硫代吗啉)甲基)苯基)-[1,2,4]三唑并[1,5-a]吡啶-2-基)环丙烷甲酰胺 ",filgotinib,毕得,,,,1,591.5,running_out,xuguofeng,
9003-17-2,,"
Polybutadienediacrylate",Adamas,100g,100,g,1,36,not_stocked,zhaobinzhi,
104389-32-4,,Polyisoprene Trans,Adamas,5g,5,g,1,112,not_stocked,zhaobinzhi,
78164-31-5,,"3,4-Dimethylbenzotrifluoride",安耐吉,1g,1,g,1,478.8,not_stocked,admin,
14466-21-8,5-羰基-1-苄基吡啶烷-3-甲酰胺,5-Oxopyrrolidine-3-carboxamide,"
欣恒研",1g,1,g,1,182.4,not_stocked,admin,
6320-39-4,3-氨基-4-羟基吡啶,3-Amino-4-hydroxypyridine,"
欣恒研",1g,1,g,1,64.6,not_stocked,admin,
3430/10/2,3-氨基-2-甲基吡啶,3-氨基-2-甲基吡啶,"
欣恒研",1g,1,g,1,48.45,not_stocked,admin,
6863-73-6,2-氨基-3-氯吡嗪,3-Chloropyrazin-2-amine,"
欣恒研",5g,5,g,1,37.05,not_stocked,admin,
24517-64-4,2-氨基-3-氰基吡啶,2-Amino-3-cyanopyridine,"
欣恒研",1g,1,g,1,64.6,not_stocked,admin,
33332-29-5,2-氨基-5-氯吡嗪,2-Amino-5-chloropyrazine,"
欣恒研",1 g,1,g,1,43.7,not_stocked,admin,
27757-86-4,3-噻吩磺酰胺,3-Thiophenemethylamine,"
阿拉丁",1 g,1,g,1,93.02,not_stocked,admin,
17721-06-1,3-氨基噻吩,Thiophen-3-amine,"
17721-06-1",5g,5,g,1,427,not_stocked,admin,
488-11-9,"(Z)-2,3-二溴-4-氧代-2-丁烯酸 ","(Z)-2,3-Dibromo-4-oxobut-2-enoic acid",毕得医药,25G,25,g,1,42,not_stocked,tanhui,
34688-71-6,"2,4,6-三甲基苯基乙腈", 2-Mesitylacetonitrile,毕得医药,5G,5,g,1,201.6,not_stocked,tanhui,
87-56-9,粘氯酸,"	Mucochloric acid",RHAWN/罗恩,,,,1,21,not_stocked,tanhui,20230324
401-81-0,间碘三氟甲苯,1-Iodo-3-(trifluoromethyl)benzene,"
欣恒研",5 g,5,g,1,30.4,not_stocked,admin,20230324
,,,毕得,250mg,250,mg,1,259,not_stocked,xuguofeng,20230324
,磺丁基-Β-环糊精钠,,毕得,100g,100,g,1,357.7,running_out,xuguofeng,20230324
,2-溴甲基-5-氟苯硼酸频哪醇酯,,毕得,250 mg,250,mg,1,231.7,not_stocked,xuguofeng,20230324
,"2-(4-溴-3,5-二氯苯基)-4,4,5,5-四甲基-1,3,2-二氧硼杂环戊烷",,毕得,250mg,250,mg,1,173.6,not_stocked,xuguofeng,20230324
66-71-7,"1,10-菲啰啉",o-phenanthroline,jk,25g,25,g,1,442,running_out,zhuminghui,20230324
528-75-6,"2,4-二硝基苯甲醛","	2,4-Dinitrobenzaldehyde",毕得,25g,25,g,1,100,not_stocked,chengzengrui,20230324
59664-42-5,"2,4-双(三氟甲基)苯甲醛","2,4-Bis(trifluoromethyl)benzaldehyde",毕得,10 g,10,g,1,268.1,not_stocked,chengzengrui,20230324
2436-79-5,"2,4-二甲基吡咯-3,5-二羧酸二乙酯","Diethyl 3,5-dimethyl-1H-pyrrole-2,4-dicarboxylate",毕得,10 g,10,g,1,38.5,not_stocked,chengzengrui,20230324
131341-86-1,"4-(2,2-二氟苯并[d][1,3]二氧杂环戊烯-4-基)-1H-吡咯-3-腈 ","Fludioxonil
",毕得,1 g,1,g,1,97.3,not_stocked,chengzengrui,20230324
119-33-5,2-硝基-4-甲苯酚,2-Nitro-p-cresol,研峰/INFI,25g,25,g,1,70,running_out,huangyilei,20230324
98-66-8,4-氯苯磺酸,4-Chlorobenzenesulfonic acid,毕得医药,100g,100,g,1,14.25,running_out,huangyilei,20230324
73602-61-6,,Triethylammonium Fluoride,伊诺凯,5g,5,g,1,12,not_stocked,shihongwei,20230324
62778-11-4,氟化氢吡啶,Pyridine hydrofluoride,安耐吉,25g,25,g,1,36,degraded,shihongwei,20230324
7789-23-3,氟化钾（无水）,"
Potassium fluoride, 98.5%, anhydrous",百灵威J&K,25g,25,g,1,56.1,not_stocked,shihongwei,20230324
13400-13-0,氟化铯（无水）,,迈瑞达,10g,10,g,1,45.1,not_stocked,shihongwei,20230324
7789-24-4,"
氟化锂（无水）",Lithium fluoride,迈瑞达,25g,25,g,1,53.9,not_stocked,shihongwei,20230324
7681-49-4,氟化钠（无水）,Sodium fluoride,迈瑞达,50g,50,g,1,47.3,not_stocked,shihongwei,20230324
373-68-2,四甲基氟化铵,Tetramethylammonium fluoride,倍威科,5g,5,g,1,54.75,not_stocked,shihongwei,20230324
119-33-5,邻硝基对甲苯酚,4-Methyl-2-nitrophenol,麦克林/Macklin,25g,25,g,1,83.6,not_stocked,huangyilei,20230324
3959/5/5,"	2-溴苯甲胺",2-BROMOBENZYLAMINE,毕得,5g,5,g,1,37,not_stocked,zhaoxinyi,20230324
639068-43-2,"1-BOC-3,5-二甲基哌嗪","1-BOC-3,5-DIMETHYL-PIPERAZINE",毕得,1g,1,g,1,395.5,running_out,pengjing,20230325
623-51-8,巯基乙酸乙酯,"
ETHYL THIOGLYCOLATE",安耐吉,5g,5,g,1,18,not_found,pengjing,20230325
835-58-5,4-(三氟甲基)邻苯二甲酸,4-Trifluoromethylphthalic acid,源叶,1 g,1,g,1,306,not_stocked,xingyihong,20230326
7786-30-3,氯化镁,Magnesium chloride,百灵威,100g,100,g,1,51,running_out,xuguofeng,20230327
109-80-8,"1,3-丙二硫醇","1,3-Dimercaptopropane",安耐吉,5g,5,g,1,36,not_stocked,shihongwei,
835-58-5,4-(三氟甲基)邻苯二甲酸,4-Trifluoromethylphthalic acid,欣恒研,1 g,1,g,1,657.4,not_stocked,xingyihong,20230327
163444-17-5,4-氨基-3-碘三氟甲苯,4-Amino-3-iodobenzotrifluoride,欣恒研,10g,10,g,1,71.25,not_stocked,xingyihong,20230327
136808-72-5,5-氯-2-碘苯酚,5-Chloro-2-iodophenol,毕得,5 g,5,g,1,557.9,running_out,zhangcaifang,20230327
16853-85-3,氢化铝锂,LAH,阿拉丁,100mL,100,mL,1,128.8,not_stocked,zhangcaifang,20230327
75-36-5,乙酰氯,Acetyl chloride,阿拉丁,100 mL,100,mL,1,32.8,running_out,zhangcaifang,20230327
63148-62-9,二甲基硅油,Dimethylsilicone oil,麦克林,1 L,1,L,1,221.6,not_stocked,zhangcaifang,20230327
2217-40-5,,"1,2,3,4-Tetrahydronaphthalen-1-amine",毕得,5 g,5,g,1,69.3,not_stocked,zhangcaifang,20230327
7446-70-0,无水三氯化铝,Aluminium chloride,安耐吉,100g,100,g,1,27,not_stocked,mengjunhong,20230328
6160-65-2,"N,N'-硫羰基二咪唑","	1,1'-Thiocarbonyldiimidazole",毕得医药,25g,25,g,1,208.6,not_stocked,mengjunhong,20230328
10294-33-4,三溴化硼,Boron tribromide,Macklin,25g,25,g,1,41.3,not_stocked,chengzekai,20230328
582-17-2,"2,7-二羟基萘","
2,7-Dihydroxynaphthalene",毕得医药,10g,10,g,1,19.6,not_stocked,chengzekai,20230328
92-44-4,"2,3-萘二酚","
2,3-Dihydroxynaphthalene",毕得医药,5g,5,g,1,20.3,not_stocked,chengzekai,20230328
10043-52-4,无水氯化钙,Calcium chloride anhydrous,通广,500g*3,500,g,3,13,not_stocked,chengzekai,20230328
917-23-7,四苯基卟啉,"5,10,15,20-Tetraphenyl-21H,23H-porphine",毕得医药,5G,5,g,1,177.1,not_stocked,chengzekai,20230328
52193-54-1,吡啶三氟甲烷磺酸盐,yridin-1-ium trifluoromethanesulfonate,毕得医药,5g,5,g,1,72.8,not_stocked,huangyilei,20230328
8001-25-0,橄榄油,Olive oil,安耐吉,100 mL,100,mL,1,82.8,not_stocked,xuguofeng,20230328
506-68-3,溴化氰,Cyanogen bromide,腾龙微波,25 g,25,g,1,161,running_out,wangxi,20230328
785-56-8,"3,5-双三氟甲基苯甲酰氯","	3,5-bis(trifluoromethyl)benzoylchloride",毕得,25g,25,g,1,160.3,running_out,wangxi,20230328
2950-43-8,羟胺磺酸,"Hydroxylamine-O-sulfonic acid
",毕得,25 g,25,g,1,21,running_out,chengzengrui,20230328
80-17-1,苯磺酰肼,Benzenesulfonyl hydrazide,adamas,25 g,25,g,1,22.4,not_stocked,chengzengrui,20230328
109-55-7,3-二甲胺基丙胺,3-Dimethylaminopropylamine,阿拉丁,100 mL,100,mL,1,42.66,not_stocked,chengzengrui,20230328
161265-03-8,"4,5-双(二苯基膦)-9,9-二甲基氧杂蒽","4,5-Bis(diphenylphosphino)-9,9-dimethylxanthene",毕得医药,5 g,5,g,1,30.8,running_out,chengzengrui,20230328
2687-43-6,O-苄基羟胺盐酸盐,O-Benzylhydroxylamine hydrochloride,毕得医药,25 g,25,g,1,21,running_out,chengzengrui,20230328
6670-13-9,"4,5-二苯基恶唑-2(3H)硫酮","4,5-DIPHENYL-2-MERCAPTOOXAZOLE",毕得医药,1 g,1,g,1,37.8,not_stocked,chengzengrui,20230328
4498-68-4,"吲唑-3-羧酸乙脂
","1H-INDAZOLE-3-CARBOXYLIC ACID ETHYL ESTER
",毕得医药,5 g,5,g,1,319.2,running_out,chengzengrui,20230328
3176-62-3,"3-甲基吲唑
","3-METHYL-1H-INDAZOLE
",毕得医药,5 g,5,g,1,284.9,running_out,chengzengrui,20230328
2942-42-9,"7-硝基吲唑
","7-Nitroindazole
",毕得医药,5 g,5,g,1,96.6,not_stocked,chengzengrui,20230328
185990-03-8,二甲基(苯基)硅基硼酸频哪醇酯,"(DIMETHYLPHENYLSILYL)BORONIC ACID PINAC&
",百灵威,1 g,1,g,1,183.6,not_stocked,chengzengrui,20230328
7790-94-5,,,安耐吉,100g,100,g,1,70,not_stocked,pengjing,20230329
6228-47-3,"	丙基三苯基溴化鏻",Triphenyl(propyl)phosphonium bromide,毕得医药,100g,100,g,1,68.6,not_stocked,mengjunhong,20230329
1779-51-7,丁基三苯基溴化鏻,"	Butyltriphenylphosphonium bromide",毕得医药,100g,100,g,1,28,not_stocked,mengjunhong,20230329
2923-28-6,三氟甲烷磺酸银(I),Silver(I) trifluoromethanesulfonate,毕得医药,25g,25,g,1,129.5,running_out,huangyilei,20230329
63295-48-7,三氟甲磺酸铁(iii), Iron(III) trifluoromethanesulfonate,毕得医药,5g,5,g,1,51.8,running_out,huangyilei,20230329
144026-79-9,三氟甲磺酸钪 Scandium(III),trifluoromethanesulfonate,毕得医药,5g,5,g,1,47.6,running_out,huangyilei,20230329
1898283-02-7,LY-3200882,2-(4-((4-((1-cyclopropyl-3-(tetrahydro-2H-pyran-4-yl)-1H-pyrazol-4-yl)oxy)pyridin-2-yl)amino)pyridin-2-yl)propan-2-ol,毕得医药,25mg,25,mg,1,531.3,not_stocked,xuguofeng,20230329
,(R)-(+)-叔丁基亚磺酰胺,,毕得医药,100g,100,g,1,343,running_out,xuguofeng,20230329
,5-溴-6-氯烟酸,,毕得医药,5g,5,g,1,49.7,running_out,xuguofeng,20230329
,2-羟基-5-乙酰氨基苯乙酮,,毕得医药,10g,10,g,1,183.9,running_out,xuguofeng,20230329
,,,毕得医药,5g,5,g,1,20.3,not_stocked,xuguofeng,20230329
10466-72-5,"N-(2,4-二硝基苯基)-6-氨基己酸","	N-(2,4-Dinitrophenyl)-6-aminohexanoic Acid",麦克林,500mg,500,mg,1,256,not_stocked,mengjunhong,20230330
541-15-1,(R)-3-羟基-4-(三甲基铵)丁酸盐,"	(R)-3-Hydroxy-4-(trimethylammonio)butanoate",毕得医药,25g,25,g,1,41.3,not_stocked,mengjunhong,20230330
69716-04-7,"	2-(6-羟基苯并呋喃-3-基)乙酸","	2-(6-Hydroxybenzofuran-3-yl)acetic acid",毕得医药,5g,5,g,1,91,not_stocked,mengjunhong,20230330
12650-69-0,莫匹罗星,Mupirocin,毕得医药,5g,5,g,1,224.7,running_out,mengjunhong,20230330
26501-54-2,四丁基亚硝酸铵,Tetrabutylammonium nitrite,欣恒研,1g,1,g,1,199,not_stocked,huangyilei,20230330
134523-03-8,阿托伐他汀钙,Atorvastatin Hemicalcium,罗恩,5g,5,g,1,392.6,running_out,mengjunhong,20230330
119-33-5,2-硝基-4-甲苯酚,2-Nitro-p-cresol,安耐吉,25g,25,g,1,40.5,not_stocked,huangyilei,20230330
64-19-7,乙酸,Acetic Acid,安耐吉,500ml,500,mL,1,27,running_out,huwenshu,20230330
189114-61-2,双(三氟甲烷磺酰亚胺)银,Sliver bis(trifluoromethane sulfonimide),毕得医药,5g,5,g,1,196,running_out,huangyilei,20230330
937-14-4,间氯过氧苯甲酸,3-Chloroperbenzoic acid,安耐吉,100g,100,g,1,98.1,running_out,huwenshu,20230330
119-33-5,2-硝基-4-甲苯酚,2-Nitro-p-cresol,研峰/INFI,25g,25,g,1,70,not_stocked,huangyilei,20230331
77359-11-6,丙二酸单对硝基苄酯,"	3-((4-Nitrobenzyl)oxy)-3-oxopropanoic acid",毕得医药,10g,10,g,1,39.2,not_stocked,mengjunhong,20230331
88889-14-9,福辛普利钠,"	sodium (2S,4S)-4-cyclohexyl-1-(2-((R)-((S)-2-methyl-1-(propionyloxy)propoxy)(4-phenylbutyl)phosphoryl)acetyl)pyrrolidine-2-carboxylate",安耐吉,1g,1,g,1,119.7,not_stocked,mengjunhong,20230331
3543-72-4,"	1-甲基-5-硝基-1H-苯并咪唑-2-丁酸乙酯","	Ethyl 4-(1-methyl-5-nitro-1H-benzo[d]imidazol-2-yl)butanoate",毕得医药,5g,5,g,1,106.4,not_stocked,mengjunhong,20230331
55453-89-9,2-[(4-羧甲基苯氧基)甲基]苯甲酸,"	2-((4-(Carboxymethyl)phenoxy)methyl)benzoic acid",毕得医药,5g,5,g,1,26.6,not_stocked,mengjunhong,20230331
486460-00-8,"	(R)-N-叔丁氧羰基-3-氨基-4-(2,4,5-三氟苯基)丁酸","	(R)-3-((tert-Butoxycarbonyl)amino)-4-(2,4,5-trifluorophenyl)butanoic acid",毕得医药,5g,5,g,1,19.6,not_stocked,mengjunhong,20230331
84793-07-7,"	(S)-4-((((9H-芴-9-基)甲氧基)羰基)氨基)-5-(叔丁氧基)-5-氧代戊酸","	(S)-4-((((9H-Fluoren-9-yl)methoxy)carbonyl)amino)-5-(tert-butoxy)-5-oxopentanoic acid",毕得医药,5g,5,g,1,40.6,not_stocked,mengjunhong,20230331
166108-71-0,"	[2-[2-(芴甲氧羰基氨基)乙氧基]乙氧基]乙酸","	1-(9H-Fluoren-9-yl)-3-oxo-2,7,10-trioxa-4-azadodecan-12-oic acid",毕得医药,1g,1,g,1,37.1,not_stocked,mengjunhong,20230331
96829-58-2,奥利司他,Orlistat,毕得医药,5g,5,g,1,84.7,running_out,mengjunhong,20230331
429659-01-8,"	3-(4-(甲基氨基)-3-硝基-N-(吡啶-2-基)苯甲酰胺基)丙酸乙酯","	Ethyl 3-(4-(methylamino)-3-nitro-N-(pyridin-2-yl)benzamido)propanoate",毕得医药,5g,5,g,1,28,not_stocked,mengjunhong,20230331
204589-82-2,"((2S,3R)-2-(4-(苯基氧基) 苯基)-1-(4-氟苯基)-4-氧代氮杂环丁烷-3-基)丙酸","	3-((2S,3R)-2-(4-(Benzyloxy)phenyl)-1-(4-fluorophenyl)-4-oxoazetidin-3-yl)propanoic acid",毕得医药,100mg,100,mg,1,212.8,not_stocked,mengjunhong,20230331
30123-17-2,噻奈普汀钠盐,Tianeptine sodium salt,毕得医药,1g,1,g,1,103.6,not_stocked,mengjunhong,20230331
949023-16-9,"(4R,5S)-3-苯甲酰基-2-(4-甲氧基苯基)-4-苯基-5-恶唑烷羧酸","	(4S,5R)-3-Benzoyl-2-(4-methoxyphenyl)-4-phenyloxazolidine-5-carboxylic acid",毕得医药,1g,1,g,1,85.4,not_stocked,mengjunhong,20230331
142569-70-8,"(S)-1-(3-(2-(7-氯喹啉-2-基)乙烯基)苯基)-3-(2-(2-羟基丙基)苯基)丙-1-醇	产",(S)-1-(3-(2-(7-Chloroquinolin-2-yl)vinyl)phenyl)-3-(2-(2-hydroxypropan-2-yl)phenyl)propan-1-ol,毕得医药,25g,25,g,1,67.2,not_stocked,mengjunhong,20230331
104389-31-3,顺式聚异戊二烯,"Polyisoprene, Cis",Adamas,25g,25,g,1,57.6,not_stocked,zhaobinzhi,20230331
123-86-4,乙酸丁酯,,Greagent,500 mL X 10,500,ml,10,19.2,running_out,zhaobinzhi,20230331
616-79-5,2-氨基-5-硝基苯甲酸,2-Amino-5-nitrobenzoic acid,毕得医药,25g,25,g,1,23.1,not_stocked,zhuminghui,20230331
702641-04-1,2-碘-5-三氟甲基苯甲酸,2-Iodo-5-(trifluoromethyl)benzoic,欣恒研,5g,5,g,1,1188.45,not_stocked,xingyihong,20230331
,"N,N-二甲基甲酰胺二甲基缩醛","N,N-Dimethylformamide dimethyl acetal",毕得医药,100g,100,g,1,21,not_stocked,xuguofeng,20230331
,乙基4-(苄氧基)-3-氧代丁酸叔丁酯,,毕得医药,10g,10,g,1,228.2,not_stocked,xuguofeng,20230331
,氯甲基碳酸二甲酯,ChloroMethyl Methyl Carbonate,毕得医药,10g,10,g,1,63,not_stocked,xuguofeng,20230331
,1-Boc-哌嗪,,毕得医药,25g,25,g,1,21.7,running_out,xuguofeng,20230331
,邻氨基三氟甲苯,,安耐吉,25g,25,g,1,27,not_stocked,xuguofeng,20230331
598-54-9,乙酸亚铜,"
Copper(I) acetate",安耐吉,5g,5,g,1,436.5,running_out,zhaobinzhi,20230402
7761-88-8,硝酸银 ,Silver nitrate,阿拉丁,5g,5,g,1,329,running_out,huangyilei,20230402
105-67-9,"2,4-二甲基苯酚 "," 	2,4-Dimethylpheno",九鼎,25g,25,g,1,51.85,running_out,huangyilei,20230402
133395-16-1,双(三氟甲磺酰基)酰亚胺镁(II) ,Magnesium bis(trifluoromethylsulfonyl)imide,毕得医药,5g,5,g,1,208.6,not_stocked,huangyilei,20230402
168106-25-0,双(三氟甲磺酰基)酰亚胺锌,Zinc bis(trifluoromethylsulfonyl)imide,毕得医药,5g,5,g,1,91.7,not_stocked,huangyilei,20230402
39025-23-5,孕二烯二酮,(Z)-Guggulsterone,MCE,10mg,10,mg,1,1700,not_stocked,huotongyu,20230403
,,,罗恩,,,,1,184,not_stocked,admin,20230403
10035-10-6,氢溴酸,Hydrogen bromide,安耐吉,100 mL,100,mL,1,27,running_out,zhaobinzhi,20230403
835-58-5,,4-(Trifluoromethyl)phthalic acid,"
毕得医药",1 g,1,g,1,104.3,running_out,xingyihong,20230403
105-67-9,"2,4-二甲基苯酚","2,4-Dimethylphenol",安耐吉,25g,25,g,1,38.7,not_stocked,huangyilei,20230403
10519-96-7,三甲基硅醇钾,Potassium trimethylsilanolate,毕得医药,25g,25,g,1,70,not_stocked,zhangcaifang,20230403
4623-24-9,2-(3-氨基苯基)乙腈,2-(3-Aminophenyl)acetonitrile,乐研,1g,1,g,1,380.25,not_stocked,zhangcaifang,20230403
83265-53-6,2-氨基-5-三氟甲基苯甲酸,2-Amino-5-(trifluoromethyl)benzoicacid,乐研,10g,10,g,1,396,not_stocked,zhangcaifang,20230403
76935-75-6,3-(2-氨基乙基)苯胺,3-(2-Amino-ethyl)-phenylamine,麦克林,1g,1,g,1,440.8,not_stocked,zhangcaifang,20230403
140-39-6,乙酸对甲苯酯, p-Tolyl Acetate,毕得医药,25g,25,g,1,56.7,not_stocked,huangyilei,20230403
39025-23-5,孕二烯二酮,(Z)-Guggulsterone,MCE,10mg,10,mg,1,1700,not_stocked,huotongyu,20230403
88889-14-9,福辛普利钠,"	sodium (2S,4S)-4-cyclohexyl-1-(2-((R)-((S)-2-methyl-1-(propionyloxy)propoxy)(4-phenylbutyl)phosphoryl)acetyl)pyrrolidine-2-carboxylate",罗恩,1g,1,g,1,184,not_stocked,mengjunhong,20230403
10035-10-6,氢溴酸,Hydrogen bromide,安耐吉,100 mL,100,mL,1,27,running_out,zhaobinzhi,20230403
835-58-5,4-(三氟甲基)邻苯二甲酸酯,4-(Trifluoromethyl)phthalic acid,"
毕得医药",1 g,1,g,1,104.3,running_out,xingyihong,20230403
105-67-9,"2,4-二甲基苯酚","2,4-Dimethylphenol",安耐吉,25g,25,g,1,38.7,not_stocked,huangyilei,20230403
10519-96-7,三甲基硅醇钾,Potassium trimethylsilanolate,毕得医药,25g,25,g,1,70,not_stocked,zhangcaifang,20230403
4623-24-9,2-(3-氨基苯基)乙腈,2-(3-Aminophenyl)acetonitrile,乐研,1g,1,g,1,380.25,reorder,zhangcaifang,20230403
83265-53-6,2-氨基-5-三氟甲基苯甲酸,2-Amino-5-(trifluoromethyl)benzoicacid,乐研,10g,10,g,1,396,not_stocked,zhangcaifang,20230403
76935-75-6,3-(2-氨基乙基)苯胺,3-(2-Amino-ethyl)-phenylamine,麦克林,1g,1,g,1,440.8,reorder,zhangcaifang,20230403
140-39-6,乙酸对甲苯酯, p-Tolyl Acetate,毕得医药,25g,25,g,1,56.7,not_stocked,huangyilei,20230403
121-60-8,对乙酰胺基苯磺酰氯,N-Acetylsulfanilyl chloride,毕得医药,25g,25,g,1,19.6,running_out,sulingyu,20230404
1375325-68-0,RuPhosPdG2,RuPhosPdG2,小辣椒试剂,250mg,250,mg,1,198,not_stocked,zhaoxinyi,20230405
787618-22-8,"	2-二环己基磷-2',6'-二异丙氧基-1,1'-联苯", RuPhos ,小辣椒试剂,1g,1,g,1,69,not_stocked,zhaoxinyi,20230405
328-74-5,"3,5-二三氟甲基苯胺 ","3,5-Di(trifluoromethyl)aniline",毕得医药,25g,25,g,1,40,running_out,zhuminghui,20230406
771-60-8,五氟苯胺 ,"2,3,4,5,6-Pentafluoroaniline",毕得医药,25g,25,g,1,271,not_stocked,zhuminghui,20230406
455-14-1,对三氟甲基苯胺 ,4-(Trifluoromethyl)aniline,毕得医药,25g,25,g,1,20,running_out,zhuminghui,20230406
619-45-4,4-氨基苯甲酸甲酯, Methyl 4-aminobenzoate,毕得医药,25g,25,g,1,35,running_out,zhuminghui,20230406
100-01-6,4硝基苯胺 ,4-Nitroaniline,百灵威J&K,25g,25,g,1,97,running_out,zhuminghui,20230406
22227-59-4,2-氯-3-硝基-5-三氟甲基-苯甲酸 ,2-Chloro-3-nitro-5-(trifluoromethyl)benzoic acid,毕得医药,5g,5,g,1,503,running_out,zhuminghui,20230406
116529-60-3,"2-溴-3,5-二硝基苯甲酸 ","2-Bromo-3,5-dinitrobenzoic acid",毕得医药,25g,25,g,1,303,not_stocked,zhuminghui,20230406
79-19-6,氨基硫脲,Thiosemicarbazide,安耐吉,100g,100,g,1,49.5,running_out,huwenshu,20230406
4530-20-5,N-Boc-甘氨酸,Boc-Gly-OH,毕得医药,25g,25,g,1,18.2,not_stocked,shihongwei,20230406
609-67-6,2-碘苯甲酰氯,2-Iodobenzoylchloride,毕得医药,1g,1,g,1,20.3,not_stocked,shihongwei,20230406
304-88-1,N-苯甲酰-N-苯基羟胺,N-Hydroxy-N-phenylbenzamide,毕得医药,5 g,5,g,1,114.1,not_stocked,wangxi,20230407
34837-55-3,苯基溴化硒,Phenylselenenylbromide,迈瑞达,1 g,1,g,1,69.3,not_stocked,wangxi,20230407
118-45-6,,"5-Chloroisobenzofuran-1,3-dione",欣恒研,10g,10,g,1,41.8,not_stocked,xingyihong,20230407
7772-99-8,无水氯化亚锡,Tin(II) chloride,欣恒研,100g,100,g,1,122,running_out,xingyihong,20230407
847239-17-2,UVI 3003,UVI 3003,MCE,5mg,5,mg,1,1020,not_stocked,douxiaodong,20230407
302-79-4,维A酸 ,Tretinoin,SELLECK,50mg,50,mg,1,651,not_stocked,douxiaodong,20230407
18162-48-6,叔丁基二甲基氯硅烷, tert-Butyldimethylsilyl chloride,毕得医药,25g,25,g,1,15.4,running_out,huangyilei,20230407
67354-34-1,4-(苄氧基)-3-氧代丁酸乙酯,Ethyl 4-(benzyloxy)-3-oxobutanoate,毕得医药,10g,10,g,1,175.7,running_out,xuguofeng,20230408
94-64-4,N-甲基-2-氯苄胺,N-(2-CHLOROBENZYL)-N-METHYLAMINE,毕得医药,1g,1,g,1,169,not_stocked,zhaoxinyi,20230408
94928-86-6,fac-三(2-苯基吡啶)合铱,fac-Tris(2-phenylpyridine)iridium,毕得医药,100mg,100,mg,1,183,not_stocked,shihongwei,20230409
104830-06-0,2-氨基-3-碘吡啶,2-Amino-3-iodopyridine,希恩思,1g,1,g,1,25.35,not_stocked,shihongwei,20230409
29892-37-3,氯(二甲基硫化)金(I),Chloro(dimethylsulfide)gold(I),毕得医药,100mg,100,mg,1,171.5,not_stocked,shihongwei,20230409
2071-20-7,双(二苯基膦基)甲烷,Bis(diphenylphosphino)methane,毕得医药,1g,1,g,1,10.5,not_stocked,shihongwei,20230409
,柠檬酸,,JK,500g*3,500,g,3,63.75,running_out,xuguofeng,20230409
615-43-0,2-碘苯胺,2-Iodoaniline,毕得医药,25g,25,g,1,42.7,running_out,shihongwei,20230409
74-88-4,碘甲烷,Iodomethane,安耐吉,25g,25,g,1,50,running_out,shihongwei,20230410
20734-58-1,"1,8-双二甲氨基萘","	proton sponge",毕得医药,5 g,5,g,1,32.2,running_out,wangxi,20230410
1112-67-0,"	四丁基氯化铵",Tetrabutyl ammonium chloride,毕得医药,25 g,25,g,1,20.3,not_stocked,wangxi,20230410
358-23-6,三氟甲磺酸酐,Trifluoromethanesulfonic anhydride,毕得医药,25 g,25,g,1,37.1,running_out,wangxi,20230410
696-59-3,"2,5-二甲氧基四氢呋喃",,毕得医药,25 g,25,g,1,20.3,not_stocked,zhaobinzhi,20230410
10393-86-9,甲磺酰肼,Methanesulfonohydrazide,毕得医药,1g,1,g,1,271.6,not_stocked,chengzengrui,20230411
5551/11/1,"
4-氯-2-硝基苯甲醛",4-Chloro-2-nitrobenzaldehyde,毕得医药,5 g,5,g,1,172.9,not_stocked,zhangcaifang,20230411
57381-34-7,2-氟-5-氯苯腈,5-Chloro-2-fluorobenzonitrile,毕得医药,25 g,25,g,1,112.7,not_stocked,zhangcaifang,20230411
636-72-6,2-噻吩甲醇,Thiophen-2-ylmethanol,毕得医药,25 g,25,g,1,23.8,not_stocked,zhangcaifang,20230411
129799-15-1,,1-N-BOC-piperazine-2-carboxylic acid methyl ester,毕得医药,10g,10,g,1,403,running_out,zhangcaifang,20230411
345-18-6,5-氯-2-氟硝基苯,5-Chloro-2-fluoronitrobenzene,毕得医药,25g,25,g,1,58.1,not_stocked,zhangcaifang,20230411
915201-07-9,3-氯-5-甲氧基苯基硼酸,3-Chloro-5-methoxyphenylboronic acid,毕得医药,5g,5,g,1,318.5,not_stocked,zhangcaifang,20230411
32315-10-9,三光气,,阿拉丁,100g,100,g,1,61.6,running_out,zhangcaifang,20230411
7159-36-6,4-异喹啉甲酸,Isoquinoline-4-carboxylic acid,毕得医药,5 g,5,g,1,679,running_out,zhangcaifang,20230411
766-46-1,2-溴苯炔,,毕得医药,1g,1,g,1,63,not_stocked,shihongwei,20230411
77317-55-6,2-氨基-5-碘苯甲酸甲酯,Methyl 2-amino-5-iodobenzoate,毕得医药,5 g,5,g,1,94.5,not_stocked,zhangcaifang,20230411
883554-93-6,5-溴-2-硝基苯甲酸甲酯,Methyl 5-bromo-2-nitrobenzoate,毕得医药,10 g,10,g,1,301.7,not_stocked,zhangcaifang,20230411
867333-29-7,2-氯-5-硝基苯基硼酸,2-Chloro-5-nitrophenylboronic acid,毕得医药,5 g,5,g,1,130.2,not_stocked,zhangcaifang,20230411
151169-67-4,4-氯-3-硝基苯硼酸,4-Chloro-3-nitrophenylboronic acid,毕得医药,10 g,10,g,1,541.5,not_stocked,zhangcaifang,20230411
64-17-5,乙醇（HPLC）,Ethanol HPLC,adamas,1 L,1,L,1,221.6,not_stocked,mengjunhong,20230413
557-34-6,醋酸锌,Zinc acetate,毕得医药,25g,25,g,1,16.1,not_stocked,huangyilei,20230413
21907-47-1,三氟乙酸锌,Zinc trifluoroacetate,毕得医药,25g,25,g,1,156.8,not_stocked,huangyilei,20230413
14024-63-6,乙酰丙酮锌(II), Zinc acetylacetonate,毕得医药,25g,25,g,1,14.7,not_stocked,huangyilei,20230413
140695-84-7,(S)-3-(羟甲基)哌啶-1-羧酸叔丁酯, tert-Butyl (S)-3-(hydroxymethyl)piperidine-1-carboxylate,毕得医药,5g,5,g,1,109.2,not_stocked,xuyue,20230413
54060-30-9,3-氨基苯炔, 3-Ethynylaniline,,5g,5,g,1,25.9,not_stocked,admin,20230413
100367-77-9,2-溴噻唑-4-甲酸乙酯, Ethyl 2-bromothiazole-4-carboxylate,,10 g,10,g,1,107.1,running_out,admin,20230413
636-73-7,3-吡啶磺酸,Pyridine-3-sulfonic acid,毕得医药,25g,25,g,1,35,not_stocked,huangyilei,20230413
541-57-1,,,毕得医药,250 mg,250,mg,1,38.5,not_stocked,sunyichen,20230414
7733-02-0,硫酸锌,Zinc(II) sulfate,毕得医药,25g,25,g,1,16.1,not_stocked,huangyilei,20230414
85-48-3,喹啉-8-磺酸,8-Quinolinesulfonic Acid,毕得医药,25g,25,g,1,76.3,not_stocked,huangyilei,20230414
27607-77-8,三氟甲磺酸三甲基硅酯,Trimethylsilyl trifluoromethanesulfonate,毕得医药,100g,100,g,1,59.5,running_out,huangyilei,20230414
,,,毕得医药,2g,2,g,1,60.2,not_stocked,zhaobinzhi,20230417
24835-08-3,(2-硝基苯基)甲胺盐酸盐,(2-Nitrophenyl)methanamine hydrochloride,毕得,5g,5,g,1,177,running_out,zhaoxinyi,20230417
1186663-24-0,4-氟苯磺酸一水化合物,4-fluorobenzenesulfonic acid hydrate,安耐吉,1g,1,g,1,170.1,not_stocked,huangyilei,20230417
503-40-2,甲基二磺酸, Methanedisulphonic acid,麦克林,25g,25,g,1,86.29,not_stocked,huangyilei,20230417
7647-14-5,氯化钠,NaCl,索莱宝,500g*2,500,g,2,120,not_stocked,xuguofeng,20230417
118753-70-1,,"N-Boc-N,N-bis(2-chloroethyl)amine",毕得,5g,5,g,1,20,running_out,zhaoxinyi,20230417
25038-54-4,尼龙6,Nylon 6,Adamas,100g,100,g,1,48,not_stocked,zhaobinzhi,20230417
22367-82-4,3-甲基-2-苯并呋喃羧酸乙酯,3-METHYLBENZOFURAN-2-CARBOXYLIC ACID ETHYL ESTER,毕得,5g,5,g,1,114,not_stocked,zhaoxinyi,20230418
19008-62-9,3-硝基苯乙胺盐酸盐,3-NITROPHENETHYLAMINE HYDROCHLORIDE,毕得,1g,1,g,1,249,running_out,zhaoxinyi,20230418
2039-66-9,邻羟基苯乙胺,2-(2-Aminoethyl)phenol,毕得,1g,1,g,1,171,not_stocked,zhaoxinyi,20230418
2017-67-6,2-(2-萘基)乙胺 盐酸盐,"	2-(2-NAPHTHYL)ETHYLAMINE HYDROCHLORIDE",迈瑞达,1g,1,g,1,278,not_stocked,zhaoxinyi,20230418
1246525-60-9,SR1078 /ROR激动剂,,MCE,5mg,5,mg,1,799,not_stocked,huotongyu,20230418
317318-84-6,GW0742/PPARβ激动剂,,MCE,5mg,5,mg,1,510,not_stocked,huotongyu,20230418
13292-46-1,Rifampicin,,MCE,500mg,500,mg,1,340,not_stocked,huotongyu,20230418
59311-67-0,3-氨乙基噻吩,2-(3-thienyl)ethylamine,毕得,100mg,100,mg,1,192.5,not_stocked,huotongyu,20230418
775-00-8,2-(4-三氟甲基苯基)乙胺,2-(4-trifluoromethyl-phenyl)-ethylamine,麦克林,250mg,250,mg,1,31,not_stocked,huotongyu,20230418
1975/9/2,超干二氯甲烷,Dichloromethane,"
安耐吉",100mL,100,mL,1,29,not_stocked,xingyihong,20230419
79-37-8,草酰氯,,RHAWN/罗恩,25g,25,g,1,23.25,not_stocked,xingyihong,20230419
373608-48-1,4-(3-氨基丙基)哌嗪-1-羧酸叔丁酯,4-(3-AMINO-PROPYL)-PIPERAZINE-1-CARBOXYLIC ACID TERT-BUTYL ESTER,毕得,1g,1,g,1,198,not_stocked,zhaoxinyi,20230420
2017-67-6,2-(2-萘基)乙胺 盐酸盐,"	2-(2-NAPHTHYL)ETHYLAMINE HYDROCHLORIDE",罗恩,1g,1,g,1,397,not_stocked,zhaoxinyi,20230420
920-66-1,六氟异丙醇,"1,1,1,3,3,3-Hexafluoro-2-propanol",毕得,500 mL,500,mL,1,200.9,running_out,wangxi,20230420
7757-82-6,无水硫酸钠,Sodium sulfate,通广,500 g x 10 罐,,,1,9.5,running_out,wangxi,20230420
7116-95-2,"	4-异丙基联苯","4-Isopropylbiphenyl
",罗恩,5g,5,g,1,579,not_stocked,zhuminghui,20230420
22367-82-4,,,,,,,1,114.1,not_stocked,pengjing,20230423
236406-55-6,"2-叔丁氧羰基-2,7-二氮杂螺[3.5]壬烷","2-(tert-Butoxycarbonyl)-2,7-diazaspiro[3.5]nonane",毕得,5g,5,g,1,364,running_out,zhaoxinyi,20230424
63148-57-2,聚甲基氢硅氧烷,Poly(methylhydrosiloxane),Adamas,25 g,25,g,1,20,running_out,admin,20230424
3740-52-1,"2-硝基苯基乙酸
","2-(2-Nitrophenyl)acetic acid
",毕得,25 g,25,g,1,24.5,running_out,admin,20230424
52670-38-9,"2-氨基苯炔
","2-ETHYNYLANILINE 
",毕得,5 g,5,g,1,324.1,not_stocked,admin,20230424
3112-88-7,"苄基苯基砜
","(Benzylsulfonyl)benzene
",毕得,5 g,5,g,1,72.8,not_stocked,admin,20230424
4648-54-8,"
叠氮基三甲基硅烷","Azidotrimethylsilane
",阿拉丁,25 mL,25,mL,1,120.87,running_out,admin,20230424
14332-62-8,碘化镁,Magnesium iodide,迈瑞达,1 g,1,g,1,71.5,not_stocked,wangxi,20230424
7790-94-5,氯磺酸,,安耐吉,5g,5,g,1,40,not_stocked,pengjing,20230425
9003-55-8,聚苯乙烯丁二烯共聚物,Polystyrene-block-polybutadiene-block-polystyrene,"
麦克林",100g,100,g,1,81.29,not_stocked,zhaobinzhi,20230425
9003-17-2,天然橡胶,Natural rubber,"
麦克林",100g,100,g,1,102.02,not_stocked,zhaobinzhi,20230425
9003-17-2,,Polybutadiene， predominantly 1，4-addition,"
麦克林",25g,25,g,1,270.98,not_stocked,zhaobinzhi,20230425
4524-93-0,环戊甲酰氯 ,Cyclopentanecarbonyl chloride,毕得医药,5G,5,g,1,186,running_out,tanhui,20230426
1023301-84-9,"2,7-二氮杂螺[3.5]壬烷-7-甲酸叔丁酯盐酸盐","tert-Butyl2,7-diazaspiro[3.5]nonane-7-carboxylatehydrochloride",毕得,1g,1,g,1,67,not_stocked,zhaoxinyi,20230426
138022-04-5,甲基(哌啶-4-甲基)氨基甲酸叔丁酯,TERT-BUTYL METHYL(PIPERIDIN-4-YLMETHYL)-CARBAMATE,毕得,250mg*2,250,mg,2,130,not_stocked,zhaoxinyi,20230426
10377-51-2,碘化锂,"	Lithium iodide",毕得医药,5 g,5,g,1,32.9,not_stocked,wangxi,20230426
128008-30-0,三氟甲磺酸铟,INDIUM(III) TRIFLUOROMETHANESULFONATE,毕得医药,5 g,5,g,1,63,running_out,wangxi,20230427
10377-58-9,碘化镁,Magnesium iodide,麦克林,1 g,1,g,1,102.27,not_stocked,wangxi,20230427
64-17-5,95乙醇,95% ethanol,通广,18 kg,18,kg,1,260,not_stocked,wangxi,20230427
429-41-4,四丁基氟化铵,Tetrabutylammonium fluoride,欣恒研,5 g,5,g,1,33,degraded,wangxi,20230427
5707-44-8,4-乙基联苯,4-Ethylbiphenyl,Adamas,5 g,5,g,1,14.4,running_out,wangxi,20230427
3562-73-0,1-(4-联联苯基)乙醇,1-(4-BIPHENYLYL)ETHANOL,毕得医药,5 g,5,g,1,163.1,running_out,wangxi,20230427
1975/5/8,乙腈，HPLC,Acetonitrile HPLC,通广,4L*4,4,l,4,190,running_out,xuguofeng,20230427
,甲醇，HPLC,MeOH HPLC,通广,2500 mL*4,2500,ml,4,50,running_out,xuguofeng,20230427
,三氯乙酰氯,Trichloroacetyl chloride,百灵威,25g,25,g,1,49.3,not_stocked,sunyichen,20230427
179381-09-0,3-氯-4-苯基苯硼酸,3-Chloro-4-phenylbenzeneboronic acid,毕得医药,250mg,250,mg,1,259.7,not_stocked,zhangcaifang,20230428
1384956-55-1,(3-溴-4-氯苯基)硼酸,(3-Bromo-4-chlorophenyl)boronic acid,毕得医药,250mg,250,mg,1,259,not_stocked,zhangcaifang,20230428
89598-96-9,3-溴苯硼酸,(3-Bromophenyl)boronic acid,毕得医药,25 g,25,g,1,130.2,not_stocked,zhangcaifang,20230428
1256355-21-1,,,安耐吉,250mg,250,mg,1,510.3,not_stocked,zhangcaifang,20230428
2828439-72-9,"(3,4-二氯-5-甲氧基苯基)硼酸","(3,4-Dichloro-5-methoxyphenyl)boronic acid",毕得医药,250mg,250,mg,1,259.7,not_stocked,zhangcaifang,20230428
1150114-39-8,"5-溴-2,3-亚甲基二氧基苯硼酸","(6-Bromobenzo[d][1,3]dioxol-4-yl)boronic acid",毕得医药,250mg,250,mg,1,259.7,not_stocked,zhangcaifang,20230428
1008106-93-1,"2,5-二溴苯硼酸","2,5-Dibromophenylboronic acid",毕得医药,1 g,1,g,1,56,not_stocked,zhangcaifang,20230428
918904-39-9,(3-溴-5-异丁氧基苯基)硼酸,(3-Bromo-5-isobutoxyphenyl)boronic acid,毕得医药,1 g,1,g,1,77.7,not_stocked,zhangcaifang,20230428
872041-85-5,5-氯-3-吡啶硼酸,(5-Chloropyridin-3-yl)boronic acid,毕得医药,5 g,5,g,1,217,not_stocked,zhangcaifang,20230428
529-19-1,邻甲基苯腈,o-Tolunitrile,安耐吉,25mL,25,mL,1,27,not_stocked,xuguofeng,20230429
185147-07-3,2-氟-3-甲基苯腈,2-Fluoro-3-methylBenzonitrile,毕得医药,1g,1,g,1,35,not_stocked,xuguofeng,20230429
873-32-5,邻氯苯腈,2-Chlorobenzonitrile,毕得医药,25g,25,g,1,26,not_stocked,xuguofeng,20230429
766-84-7,3-氯苯腈,3-Chlorobenzonitrile,毕得医药,10g,10,g,1,22.4,running_out,xuguofeng,20230429
623-03-0,对氯苯腈,4-Chlorobenzonitrile,毕得医药,25g,25,g,1,21,not_stocked,xuguofeng,20230429
88189-03-1,三氟甲基磺酸铋 Bismuth(III) ,trifluoromethanesulfonate,毕得医药,25g,25,g,1,158.2,not_stocked,huangyilei,20230501
26501-54-2,四丁基亚硝酸铵,Tetrabutylammonium nitrite,阿拉丁,1g,1,g,1,157.21,not_stocked,huangyilei,20230502
935-44-4,1-苯基-1-环丙基甲腈,1-PHENYL-1-CYCLOPROPANECARBONITRILE,毕得医药,1g,1,g,1,19.6,running_out,xuguofeng,20230502
14377-68-5,1-苯基环丁烷甲腈,1-Phenylcyclobutanecarbonitrile,毕得医药,1g,1,g,1,23.8,not_stocked,xuguofeng,20230502
77-57-6,1-苯基-1-氰基环戊烷,1-Phenyl-1-cyclopentanecarbonitrile,毕得医药,1g,1,g,1,18.9,not_stocked,xuguofeng,20230502
2201-23-2,1-苯基-1-环己基甲腈,1-Phenyl-1-cyclohexanecarbonitrile,蓝弋,1g,1,g,1,160.55,not_stocked,xuguofeng,20230502
580-51-8,3-苯基苯酚,"
[1,1'-Biphenyl]-3-ol",毕得医药,5g,5,g,1,63,not_stocked,zhaobinzhi,20230503
36016-38-3,N-羟基氨基甲酸叔丁酯,"	tert-Butyl N-hydroxycarbamate",毕得医药,25 g,25,g,1,30.8,running_out,wangxi,20230504
307-34-6,"全氟辛烷
",Perfluorooctane AR,安耐吉,100g,100,g,1,179,not_stocked,zhuminghui,20230504
39389-20-3,"安伯莱特离子交换树脂 15, 氢型 ","Amberlyst 15, hydrogen form, wet, ion exchange resin",JK,250G,250,g,1,366,not_stocked,zhuminghui,20230504
31175-20-9,"Nafion 全氟化树脂, R1000",Nafion perfluorinated resin,欣恒研,250mg,250,mg,1,159,not_stocked,zhuminghui,20230504
31175-20-9,"Nafion 全氟化树脂,",Nafion perfluorinated resin,欣恒研,1g,1,g,1,137,not_stocked,zhuminghui,20230504
55120-76-8,双(三氟甲磺酸)锰,Manganese bis(trifluoromethanesulfonate),,5g,5,g,1,251.3,not_stocked,admin,20230504
82113-65-3,双三氟甲烷磺酰亚胺,"1,1,1-Trifluoro-N-((trifluoromethyl)sulfonyl)methanesulfonamide",毕得医药,25g,25,g,1,109.2,not_stocked,huangyilei,20230504
1622-57-7,2-氨-1-甲基苯咪唑,2-AMINO-1-METHYLBENZIMIDAZOLE,毕得,1g,1,g,1,70,not_stocked,zhaoxinyi,20230505
20028-40-4,(1-甲基-1H-苯并眯唑-2-基)甲胺,(1-METHYL-1H-BENZIMIDAZOL-2-YL)METHYLAMINE,毕得,1g,1,g,1,300,not_stocked,zhaoxinyi,20230505
79-34-5,"1,1,2,2-四氯乙烷","1,1,2,2-Tetrachloroethane, 99%",伊诺凯,100ml,100,mL,1,52,running_out,huangyilei,20230505
7550-45-0,四氯化钛,Titanium tetrachloride,"
RHAWN/罗恩",100g,100,g,1,42,degraded,xingyihong,20230505
335-36-4,全氟丁基四氢呋喃,PERFLUORO-2-BUTYLTETRAHYDROFURAN,迈瑞达,25g,25,g,1,322,not_stocked,zhuminghui,20230505
307-34-6,"全氟辛烷
",Perfluorooctane AR,安耐吉,100g,100,g,1,179,running_out,zhuminghui,20230505
355-42-0,全氟己烷, Tetradecafluorohexane,安耐吉,25g,25,g,1,114,not_stocked,zhuminghui,20230505
355-02-2,"
	全氟甲基环己烷
	",PERFLUORO(METHYLCYCLOHEXANE),阿拉丁,25g,25,g,1,332,not_stocked,zhuminghui,20230505
2179072-33-2,"	1-(氟磺酰基)-2,3-二甲基-1H-咪唑-3-鎓三氟甲磺酸盐","1-(fluorosulfonyl)-2,3-dimethyl-1H-imidazol-3-ium trifluoromethanesulfonate",毕得,1 g,1,g,1,67.2,not_stocked,wangxi,20230508
3483/12/3,二硫苏糖醇 ,Dithiothreitol (DTT),SELLECK,1g,1,g,1,767.16,running_out,douxiaodong,20230508
454-92-2,3-三氟甲基苯甲酸,3-(Trifluoromethyl)benzoic acid,"
欣恒研",10g,10,g,1,38,running_out,xingyihong,20230508
306-94-5,"	全氟十氢萘","	Perfluorodecalin
","	毕得医药",25g,25,g,1,229,not_stocked,zhuminghui,20230508
359-70-6,"	全氟三乙胺","	Perfluorotriethylamine
","	毕得医药",25g,25,g,1,168,not_stocked,zhuminghui,20230508
70288-86-7,依维菌素 ,Ivermectin ,SELLECK,50mg,50,mg,1,633,not_stocked,douxiaodong,20230509
5331-43-1,肼基甲酸苄酯,Benzyl hydrazinecarboxylate,毕得医药,25 g,25,g,1,20.3,not_stocked,chengzengrui,20230508
18448-47-0,1-环己烯基-1-甲酸甲酯,Methyl 1-cyclohexene-1-carboxylate,毕得医药,10 g,10,g,1,228.2,running_out,chengzengrui,20230509
22367-82-4,3-甲基-2-苯并呋喃羧酸乙酯,3-METHYLBENZOFURAN-2-CARBOXYLIC ACID ETHYL ESTER,毕得,5g*2,5,g,2,114,not_stocked,zhaoxinyi,20230510
92149-07-0,"4,7-二甲氧基-1,10-菲啰啉",,毕得医药,1g,1,g,1,67.9,not_stocked,zhaobinzhi,20230510
1662-01-7,"4,7-二苯基-1,10-菲啰啉","4,7-Diphenyl-1,10-phenanthroline",毕得医药,1g,1,g,1,22.4,not_stocked,zhaobinzhi,20230510
6153-92-0,"4,4'-二苯基-2,2'-联吡啶","4,4'-Diphenyl-2,2'-bipyridine",毕得医药,100mg,100,mg,1,95.2,not_stocked,zhaobinzhi,20230510
69011-20-7,Dowex 离子交换树脂,Dowex ,伊诺凯,5g,5,g,1,99,not_stocked,zhuminghui,20230510
12612-37-2,Dowex 离子交换树脂,dowex-2,jk,5g,5,g,1,102,running_out,zhuminghui,20230510
78922-04-0,安伯莱特离子交换树脂 IR120,Amberlite IR120 ,百灵威,100g,100,g,1,124,not_stocked,zhuminghui,20230510
552-16-9,2-硝基苯甲酸,2-Nitrobenzoic acid,欣恒研,25g,25,g,1,39.9,running_out,xingyihong,20230511
3113-72-2,2-硝基-5-甲基苯甲酸,2-Nitro-5-methylbenzoic acid,欣恒研,10g,10,g,1,37.05,not_stocked,xingyihong,20230511
149-73-5,,,TCI,25mL,25,mL,1,88,running_out,zhaoxinyi,20230511
4894-75-1,4-苯基环己酮,4-Phenylcyclohexanot_stocked,毕得医药,10g,10,g,1,24.5,running_out,tangshuyuan,20230512
116-09-6,羟基丙酮,Hydroxyacetone,毕得医药,25g,25,g,1,26.6,not_stocked,shihongwei,20230512
533-60-8,2-羟基环己酮,2-Hydroxycyclohexanot_stocked,迈瑞达,250mg,250,mg,1,365.2,not_stocked,shihongwei,20230512
78-95-5,氯丙酮, Chloroacetone,MREDA,100g,100,g,1,286.4,not_stocked,shihongwei,20230512
485-47-2,茚三酮 ,Ninhydrin,通广精细,5g,5,g,1,38,not_stocked,shihongwei,20230512
7681-82-5,碘化钠,sodium iodine,毕得,25 g,25,g,1,20.3,not_stocked,wangxi,20230512
582-24-1,2-羟基苯乙酮, 2-Hydroxy-1-phenylethanot_stocked,凯国科技,10g,10,g,1,71.25,running_out,shihongwei,20230512
143418-49-9,"3,4,5-三氟苯硼酸","(3,4,5-Trifluorophenyl)boronic acid",毕得医药,10g,10,g,1,23.8,not_stocked,zhangcaifang,20230513
176976-42-4,4-氯-3-(三氟甲基)苯硼酸,4-Chloro-3-(trifluoromethyl)benzeneboronic acid,毕得医药,5g,5,g,1,77,not_stocked,zhangcaifang,20230513
1423-26-3,3-(三氟甲基)苯硼酸,3-(trifluoromethyl)benzeneboronic acid,毕得医药,10 g,10,g,1,51.1,not_stocked,zhangcaifang,20230513
3816-62-4,2-氨基-5-硝基苯甲酸甲酯,Methyl 2-amino-5-nitrobenzoate,毕得医药,10 g,10,g,1,217,not_stocked,zhangcaifang,20230513
,硝酸,Nitric acid,阿拉丁,100ml,100,mL,1,65,not_stocked,chengzekai,20230514
122320-73-4,罗格列酮, Rosiglitazone,MCE,50mg,50,mg,1,510,not_stocked,huotongyu,20230514
343321-96-0,GW 590735, GW 590735,MCE,5mg,5,mg,1,2550,not_stocked,huotongyu,20230514
236406-55-6,"2-叔丁氧羰基-2,7-二氮杂螺[3.5]壬烷","2-(tert-Butoxycarbonyl)-2,7-diazaspiro[3.5]nonane",毕得,5g,5,g,1,279,running_out,zhaoxinyi,20230515
4023-34-1,环丙基甲酰氯,Cyclopropanecarbonyl Chloride,毕得,5g,5,g,1,17,running_out,zhaoxinyi,20230515
54322-65-5,环丙基乙酰氯,Cyclopropylacetyl chloride,毕得,192,,,1,250,not_stocked,zhaoxinyi,20230515
50715-28-1,"	氯甲酸环戊酯","	Cyclopentyl carbonochloridate",毕得,1g,1,g,1,37,not_stocked,zhaoxinyi,20230515
1192-63-8,吡咯烷-1-甲酰氯,1-Pyrrolidinecarbonylchloride,毕得,1g,1,g,1,56,not_stocked,zhaoxinyi,20230515
2094-72-6,金刚烷酰氯,1-Adamantanecarbonyl chloride,毕得,1g,1,g,1,18,not_stocked,zhaoxinyi,20230515
88-14-2,糠酸,2-Furoic acid,毕得,25g,25,g,1,14,not_stocked,zhaoxinyi,20230515
23860-35-7,环己基乙酰氯,"	Cyclohexylacetyl chloride",迈瑞达,5g,5,g,1,287,not_stocked,zhaoxinyi,20230515
5006-22-4,环丁基甲酰氯,Cyclobutanecarbonyl chloride,毕得,1g,1,g,1,20,running_out,zhaoxinyi,20230515
13826-27-2,双(邻苯二酚)二硼酸酯,Bis(catecholato)diboron,欣恒研,1g,1,g,1,29,not_stocked,shihongwei,20230515
,2-氯-甲基苯甲腈,,毕得,5g,5,g,1,179.9,not_stocked,xuguofeng,20230515
,2-氯-5-甲基苯腈,,毕得,5g,5,g,1,228.2,not_stocked,xuguofeng,20230515
,3-氯-5-甲基苯腈,,毕得,1g,1,g,1,183.4,not_stocked,xuguofeng,20230515
,邻二甲苯,,安耐吉,500mL,500,mL,1,52.2,running_out,xuguofeng,20230515
,对甲苯磺酸苯乙酯,Phenethyl 4-methylbenzenesulfonate,毕得,5g,5,g,1,62.3,running_out,tangshuyuan,20230515
67-66-3,,TIRCHLOROMETHANE,"	通广",5000ML,5000,mL,1,35,running_out,pengjing,20230516
12612-37-2,Dowex 离子交换树脂,dowex-2,jk,100g,100,g,1,583,not_stocked,zhuminghui,20230510
1271726-52-3,"(3-(二苯并[b,d]呋喃-4-基)苯基)硼酸","(3-(Dibenzo[b,d]furan-4-yl)phenyl)boronic acid",毕得医药,5 g,5,g,1,172.2,not_stocked,zhangcaifang,20230516
22884-10-2,咪唑-1-乙酸,Imidazol-1-yl-acetic acid,毕得,5g,5,g,1,16,not_stocked,zhaoxinyi,20230517
16051-87-9,"	3-氰基丙酸",3-Cyanopropionic Acid,毕得,1g,1,g,1,102,not_stocked,zhaoxinyi,20230517
2094-72-6,金刚烷酰氯,1-Adamantanecarbonyl chloride,迈瑞达,1g,1,g,1,20,not_stocked,zhaoxinyi,20230517
538-75-0,"N,N'-二环己基碳二亚胺",DCC,毕得,25 g,25,g,1,11.9,degraded,wangxi,20230517
101385-69-7,"2-氯-1,3-二甲基咪唑六氟磷酸盐","2-Chloro-1,3-dimethylimidazolidinium hexafluorophosphate",毕得,1 g,1,g,1,20.16,not_stocked,wangxi,20230517
37091-73-9,"2-氯-1,3-二甲基氯化咪唑啉","2-Chloro-1,3-dimethylimidazolidinium chloride",毕得,1 g,1,g,1,20.16,not_stocked,wangxi,20200517
153433-26-2,"	2-氯-1,3-二甲基咪唑四氟硼酸盐","	2-Chloro-1,3-dimethylimidazolidinium tetrafluoroborate",毕得,1 g,1,g,1,15.4,not_stocked,wangxi,20230517
4894-75-1,4-苯基环己酮,4-Phenylcyclohexanot_stocked,百灵威,25g,25,g,1,128.35,running_out,sunyichen,20230517
13675-18-8,四羟基二硼,Hypodiboric acid,欣恒研,10g,10,g,1,122.55,running_out,xingyihong,20230517
5292-21-7,环己基乙酸,Cyclohexylacetic acid,毕得,5g,5,g,1,30,not_stocked,zhaoxinyi,20230518
7664-41-7,氨甲醇溶液,Ammonia solution,研峰/INFI,100mL,100,mL,1,50,running_out,sulingyu,20230518
6160-65-2,"N,N'-硫羰基二咪唑","1,1'-Thiocarbonyldiimidazole",毕得,25g,25,g,1,155.4,not_stocked,sulingyu,20230518
41979-39-9,哌啶-4-酮盐酸盐,Piperidin-4-one hydrochloride,毕得,10g,10,g,1,39.9,not_stocked,sulingyu,20230518
4254-15-3,"(S)-1,2-丙二醇","(S)-Propane-1,2-diol",毕得,10g,10,g,1,17.5,not_stocked,sulingyu,20230518
2378/2/1,全氟叔丁醇,Perfluoro-tert-butanol,诺倍威,25g,25,g,1,463,running_out,zhuminghui,20230518
123324-71-0,"	4-叔丁基苯硼酸","4-tert-Butylphenylboronic acid
",毕得,10g,10,g,1,21,running_out,zhuminghui,20230518
22227-59-4,2-氯-3-硝基-5-三氟甲基-苯甲酸,2-Chloro-3-nitro-5-(trifluoromethyl)benzoic acid,毕得,5g,5,g,1,503.3,not_stocked,sulingyu,20230518
25322-68-3,聚乙二醇400,PEG-400,meilunbio,500g,500,g,1,32.3,not_stocked,sulingyu,20230518
10025-73-7,三氯化铬,Chromium(III) chloride,毕得医药,1g,1,g,1,16.1,not_stocked,shihongwei,20230518
2469-99-0,3-氧代丁腈,3-Oxobutanenitrile,毕得医药,5g,5,g,1,89.6,not_stocked,shihongwei,20230518
785-56-8,"3,5-双三氟甲基苯甲酰氯","	3,5-bis(trifluoromethyl)benzoylchloride",毕得,25g,25,g,1,160.3,running_out,wangxi,20230519
3562-73-0,1-(4-联联苯基)乙醇,1-(4-BIPHENYLYL)ETHANOL,毕得医药,5 g,5,g,1,163.1,running_out,wangxi,20230519
479195-19-2,2-噁唑-8-氮杂螺[4.5]癸烷盐酸盐(1:1),"	2-Oxa-8-azaspiro[4.5]decane, hydrochloride",毕得,1g,1,g,1,123,not_stocked,zhaoxinyi,20230521
1392211-51-6,"	7-氮杂螺[3.5]壬烷-2-酮盐酸盐",7-Azaspiro[3.5]nonan-2-one hydrochloride,毕得,1g,1,g,1,362,not_stocked,zhaoxinyi,20230521
88-14-2,,Furan-2-carboxylic acid,"
欣恒研",100g,100,g,1,40.85,running_out,xingyihong,20230521
7664-41-7,氨甲醇溶液,Ammonia solution,研峰/INFI,100mL,100,mL,1,70,not_stocked,sulingyu,20230522
64-18-6,甲酸,Formic acid,百灵威,250mL,250,mL,1,218.45,running_out,xuguofeng,20230522
1254115-23-5,1-(氧杂环丁烷-3-基)哌嗪,1-(Oxetan-3-yl)piperazine,毕得,1g,1,g,1,61,not_stocked,zhaoxinyi,20230522
1317-38-0,纳米氧化铜,"COPPER(II) OXIDE, NANOPOWDER, 50 NM",Sigma-Aldrich,5 g,5,g,1,456.61,running_out,chengzengrui,20230523
65272-70-0,琼斯试剂,Jones reagent,罗恩,100mL,100,mL,1,339,not_stocked,chengzengrui,20230523
100-58-3,苯基溴化镁,Phenylmagnesium bromide,百灵威,100mL,100,mL,1,105,running_out,chengzengrui,20230523
10025-87-3,三氯氧磷(V),"
Phosphorus(V) oxychloride",阿拉丁,100g,100,g,1,70.31,running_out,chengzengrui,20230523
12112-67-3,"	1,5-环辛二烯氯化铱二聚体","Chloro(1,5-cyclooctadiene)iridium(I) dimer",毕得,250 mg,250,mg,1,279.3,not_stocked,chengzengrui,20230523
5332-24-1,3-溴喹啉,3-Bromoquinoline,,25 g,25,g,1,27.3,not_stocked,admin,20230524
156682-54-1,3-苄氧基苯硼酸,(3-(Benzyloxy)phenyl)boronic acid,,10 g,10,g,1,78.4,not_stocked,admin,20230524
714975-53-8,4-氨基嘧啶-5-羧酸甲酯,Methyl 4-aminopyrimidine-5-carboxylate,,1 g,1,g,1,527.1,not_stocked,admin,20230524
862248-93-9,"3,4,5-三氯苯硼酸","(3,4,5-Trichlorophenyl)boronic acid",,5 g,5,g,1,114.8,not_stocked,admin,20230524
5198-88-9,"	2-溴-4-噻唑羧酸",2-Bromothiazole-4-carboxylic acid,,5g,5,g,1,139.3,running_out,xuyue,20230524
57260-71-6,哌嗪-1-羧酸叔丁酯,tert-Butyl piperazine-1-carboxylate,,25g,25,g,1,21.7,running_out,xuyue,20230524
885693-20-9,"3-硼酸频哪醇酯基-5,6-二氢吡啶-1(2H)-甲酸叔丁酯","tert-Butyl 3-(4,4,5,5-tetramethyl-1,3,2-dioxaborolan-2-yl)-5,6-dihydropyridine-1(2H)-carboxylate",,1g,1,g,1,54.6,not_stocked,xuyue,20230524
286961-14-6,"N-Boc-1,2,5,6-四氢吡啶-4-硼酸频哪醇酯","tert-Butyl 4-(4,4,5,5-tetramethyl-1,3,2-dioxaborolan-2-yl)-5,6-dihydropyridine-1(2H)-carboxylate",,10g,10,g,1,69.3,running_out,xuyue,20230524
536-50-5,1-(4-甲基苯基)-1-乙醇,"	1-(4-Methylphenyl)ethanol
",,5g,5,g,1,58,not_stocked,zhuminghui,20230524
54696-05-8,4-苯甲氧基苯乙酮,"	4'-Benzyloxyacetophenot_stocked
	",,5g,5,g,1,17,not_stocked,zhuminghui,20230524
63488-10-8,"	4-叔丁基苯基溴化镁","	4-TERT-BUTYLPHENYLMAGNESIUM BROMIDE
",迈瑞达,100ml,100,mL,1,291,not_stocked,zhuminghui,20230524
123-07-9,对乙基苯酚,"	4-Ethylphenol
	",毕得,5g,5,g,1,11,not_stocked,zhuminghui,20230524
920-66-1,六氟异丙醇,"1,1,1,3,3,3-Hexafluoro-2-propanol",毕得,500 mL,500,mL,1,200.9,running_out,wangxi,20230525
34352-74-4,2-(4-联苯基)-2-丙醇,2-(4-Biphenylyl)-2-propanol,毕得,1 g,1,g,1,119.5,not_stocked,wangxi,20230525
101385-69-7,"2-氯-1,3-二甲基咪唑六氟磷酸盐","2-Chloro-1,3-dimethylimidazolidinium hexafluorophosphate",毕得,5 g,5,g,1,31.5,running_out,wangxi,20230525
7677-24-9,三甲基氰硅烷,Trimethylsilyl Cyanide,毕得,25 g,25,g,1,21.7,running_out,wangxi,20230525
9002-93-1,Triton X-100,Triton X-100,索莱宝,100mL,100,mL,1,36,not_stocked,xuguofeng,20230525
9048-46-8,牛血清白蛋白,BSA-Ⅴ,索莱宝,25g,25,g,1,176,not_stocked,xuguofeng,20230525
,2-氨基-5-溴吡啶,5-Bromopyridin-2-amine,毕得,10g,10,g,1,15.4,not_stocked,xuyue,20230525
,2-氨基-5-溴吡啶 ,5-Bromopyridin-2-amine,毕得,25g,25,g,1,28,not_stocked,xuyue,20230525
3319-15-1,"	4-甲氧基-α-甲基苯甲醇","	1-(4-METHOXYPHENYL)ETHANOL
",毕得,5g,5,g,1,41,not_stocked,zhuminghui,20230525
645-13-6,4'-异丙基苯乙酮,"4'-Isopropylacetophenot_stocked
",毕得,5g,5,g,1,23,not_stocked,zhuminghui,20230525
307-34-6,"	全氟辛烷","	Perfluorooctane
",安耐吉,500g,500,g,1,540,high_usage,zhuminghui,20230525
5858-18-4,"	2,5-二氯苯硫酚","	2,5-Dichlorobenzenethiol",阿拉丁,1g,1,g,1,76.8,not_stocked,mengjunhong,20230528
10241-05-1,"	五氯化钼","	Molybdenum(V) chloride",安耐吉,100g,100,g,1,250.2,not_stocked,mengjunhong,20230528
367-11-3,"	1,2-二氟苯","	1,2-Difluorobenzene",安耐吉,100g,100,g,1,77,not_stocked,mengjunhong,20230528
920-66-1,"	六氟异丙醇","	HFIP
",毕得,500G,500,g,1,200,running_out,zhuminghui,20230528
937-30-4,"	对乙基苯乙酮","4-Ethylacetophenot_stocked
",毕得,25g,25,g,1,44,not_stocked,zhuminghui,20230528
38861-78-8,4-异丁基苯乙酮,"	4'-(2-Methylpropyl)acetophenot_stocked
	",毕得,5g,5,g,1,75,not_stocked,zhuminghui,20230528
645-13-6,对异丙基苯乙酮,"4'-Isopropylacetophenot_stocked
	",毕得,5g,5,g,1,23,not_stocked,zhuminghui,20230528
39910-98-0,"	4-吗啉基苯丙酮","	4-MORPHOLINOACETOPHEnot_stocked
",毕得,5g,5,g,1,123,not_stocked,zhuminghui,20230528
3609-53-8,4-乙酰基苯甲酸甲酯,"METHYL 4-ACETYLBENZOATE
	",毕得,5g,5,g,1,26,not_stocked,zhuminghui,20230528
13283-01-7,六氯化钨(VI),Tungsten(VI) Chloride,Adamas,5g,5,g,1,23.2,running_out,shihongwei,20230528
2987-16-8,"3,3-二甲基丁醛","3,3-Dimethylbutanal",毕得医药,25g,25,g,1,57.4,not_stocked,mengjunhong,20230529
38360-81-5,"3,5-二甲基苯硫酚","	3,5-Dimethylthiophenol",毕得医药,5g,5,g,1,255.5,not_stocked,mengjunhong,20230529
37222-66-5,过一硫酸氢钾复合盐,Potassium peroxymonosulfate,jk,100g,100,g,1,322,running_out,zhuminghui,20230529
666-52-4,"	氘代丙酮","	ACETONE-D6
",伊诺凯,12 mL,12,mL,1,385,running_out,zhuminghui,20230529
811-98-3,"	氘代甲醇","	Methanol-d4
",创试,10 ml,10,mL,1,342,not_stocked,zhuminghui,20230529
81270-37-3,(4-哌啶)乙酸甲酯盐酸盐,"	PIPERIDIN-4-YL-ACETIC ACID METHYL ESTER HYDROCHLORIDE",毕得,1g,1,g,1,19,not_stocked,zhaoxinyi,20230529
39890-45-4,1-(2-哌嗪-1-基乙酰)吡咯烷,1-((PYRROLIDINE-1-CARBONYL)METHYL)PIPERAZINE,迈瑞达,1g,1,g,1,148,not_stocked,zhaoxinyi,20230529
14850-23-8,反-4-辛烯,"	trans-4-Octene",阿拉丁,1g,1,g,1,139.13,not_stocked,mengjunhong,20230529
7642-15-1,"	顺-4-辛烯","	cis-4-Octene",阿拉丁,1g,1,g,1,326.75,not_stocked,mengjunhong,20230529
,甲基三辛基氯化铵,,毕得医药,25g,25,g,1,18.2,not_stocked,zhaobinzhi,20230529
358-23-6,三氟甲磺酸酐,"	Trifluoromethanesulfonic anhydride",毕得医药,100g,100,g,1,120.4,running_out,mengjunhong,20230530
88497-27-2,3-氨基-6-溴哒嗪 ,3-Amino-6-bromopyridazine,毕得医药,10 g,10,g,1,219.8,running_out,xuyue,20230530
148893-10-1,"O-(7-氮杂苯并三唑-1-基)-N,N,N',N'-四甲基脲六氟磷酸盐 ","O-(7-Azabenzotriazol-1-yl)-N,N,N',N'-tetramethyl uronium hexafluorophosphate",毕得医药,25 g,25,g,1,69.3,running_out,xuyue,20230530
1317-61-9,四氧化三铁,Triiron Tetraoxide,"
Adamas",25g,25,g,1,24,not_stocked,zhaobinzhi,20230529
1314-62-1,五氧化二钒,Vanadium(V) oxide,"
安耐吉",25g,25,g,1,52.2,not_stocked,zhaobinzhi,20230529
16152-51-5,"	4-异丙基苯硼酸","	4-Isopropylbenzeneboronic acid
",欣恒研,5g,5,g,1,91,not_stocked,zhuminghui,20230530
6291-23-2,"	4-吗啉苯酚","	4-morpholinophenol
",迈瑞达,250mg,250,mg,1,251,not_stocked,zhuminghui,20230530
328-70-1,"3,5-二三氟甲基溴苯"," 1-Bromo-3,5-bis(trifluoromethyl)benzene",毕得,100g,100,g,1,45,not_stocked,zhuminghui,20230530
327-75-3,"2,4-二(三氟甲基)溴苯","	4-Bromo-1,3-bis(trifluoromethyl)benzene",毕得,25g,25,g,1,179,not_stocked,zhuminghui,20230530
14850-23-8,反-4-辛烯,"	trans-4-Octene",阿拉丁,1g,1,g,1,209,not_stocked,mengjunhong,20230531
99768-12-4,对甲氧羰基苯硼酸 ,(4-(Methoxycarbonyl)phenyl)boronic acid,毕得,5g,5,g,1,25,running_out,zhuminghui,20230531
4097/4/5,,,"
阿拉丁",1mg,1,mg,1,246.4,not_stocked,sulingyu,20230531
16178-48-6,"
二磷酸腺苷",ADP,Acmec,5g,5,g,1,270.3,not_stocked,sulingyu,20230531
1317-61-9,纳米四氧化三铁，20nm,,,,,,1,48.75,not_stocked,admin,20230601
1309-37-1,纳米磁性氧化铁（γ-Fe2O3)， 10nm,γ型 Ferric oxide,伊诺凯,25g,25,g,1,14,not_stocked,admin,20230601
88-14-2,2-呋喃甲酸,Furan-2-carboxylic acid,凯国科技,26g,26,g,1,27.55,running_out,xuyue,20230602
854045-94-6,"2-二环己基膦-2',4',6'-三异丙基联苯氯化金(I)","Dicyclohexylphosphino-2',4',6'-triisopropylbiphenyl gold(I) chloride",毕得,100mg,100,mg,1,126.7,not_stocked,chengzengrui,20230604
852445-81-9,"(1,3-二均三甲基苯-1H-咪唑-2(3H)-亚基)氯化金(I)","Chemical Name：Chloro[1,3-bis(mesityl)imidazole-2-ylidene]gold(I)",毕得,100mg,100,mg,1,267.4,not_stocked,chengzengrui,20230604
540-80-7,亚硝酸叔丁酯,"	tert-Butyl nitrite",百灵威,100 mL,100,mL,1,123.25,running_out,chengzengrui,20230604
57-09-0,十六烷基三甲基溴化铵,"	Hexadecyl trimethyl ammonium bromide",毕得,100g,100,g,1,28.7,not_stocked,chengzengrui,20230604
2469-99-0,3-氧代丁腈,"3-Oxobutanenitrile
",毕得,5g,5,g,1,96,running_out,chengzengrui,20230604
412947-54-7,"3-氨基-4-碘苯甲酸甲酯
",Methyl 3-Amino-4-Iodobenzoate,admas,5g,5,g,1,105.6,not_stocked,chengzengrui,20230604
13194-69-9,"2-碘-5-甲基苯胺
","2-IODO-5-METHYLANILINE
",麦克林,1g*3,1,g,3,31,not_stocked,chengzengrui,20230604
29892-37-3,"氯(二甲基硫化)金(I)
","(DIMETHYLSULFIDE)GOLD(I) CHLORIDE
",毕得,2500 mL*2,2500,ml,2,322,running_out,chengzengrui,20230604
7487-88-9,硫酸镁,,通广,500g,500,g,1,11,running_out,chengzengrui,20230604
4648-54-8,叠氮基三甲基硅烷,Trimethylsilyl azide,阿拉丁,25mL*2,25,ml,2,121.58,running_out,chengzengrui,20230604
156-41-2,对氯苯乙胺,2-(4-Chlorophenyl)ethanamine,赞成,10g，98%,,,1,93.6,running_out,tangshuyuan,20230604
,D-荧光素,,毕得,100mg,100,mg,1,354.2,not_stocked,xuguofeng,20230604
182410-00-0,磺丁基-β-环糊精钠盐,SBE-β-CD,毕得,"
100g",100,g,1,340.2,running_out,xuguofeng,20230604
1533-20-6,3-苯甲基丁酮,"1,3-DIPHENYL-1-BUTAnot_stocked",阿拉丁,1g,1,g,1,274.73,not_stocked,zhaobinzhi,20230604
5720-07-0,对甲氧基苯硼酸, 4-Methoxyphenylboronic acid,毕得,25g,25,g,1,38.5,running_out,shihongwei,20230605
4926-28-7,2-溴-4-甲基吡啶,2-Bromo-4-methylpyridine,毕得,5g,5,g,1,14.7,not_stocked,shihongwei,20230605
3510-66-5,2-溴-5-甲基吡啶,"	2-Bromo-5-methylpyridine	",毕得,5g,5,g,1,14,not_stocked,shihongwei,20230605
5315-25-3,2-溴-6-甲基吡啶 ,2-Bromo-6-methylpyridine,毕得,5g,5,g,1,16.8,not_stocked,shihongwei,20230605
146631-00-7,4-苄氧基苯硼酸,(4-(Benzyloxy)phenyl)boronic acid,毕得,5g,5,g,1,29.4,running_out,shihongwei,20230605
63996-36-1,2-(4-溴苯基)吡啶,2-(4-Bromophenyl)pyridine,毕得,1g,1,g,1,19.6,not_stocked,shihongwei,20230605
89787-12-2,2-异丙基苯基硼酸,(2-Isopropylphenyl)boronic acid,毕得,1g,1,g,1,28,running_out,shihongwei,20230605
4688-76-0,2-联苯硼酸,2-Biphenylboronic acid,毕得,1g,1,g,1,16.8,not_stocked,shihongwei,20230605
5720/6/9,2-甲氧基苯硼酸,2-Methoxyphenylboronic acid,毕得,1g,1,g,1,13.3,running_out,shihongwei,20230605
3558-69-8,"2,6-二苯基吡啶","2,6-Diphenylpyridine",毕得,1g,1,g,1,98.7,not_stocked,shihongwei,20230605
85237-71-4,5-甲基-2-(对甲苯基)吡啶 ,5-Methyl-2-(p-tolyl)pyridine,毕得,1g,1,g,1,41.3,not_stocked,shihongwei,20230605
10273-90-2,3-甲基-2-苯基吡啶 ,3-Methyl-2-Phenylpyridine,毕得,1g,1,g,1,98.4,not_stocked,shihongwei,20230605
1126-00-7,1-苯基吡唑 ,1-Phenylpyrazole,Adamas,1g,1,g,1,21.6,not_stocked,shihongwei,20230605
612-96-4,2-苯基喹啉 ,2-Phenylquinoline,"	乐研",1g,1,g,1,39,not_stocked,shihongwei,20230605
4467/6/5,2-(对甲苯基)吡啶 ,2-(p-Tolyl)pyridine,阿拉丁,1g,1,g,1,28.8,not_stocked,shihongwei,20230605
156021-08-8,,,毕得,250mg,250,mg,1,79.1,not_stocked,shihongwei,20230605
12135-22-7,氢氧化钯碳,Palladium hydroxide on carbon(20%),毕得,1g,1,g,1,84.7,running_out,xuyue,20230605
40473-07-2,2-溴-6-甲氧基吡啶 ,2-Bromo-6-methoxypyridine,"毕得	",25g,25,g,1,58.1,running_out,shihongwei,20230605
1750-36-3,(E)-N-苄烯苯胺 ,(E)-N-Benzylideneaniline,毕得,1g,1,g,1,40.6,not_stocked,shihongwei,20230605
850568-56-8,"	4-仲丁基苯硼酸","	(4-SEC-BUTYL)BENZENEBORONIC ACID
",毕得,1g,1,g,1,220,not_stocked,zhuminghui,20230605
99-71-8,4-仲丁基苯酚,"4-(2-Butyl)phenol
	",阿拉丁,5g,5,g,1,44,not_stocked,zhuminghui,20230605
40150-92-3,1-(4-异丁基苯基)乙醇,1-(4-Isobutylphenyl)ethano,伊诺凯,250mg,250,mg,1,121,not_stocked,zhuminghui,20230605
95975-55-6,固甾酮,"	Guggulsterones E&Z（Z-GS和E-GS混合）",源叶,5mg,5,mg,1,400,running_out,zhaoxinyi,20230607
1140531-94-7,"(乙腈)[2-二叔丁基(2',4',6'-三异丙基联苯)膦]金(I) 六氟锑酸盐",tert-Butyl XPhos Au(MeCN)SbF6,毕得,,,,1,309.4,not_stocked,chengzengrui,20230607
615-43-0,2-碘苯胺,2-Iodoaniline,毕得,100 g,100,g,1,163.1,running_out,chengzengrui,20230607
13874-02-7,二水四氯金酸钠,Sodium tetrachloroaurate(III) dihydrate,毕得,1 g,1,g,1,337.4,not_stocked,chengzengrui,20230607
128-08-5,N-溴代丁二酰亚胺,"N-Bromosuccinimide
",毕得,100 g,100,g,1,20.3,running_out,chengzengrui,20230607
,"硝酸
",,通广,500 mL*2,500,ml,2,20,running_out,chengzengrui,20230607
866641-66-9,(乙腈)[(2-联苯)二叔丁基膦]六氟锑酸金(I),(Acetonitrile)[(2-biphenyl)di-tert-butylphosphine]gold(I) hexafluoroantimonate,安耐吉,100mg,100,mg,1,179,not_stocked,chengzengrui,20230607
847756-88-1,,3-CHLORO-4-(TRIFLUOROMETHYL)PHENYLBORONIC ACID,毕得,1g,1,g,1,81.2,not_stocked,zhangcaifang,20230607
591-55-9,5-氨基嘧啶,5-Aminopyrimidine,乐研,5g,5,g,1,240,not_stocked,zhangcaifang,20230607
624-73-7,"
1,2-二碘乙烷","1,2-DIIODOETHANE",毕得,1 g,1,g,1,15.4,not_stocked,wangxi,20230607
32315-10-9,三光气,Triphosgene,阿拉丁,100 g,100,g,1,61.6,running_out,zhangcaifang,20230607
3731-52-0,3-氨甲基吡啶,Pyridin-3-ylmethanamine,毕得,10 g,10,g,1,16.8,running_out,zhangcaifang,20230607
861347-86-6,3-氯-5-碘苯酚,3-Chloro-5-iodophenol,毕得,5 g,5,g,1,573.3,not_stocked,zhangcaifang,20230607
21436-03-3,"(1S,2S)-环己烷-1,2-二胺","(1S,2S)-Cyclohexane-1,2-diamine",毕得,10 g,10,g,1,82.6,not_stocked,zhangcaifang,20230607
97966-00-2,"5-溴-2,3-二氯吡啶","5-Bromo-2,3-dichloropyridine",毕得,10 g,10,g,1,70,not_stocked,zhangcaifang,20230607
620-08-6,4-甲氧基吡啶,4-Methoxypyridine,毕得医药,100g,100,g,1,224.7,running_out,zhaobinzhi,20230608
7782-49-2,硒粉 ,Selenium powder,jk,100g,100,g,1,316,running_out,zhuminghui,20230608
97-00-7,"2,4-二硝基氯苯","2,4-Dinitrochlorobenzene
	",Adamas,100g,100,g,1,48,running_out,zhuminghui,20230608
18242-39-2,"3,5-二硝基溴苯","	1-BROMO-3,5-DINITRO-BENZENE
",毕得,25g,25,g,1,423,not_stocked,zhuminghui,20230608
4421/9/4,胡椒腈,,毕得,1g,1,g,1,11.2,not_stocked,xuguofeng,20230609
,4-三氟甲氧基苯腈,,毕得,5g,5,g,1,21,running_out,xuguofeng,20230609
,4-(二氟甲氧基)苯腈,,毕得,1g,1,g,1,45.5,not_stocked,xuguofeng,20230609
,,,毕得,1g,1,g,1,24.5,not_stocked,xuguofeng,20230609
18242-39-2,"3,5-二硝基溴苯
","1-BROMO-3,5-DINITRO-BENZENE",毕得,25g,25,g,1,423,not_stocked,zhuminghui,20230612
1470372-59-8,"甲磺酸(2-二环己基膦基-3,6-二甲氧基-2',4',6'-三异丙基-1,1'-联苯)(2-氨基-1,1'-联苯-2-基)钯(II)","[(2-Di-cyclohexylphosphino-3,6-dimethoxy-2′,4′,6′- triisopropyl-1,1′-biphenyl)-2-(2′-amino-1,1′ -biphenyl)]palladium(II) methanesulfonate",毕得,5g,5,g,1,908.6,not_stocked,zhangcaifang,20230612
52409-22-0,三(二亚苄基丙酮)二钯,Pd2(DBA)3,毕得,1 g,1,g,1,277.9,running_out,zhangcaifang,20230612
161265-03-8,"4,5-双(二苯基膦)-9,9-二甲基氧杂蒽",XantPhos,毕得,25 g,25,g,1,126,running_out,zhangcaifang,20230612
81-23-2,"	脱氢胆酸",Dehydrocholic acid,MCE,500mg,500,mg,1,320,not_stocked,zhaoxinyi,20230614
,2-甲基-4-硝基苯腈,,毕得,1g,1,g,1,20.3,not_stocked,xuguofeng,20230614
,4-溴-2-甲基苯腈,,毕得,10g,10,g,1,45.5,not_stocked,xuguofeng,20230614
,4-氟-2-甲基苯腈,,毕得,1g,1,g,1,11.9,not_stocked,xuguofeng,20230614
,2-甲基-4-氯苯腈,,毕得,1g,1,g,1,16.9,not_stocked,xuguofeng,20230614
,"2,4-二甲基苄腈",,毕得,1g,1,g,1,44.8,not_stocked,xuguofeng,20230614
133720-60-2,7-溴苯并呋喃,7-Bromobenzofuran,毕得,1g,1,g,1,37.8,not_stocked,shihongwei,20230614
164461-18-1,1-芘硼酸,Pyren-1-ylboronic acid,毕得,5g,5,g,1,69.3,running_out,shihongwei,20230614
197958-29-5,2-吡啶硼酸,2-Pyridinylboronic acid,毕得,10g,10,g,1,541.8,running_out,shihongwei,20230614
715-50-4,3-溴菲,3-Bromophenanthrene,毕得,250mg,250,mg,1,113.45,not_stocked,shihongwei,20230614
141981-64-8,2-蒽硼酸,Anthracen-2-ylboronic acid,毕得,1g,1,g,1,94.5,not_stocked,shihongwei,20230614
108847-76-3,噻蒽-1-硼酸,Thianthren-1-ylboronic acid,毕得,1g,1,g,1,24.5,not_stocked,shihongwei,20230614
372521-91-0,4-苯基-1-萘硼酸,[4-(1-Naphthyl)phenyl]boronic acid,毕得,1g,1,g,1,20.3,running_out,shihongwei,20230614
870774-25-7,4-(1-萘基)苯硼酸,4-(1-Naphthyl)benzeneboronic acid,毕得,5g,5,g,1,54.6,not_stocked,shihongwei,20230614
485-72-3,7-羟基-3-(4-甲氧基苯基)-4H-苯并吡喃-4-酮 ,7-Hydroxy-3-(4-methoxyphenyl)-4H-chromen-4-one,毕得,5g,5,g,1,30.8,running_out,shihongwei,20230614
,甲酸,,安耐吉,500g,500,g,1,52.2,running_out,xuguofeng,20230615
3425-46-5,硒氰酸钾,硒氰酸钾,毕得,5G,5,g,1,160,not_stocked,zhuminghui,20230615
,2-羟基-5-乙酰氨基苯乙酮,,毕得,10g,10,g,1,182.7,running_out,xuguofeng,20230615
3562-73-0,1-(4-联联苯基)乙醇,1-(4-BIPHENYLYL)ETHANOL,毕得医药,5 g,5,g,1,163.1,running_out,wangxi,20230615
459-59-6,4-氟-N-甲基苯胺,4-FLUORO-N-METHYLANILINE,毕得医药,1 g,1,g,1,18.9,degraded,wangxi,20230615
8017-16-1,聚磷酸,Polyphosphoric acid,Adamas,100 g,100,g,1,18.75,degraded,wangxi,20230616
555-75-9,乙氧基铝,aluminum ethoxide,毕得医药,5 g,5,g,1,53.9,not_stocked,wangxi,20230616
165324-09-4,双(三氟甲基磺酰基)酰亚胺钙(II) ,Calcium(II) Bis(trifluoromethanesulfonyl)imide,毕得医药,1 g,1,g,1,77,not_stocked,wangxi,20230616
23074-42-2,1-氰基金刚烷,1-Adamantanecarbonitrile,毕得医药,1g,1,g,1,94.5,not_stocked,xuguofeng,20230618
,丁炔二酸二甲酯,Dimethyl acetylenedicarboxylate,百灵威,25g,25,g,1,86.7,running_out,xuguofeng,20230618
1302-74-5,活性氧化铝，Φ3mm-5mm,"Alumina,activated",阿拉丁,25g,25,g,1,32.8,not_stocked,zhaobinzhi,20230619
1302-74-5,活性氧化铝，Φ4mm-6mm,"Alumina,activated",阿拉丁,25g,25,g,1,32.8,not_stocked,zhaobinzhi,20230619
1344-28-1,纳米氧化铝γ氧化铝，20nm,gamma-Alumina,阿拉丁,10g,10,g,1,24,not_stocked,zhaobinzhi,20230619
13831-30-6,2-乙酰氧基乙酸,2-Acetoxyacetic acid,"毕得	",10g,10,g,1,214.9,running_out,xuyue,20230619
140695-84-7,(S)-3-(羟甲基)哌啶-1-羧酸叔丁酯, tert-Butyl (S)-3-(hydroxymethyl)piperidine-1-carboxylate,"毕得	",5g,5,g,1,109.2,running_out,xuyue,20230619
6175-45-7,"2,2-二乙氧基苯乙酮","2,2-Diethoxyacetophenot_stocked","毕得	",125g,125,g,1,165.9,running_out,xuyue,20230619
10117-38-1,亚硫酸钾,"
Potassiumsulfite","毕得	",500g,500,g,1,50,not_stocked,zhuminghui,20230619
18242-39-2,"3,5-二硝基溴苯","	1-BROMO-3,5-DINITRO-BENZENE","毕得	",25g,25,g,1,425,not_stocked,zhuminghui,20230619
630125-49-4,3-溴-5-硝基三氟甲苯, 1-Bromo-3-nitro-5-(trifluoromethyl)benzene,"毕得	",25g,25,g,1,25,not_stocked,zhuminghui,20230619
97-00-7,"2,4-二硝基氯苯","2,4-Dinitrochlorobenzene
	",伊诺凯,200g,200,g,1,220,running_out,zhuminghui,20230619
7782-49-2,硒粉 ,Selenium powder,jk,100g,100,g,1,316,running_out,zhuminghui,20230619
64-19-7,"乙酸
","Acetic Acid Glacial GR
",泰坦,500 mL*2,500,ml,2,30,running_out,zhuminghui,20230619
615-42-9,"1,2-二碘苯","1,2-Diiodobenzene",毕得,25g,25,g,1,64.4,not_stocked,mengjunhong,20230619
2712-78-9,[双(三氟乙酰氧基)碘]苯,(Bis(trifluoroacetoxy)iodo)benzene,毕得,10g,10,g,1,23.1,running_out,shihongwei,20230619
51-44-5,,"3,4-Dichlorobenzoic acid","
欣恒研",10g,10,g,1,39.9,not_stocked,xingyihong,20230620
34837-55-3,苯基溴化硒,"	Phenyl hypobromoselenoite",毕得,5g,5,g,1,333.9,running_out,mengjunhong,20230620
7789-17-5,碘化铯,"	Cesium iodide",毕得,5 g,5,g,1,19.6,running_out,wangxi,20230620
165324-09-4,双(三氟甲基磺酰基)酰亚胺钙(II) ,Calcium(II) Bis(trifluoromethanesulfonyl)imide,偶合,1 g,1,g,1,76,not_stocked,wangxi,20230620
4122-56-9,2-甲酰基苯甲酸甲酯,Methyl 2-formylbenzoate,毕得,10g,10,g,1,95.9,not_stocked,xingyihong,20230620
5326-47-6,,2-Amino-5-iodobenzoic acid,毕得,25g,25,g,1,58.1,not_stocked,xingyihong,20230620
10340-91-7,苄异腈,Benzyl isocyanide,毕得,1g,1,g,1,83.3,running_out,wangxi,20230620
19158-51-1,4-甲苯磺酰氰,P-toluenesulfonyl cyanide,毕得,5 g,5,g,1,112.7,not_stocked,wangxi,20230620
67098-56-0,3-(Boc-氨基)-2-苯基丙酸,3-TERT-BUTOXYCARBONYLAMINO-2-PHENYL-PROPIONIC ACID,迈瑞达,1 g,1,g,1,536.5,not_stocked,zhangcaifang,20230620
151169-75-4,3.4-二氯苯硼酸,"3,4-Dichlorophenylboronic acid",毕得,25 g,25,g,1,123.2,running_out,zhangcaifang,20230620
1256355-61-9,(3-(苄氧基)-5-甲基苯基)硼酸,(3-(Benzyloxy)-5-methylphenyl)boronic acid,毕得,1 g,1,g,1,700,not_stocked,zhangcaifang,20230620
,4-氨基嘧啶-5-羧酸甲酯,Methyl 4-aminopyrimidine-5-carboxylate,毕得,1 g,1,g,1,527.1,running_out,zhangcaifang,20230620
852445-83-1,"1,3-双(2,6-二-异丙基苯基)亚氨唑-2-金(i)氯","1,3-Bis(2,6-di-isopropylphenyl)imidazol-2-ylidenegold(I)chloride",毕得,100mg,100,mg,1,136.5,running_out,chengzengrui,20230621
854045-94-6,"2-二环己基膦-2',4',6'-三异丙基联苯氯化金(I)","2-Dicyclohexylphosphino-2',4',6'-triisopropylbiphenyl gold(I) chloride",毕得,100mg,100,mg,1,126.7,not_stocked,chengzengrui,20230621
866395-16-6,三苯基膦金(I)双(三氟甲磺酰基)亚胺盐,[Bis(trifluoromethanesulfonyl)imidato](triphenylphosphine)gold(I),希恩思,100mg,100,mg,1,144.95,not_stocked,chengzengrui,20230621
,无水硫酸镁,,毕得,500g*2,500,g,2,18.9,running_out,chengzengrui,20230621
10405-84-2,"	顺-4-壬烯","	cis-4-not_stockedne",阿拉丁,1mL,1,mL,1,162.28,not_stocked,mengjunhong,20230621
1501-82-2,"	环十二烯 (顺反混合物)","	Cyclododecene (cis- and trans- mixture)",阿拉丁,5g,5,g,1,126.41,running_out,mengjunhong,20230621
585-48-8,"	2,6-二叔丁基吡啶","	2,6-Di-tert-butylpyridine",毕得,5g,5,g,1,51.8,running_out,mengjunhong,20230621
937-14-4,间氯过氧苯甲酸,"	m-Chloroperoxybenzoic acid",安耐吉,100g,100,g,1,98.1,running_out,mengjunhong,20230621
3425-46-5,硒氰酸钾,Potassium selenocyanate,毕得,5g,5,g,1,160.3,running_out,mengjunhong,20230621
67-56-1,甲醇 HPLC,MeOH,通广,2500mL*4,2500,ml,4,50,running_out,xuguofeng,20230621
3425-46-5,硒氰酸钾,Potassium selenocyanate,毕得,5g,5,g,1,160.3,not_stocked,zhuminghui,20230621
401-94-5,3-硝基-5-(三氟甲基)苯胺 ,3-Nitro-5-(trifluoromethyl)aniline,毕得,10g,10,g,1,270,not_stocked,zhuminghui,20230621
127-09-3,乙酸钠, Sodium acetate,毕得,500g,500,g,1,23,running_out,zhuminghui,20230621
1937-62-8,反式油酸甲酯,Methyl trans-9-octadecenoate,阿拉丁,1g,1,g,1,208.05,not_stocked,mengjunhong,20230624
7433-56-9,"	反式-5-癸烯",trans-5-Decene,迈瑞达,1g,1,g,1,333,not_stocked,mengjunhong,20230624
278779-30-9,"3-（2,6-二氯苯基）-4-（3'-羧基-2-氯代二苯乙烯-4-基）氧甲基-5-异丙基异恶唑",GW 4064 ,阿拉丁,1mg,1,mg,1,87,running_out,zhaoxinyi,20230625
459789-99-2,"	奥贝胆酸",Obeticholic Acid,笛柏,25mg,25,mg,1,36,running_out,zhaoxinyi,20230625
1986-81-8,烟碱-N-氧化物,Nicotinamide N-Oxide,阿拉丁,5g,5,g,1,37.05,not_stocked,huwenshu,20230625
2447-54-3,血根碱,Sanguinarine,阿拉丁,25mg,25,mg,1,196.37,not_stocked,huwenshu,20230625
2411581-06-9,"	1-氨基-1,4-二氮杂双环[2.2.2]辛烷-1-碘化氢碘化物","1-Amino-1,4-diazabicyclo[2.2.2]octan-1-ium iodide hydroiodide",毕得,250 mg,250,mg,1,194.6,not_stocked,wangxi,20230626
7583-90-6,"	1-氨基-2-甲基吡啶碘化物","	1-AMINO-2-METHYLPYRIDINIUM IODIDE",毕得,250 mg,250,mg,1,95.2,not_stocked,wangxi,20230626
6295-87-0,"	1-氨基吡啶碘",1-Aminopyridinium iodide,毕得,1 g,1,g,1,19.6,not_stocked,wangxi,20230626
24424-99-5,二碳酸二叔丁酯,Di-tert-butyl dicarbonate,毕得,100 g,100,g,1,25.2,not_stocked,wangxi,20230626
72804-96-7,"
二苯基膦酰羟胺","
O-DIPHENYLPHOSPHINYLHYDROXYLAMINE",毕得,5 g,5,g,1,37.8,running_out,wangxi,20230626
36016-39-4,"N-BOC-O-(2,4,6-三甲基苯磺酰基)羟胺","1,1-dimethylethyl [[(2,4,6-trimethylphenyl)sulphonyl]oxy]carbamate",泰坦,5 g,5,g,1,96.75,not_stocked,wangxi,20230626
35657-36-4,"	O-对硝基苯甲酰基羟胺",O-(4-nitrobenzoyl)hydroxylamine,毕得,5 g,5,g,1,35.7,not_stocked,wangxi,20230626
785-56-8,"
3,5-双三氟甲基苯甲酰氯","3,5-Bis(trifluoromethyl)benzoyl chloride",毕得,25 g,25,g,1,160.3,running_out,wangxi,20230626
329-15-7,"
4-三氟甲基苯甲酰氯","	alpha,alpha,alpha-Trifluoro-o-toluoyl chloride",毕得,25 g,25,g,1,57.4,running_out,wangxi,20230626
36016-38-3,N-羟基氨基甲酸叔丁酯,"	tert-Butyl N-hydroxycarbamate",毕得,25 g,25,g,1,28.7,not_stocked,wangxi,20230626
15177-57-8,"3,5-二氯吡啶 1-氧化物",3 5-DICHLOROPYRIDINE 1-OXIDE,毕得,1 g,1,g,1,86.1,not_stocked,chengzengrui,20230626
80866-91-7,"2-溴吡啶-1-氧化物盐酸盐
","2-Bromopyridine N-oxide hydrochloride
",伊诺凯,1 g,1,g,1,140.8,not_stocked,chengzengrui,20230626
1070663-78-3,"2(二环己基膦基)2’,4’,6’三异丙基3,6二甲氧基联苯",BrettPhos,百灵威,5 g,5,g,1,343.8,not_stocked,chengzengrui,20230626
920-66-1,"1,1,1,3,3,3-六氟丙-2-醇"," 1,1,1,3,3,3-Hexafluoropropan-2-ol",毕得,500G,500,g,1,193.2,running_out,wangxi,20230626
657-05-6,2-氯-5-(三氟甲基)苯甲酰氯,2-Chloro-5-(trifluoromethyl)benzoyl chloride,毕得,5g,5,g,1,196.7,not_stocked,sulingyu,20230626
3970-35-2,2-氯-3-硝基苯甲酸,2-Chloro-3-nitrobenzoic acid,毕得,5g,5,g,1,74.9,not_stocked,sulingyu,20230626
109-12-6,2-氨基嘧啶 ,Pyrimidin-2-amine,毕得,10g,10,g,1,17.5,running_out,shihongwei,20230626
98-98-6,2-吡啶甲酸 ,2-Picolinic acid,罗恩,25g,25,g,1,25.65,running_out,shihongwei,20230626
149849-92-3,2-氯嘧啶-4-甲酸 ,2-Chloropyrimidine-4-carboxylic acid,毕得,1g,1,g,1,39.2,not_stocked,xuyue,20230626
4684-94-0,6-氯吡啶-2-甲酸 ,6-Chloropicolinic acid,毕得,5g,5,g,1,18.2,not_stocked,xuyue,20230626
295349-62-1,2-氯异烟酸叔丁酯 ,tert-Butyl 2-chloroisonicotinate,毕得,1g,1,g,1,32.2,not_stocked,xuyue,20230626
14268-66-7,"苯并[d][1,3]二氧杂环戊烯-5-胺 ","Benzo[d][1,3]dioxol-5-amine",毕得,1g,1,g,1,19.6,not_stocked,xuyue,20230626
6457-49-4,"4-哌啶甲醇
","4-Piperidinemethanol
","	毕得",100g,100,g,1,151,not_stocked,zhuminghui,20230626
108-21-4,"乙酸异丙酯
",Ispropyl acetate AR,麦克林,500 mL*3,500,ml,3,49,not_stocked,zhuminghui,20230626
618-87-1,"	3,5-二硝基苯胺","3,5-DINITROANILINE
",阿拉丁,5g,5,g,1,990,not_stocked,zhuminghui,20230627
118527-30-3,"2,6-双(三氟甲基)溴苯"," 2-Bromo-1,3-bis(trifluoromethyl)benzene",毕得,25g,25,g,1,408,not_stocked,zhuminghui,20230627
606-22-4,"2,6-二硝基苯胺","	2,6-Dinitroaniline
",阿拉丁,10g,10,g,1,440,not_stocked,zhuminghui,20230627
24821-17-8,2-硝基-6-(三氟甲基)苯胺, 2-Nitro-6-(trifluoromethyl)aniline,毕得,2g,2,g,1,725,not_stocked,zhuminghui,20230627
109-99-9,四氢呋喃,THF,通广,500 mL*4,500,ml,4,169,not_stocked,xuyue,20230627
1968/12/2,N，N-二甲基甲酰胺,DMF,通广,500 mL*4,500,ml,4,72,not_stocked,xuyue,20230627
123-91-1,"1,4-二氧六环",dioxane,通广,500 mL*4,500,ml,4,112,running_out,xuyue,20230627
41979-39-9,哌啶-4-酮盐酸盐,Piperidin-4-one hydrochloride,百灵威,25g,25,g,1,116.1,running_out,sulingyu,20230627
4254-15-3,"(S)-1,2-丙二醇","(S)-Propane-1,2-diol",毕得,25g,25,g,1,21.7,running_out,sulingyu,20230627
606-21-3,"	2,6-二硝基氯苯","2-Chloro-1,3-dinitrobenzene
",毕得,10g,10,g,1,897.4,high_usage,zhuminghui,20230627
402-31-3,"1,3-二(三氟甲基)苯 ","1,3-Bis(trifluoromethyl)benzene",毕得,25g,25,g,1,,high_usage,zhuminghui,20230627
88-68-6,邻氨基苯甲酰胺,2-Aminobenzamide,毕得,25g,25,g,1,14,not_stocked,huwenshu,20230629
16313-66-9,2氨基5溴苯甲酰胺,2-Amino-5-bromobenzamide,百灵威,3g,3,g,1,81.6,not_stocked,huwenshu,20230629
6131-90-4,三水合醋酸钠,Sodium acetate trihydrate,毕得,500g,500,g,1,24.5,running_out,xingyihong,20230629
10170-69-1,"	十羰基二锰",MANGANESE CARBONYL,毕得,250 mg,250,mg,1,162.4,not_stocked,wangxi,20230701
,2-氨基-5-溴吡啶,,毕得,10g,10,g,1,15.4,not_stocked,xuguofeng,20230701
,4-甲氧基氰苯,,毕得,10g,10,g,1,28,running_out,xuguofeng,20230701
,3-溴丙酮酸乙酯,,毕得,10g,10,g,1,17.5,running_out,xuguofeng,20230701
,5-氯吡嗪-2-羧酸,,毕得,5g,5,g,1,69.3,not_stocked,xuguofeng,20230701
3425-46-5,硒氰酸钾,Potassium selenocyanate,毕得,5g,5,g,1,160.3,not_stocked,zhuminghui,20230703
10117-38-1,亚硫酸钾,"
Potassiumsulfite","毕得	",500g,500,g,1,50,running_out,zhuminghui,20230703
7425-63-0,溴代丙酮酸甲酯 ,Methyl bromopyruvate,"毕得	",5 g,5,g,1,19.6,not_stocked,xuyue,20230703
95975-55-6,固甾酮,"	Guggulsterones E&Z（Z-GS和E-GS混合）",源叶,5mg,5,mg,1,400,running_out,zhaoxinyi,20230703
534-17-8,碳酸铯,Cesium carbonate,毕得,100g,100,g,1,109.2,running_out,mengjunhong,20230704
610-14-0,2-硝基苯甲酰氯,2-Nitrobenzoyl Chloride,迈瑞达,25g,25,g,1,171,running_out,huwenshu,20230704
91-65-6,"N,N-二乙基环己胺",Cyclohexylamine,毕得,1 g,1,g,1,35,not_stocked,wangxi,20230705
7560-83-0,"	N-甲基二环己基胺","N,N-Dicyclohexylmethylamine",毕得,25 g,25,g,1,19.6,not_stocked,wangxi,20230705
2039-82-9,4-溴代苯乙烯,"	4-Bromostyrene",阿拉丁,25g,25,g,1,149.52,running_out,mengjunhong,20230705
20776-51-6,2-氨基-3-溴苯甲酸,2-Amino-3-bromobenzoic acid,毕得,10g,10,g,1,83.3,not_stocked,xingyihong,20230705
20776-48-1,2-氨基-6-溴苯甲酸,2-Amino-6-bromobenzoic acid,毕得,10g,10,g,1,100.1,not_stocked,xingyihong,20230705
358-23-6,三氟甲磺酸酐, Trifluoromethanesulfonic anhydride,毕得,100g,100,g,1,120,running_out,zhuminghui,20230705
3375-31-3,醋酸钯,Palladium(II) acetate,毕得,5g,5,g,1,1582,not_stocked,zhuminghui,20230705
6737-42-4,"1,3-双(二苯基膦)丙烷 ","1,3-Bis(diphenylphosphino)propane",毕得,25g,25,g,1,33,not_stocked,zhuminghui,20230705
7073-94-1,1-溴-2-异丙基苯 ,1-Bromo-2-isopropylbenzen,毕得,25g,25,g,1,81,running_out,zhuminghui,20230705
96-76-4,"2,4-二叔丁基苯酚","	2,4-Di-tert-butylphenol
",毕得,25g,25,g,1,14,running_out,zhuminghui,20230705
86390-77-4,1-油酰基-2-乙酰基-sn-丙三醇,1-Oleoyl-2-acetyl-sn-glycerol,罗恩,5mg,5,mg,1,635.16,not_stocked,huwenshu,20230706
75-07-0,乙醛,acetaldehyde,伊诺凯,50ml,50,mL,1,130,not_stocked,zhuminghui,20230706
95-76-1,"3,4-二氯苯胺","3,4-Dichloroaniline",罗恩,25g,25,g,1,28.5,not_stocked,xingyihong,20230706
139755-83-2,西地那非柠檬酸盐,Sildenafil citrate LC,陶术,10mg,10,mg,1,113,not_stocked,huwenshu,20230706
75-07-0,乙醛THF溶液,acetaldehyde,伊诺凯,100 mL,100,mL,1,77,not_stocked,zhuminghui,20230706
3562-73-0,1-(4-联联苯基)乙醇,,毕得医药,5 g,5,g,1,163.1,running_out,wangxi,20230707
3606-45-9,二氢血根碱,Dihydrosanguinarine,陶术,1mg,1,mg,1,575.5,not_stocked,huwenshu,20230707
,5-氯吡嗪-2-羧酸甲酯,,毕得,5g,5,g,1,41.3,not_stocked,xuguofeng,20230708
,"2-碘-1,1,1-三氟乙烷",,毕得,5g,5,g,1,23.8,not_stocked,xuguofeng,20230708
,1-Boc-哌嗪,,毕得,25g,25,g,1,21.7,running_out,xuguofeng,20230708
,对羟基苯甲醛,,毕得,25g,25,g,1,14,running_out,xuguofeng,20230708
,,,毕得,25g,25,g,1,67.9,running_out,xuguofeng,20230708
,乙酸钾,,毕得,25g,25,g,1,16.1,not_stocked,xuguofeng,20230708
88-69-7,2-异丙基苯酚,2-Isopropylphenol,毕得,25g,25,g,1,40,not_stocked,zhuminghui,20230708
7073-94-1,"
1-溴-2-异丙基苯",1-Bromo-2-isopropylbenzene,毕得,25 g,25,g,1,81,running_out,zhuminghui,20230708
140-66-9,"	对特辛基苯酚","	4-tert-Octylphenol
",毕得,100G,100,g,1,22,not_stocked,zhuminghui,20230708
28994-41-4,"2-苄基苯酚
","	2-benzylphenol
	",毕得,25G,25,g,1,44,not_stocked,zhuminghui,20230708
86-96-4,"2,4-喹唑啉二酮","Quinazoline-2,4(1H,3H)-dione",欣恒研,25G,25,g,1,76,not_stocked,huwenshu,20230709
552-16-9,邻硝基苯甲酸,2-Chlorobenzeneboronic acid,Biosharp,25g,25,g,1,83.15,running_out,huwenshu,20230709
90610-65-4,,,乐研,1 g,1,g,1,724.5,not_stocked,zhangcaifang,20230709
159847-81-1,,,毕得,1 g,1,g,1,536.2,not_stocked,zhangcaifang,20230709
18595-16-9,,,毕得,10 g,10,g,1,30.1,not_stocked,zhangcaifang,20230709
2475-80-1,,,毕得,10 g,10,g,1,162.4,not_stocked,zhangcaifang,20230709
7087-68-5,,,阿拉丁,500 mL,500,mL,1,132.8,running_out,zhangcaifang,20230709
6457-49-4,,,毕得,100 g,100,g,1,151.9,running_out,zhangcaifang,20230709
195986-91-5,,,毕得,5 g,5,g,1,287,not_stocked,zhangcaifang,20230709
14667-47-1,,,毕得,10 g,10,g,1,59.5,running_out,zhangcaifang,20230709
,3-溴丙酮酸乙酯,,毕得,10g,10,g,1,17.5,running_out,xuguofeng,20230710
,2-氨基-5-溴吡啶,,毕得,10g,10,g,1,15.4,running_out,xuguofeng,20230710
,,PdCl2dppf,毕得,1g,1,g,1,107.1,running_out,xuguofeng,20230710
1663-67-8,丙二酰氯,Malonyl chloride,RHAWN/罗恩,5g,5,g,1,40.5,not_stocked,xingyihong,20230710
1109-15-5,"	三(五氟苯基)硼烷",TRIS(PENTAFLUOROPHENYL)BORANE,毕得,1 g,1,g,1,63,running_out,wangxi,20230711
17610-00-3,"3,5-二叔丁基苯甲醛 ","3,5-Di-tert-butylbenzaldehyde",毕得,25g,25,g,1,359,not_stocked,zhuminghui,20230711
75-16-1,甲基溴化镁 ,Methylmagnesium bromide,jk,100 mL,100,mL,1,44,running_out,zhuminghui,20230711
81-23-2,脱氢胆酸,Dehydrocholic acid,TCI,25g,25,g,1,312,running_out,zhaoxinyi,20230711
7424-54-6,"3,5-二庚酮
","3,5-HEPTANEDIONE
",阿拉丁,5 g,5,g,1,78.92,not_stocked,chengzengrui,20230711
1194-18-9,"1, 3-环庚二酮
","Cycloheptane-1,3-dione
",毕得医药,1 g*2,1,g,2,98,not_stocked,chengzengrui,20230711
3859-41-4,"1,3-环戊二酮
","1,3-Cyclopentanedione
",毕得医药,10 g,10,g,1,95.9,not_stocked,chengzengrui,20230711
191171-55-8,"2-氨基苯硼酸频哪醇酯
","2-Aminophenylboronic acid pinacol ester
",毕得医药,10 g,10,g,1,186.2,not_stocked,chengzengrui,20230711
79-34-5,"1,1,2,2四氯乙烷
","1,1,2,2-Tetrachloroethane
",百灵威,25 mL,25,mL,1,67.15,running_out,chengzengrui,20230711
1663-67-8,丙二酰氯,Malonyl chloride,innochem,5g,5,g,1,40.5,not_stocked,xingyihong,20230711
552-16-9,邻硝基苯甲酸,2-Chlorobenzeneboronic acid,Biosharp,100g,100,g,1,42,running_out,huwenshu,20230709
7782-49-2,硒粉 ,Selenium powder,jk,100g,100,g,1,316,running_out,zhuminghui,20230712
121-17-5,4-氯-3-硝基三氟甲苯,"4-Chloro-3-nitrobenzotrifluoride
",伊诺凯,100g,100,g,1,40,running_out,zhuminghui,20230712
429-42-5,四丁基氟硼酸铵,"	Tetrabutylammoniumtetrafluoroborate",毕得,500g,500,g,1,220.5,running_out,mengjunhong,20230712
591-51-5,"苯基锂, 1.0M乙醚溶液","Phenyllithium
",伊诺凯,100 mL,100,mL,1,279.3,not_stocked,chengzengrui,20230712
33348-34-4,4-氨基-3-碘苯腈,"	4-AMINO-2-IODOBENZONITRILE",毕得医药,10 g,10,g,1,85.4,not_stocked,chengzengrui,20230712
92-67-1,4-氨基联苯,4-Aminobiphenyl,阿拉丁,25 g,25,g,1,232,running_out,chengzengrui,20230712
1310-66-3,氢氧化锂单水合物 ,Lithium hydroxide monohydrate,jk,100g,100,g,1,250,running_out,zhuminghui,20230712
33142-21-1,2氯3氧代丙酸乙酯,2-Chloro-3-oxopropionic acid ethyl ester,Accela,5g,5,g,1,208.8,not_stocked,xuguofeng,20230713
33631-05-9,2-氨基-4-羟基吡啶,2-Aminopyridin-4-ol,毕得,5g,5,g,1,77.7,not_stocked,xuguofeng,20230713
123-91-1,"1,4-二氧六环","1,4-Dioxane",JK,500mL,500,mL,1,252.45,running_out,xuguofeng,20230713
79-34-5,"1,1,2,2-四氯乙烷 ","1,1,2,2-tetrachloroethane",RHAWN/罗恩,2*500 mL,500,ml,2,85.5,running_out,shihongwei,20230714
104-94-9,对甲氧基苯胺,p-methoxyaniline,安耐吉,100g,100,g,1,36,not_stocked,huwenshu,20230714
21324-40-3,六氟磷酸锂,"	Lithium hexafluorophosphate(V)",毕得,100g,100,g,1,140,not_stocked,mengjunhong,20230716
14283-07-9,四氟硼酸锂,"	Lithium tetrafluoroborate",毕得,100g,100,g,1,144.2,not_stocked,mengjunhong,20230716
558-32-7,"	四甲基六氟磷酸铵","Tetramethylammoniumhexafluorophosphate	",毕得,25g,25,g,1,91,not_stocked,mengjunhong,20230716
661-36-9,"	四甲基四氟硼酸铵","	Tetramethylammoniumtetrafluoroborate	",毕得,100g,100,g,1,279.3,not_stocked,mengjunhong,20230716
10294-54-9,硫酸铯 ,Cesium sulfate,毕得,25g,25,g,1,37.1,not_stocked,shihongwei,20230716
74-95-3,二溴甲烷 ,Dibromomethane,Adamas,25g,25,g,1,21.75,running_out,shihongwei,20230716
96-47-9,2-甲基四氢呋喃,2-Methyltetrahydrofuran,安耐吉,500 mL,500,mL,1,98,running_out,mengjunhong,20230717
536-50-5,1-(4-甲基苯基)-1-乙醇,1-(4-Methylphenyl)ethanol,毕得,1 g,1,g,1,19.6,running_out,wangxi,20230717
7287-81-2,1-(间甲苯基)乙醇,alpha-3-dimethylbenzyl alcohol,毕得,100 mg,100,mg,1,40.6,not_stocked,wangxi,20230717
3391/10/4,1-(4-氯苯基)乙醇,1-(4-Chlorophenyl)ethanol,毕得,5 g,5,g,1,28,not_stocked,wangxi,20230717
13513-82-1,甲氧基二甲基苄甲醇,,毕得,250 mg,250,mg,1,21.7,not_stocked,wangxi,20230717
,2-乙酰基蒽,2-Acetylanthracene,罗恩,250 mg,250,mg,1,123.8,not_stocked,wangxi,20230717
,3-乙酰基菲,3-ACETYLPHENANTHRENE,阿拉丁,250 mg,250,mg,1,63.12,not_stocked,wangxi,20230717
34352-74-4,2-(4-联苯基)-2-丙醇,2-(4-Biphenylyl)-2-propanol,毕得,1 g,1,g,1,117.75,running_out,wangxi,20230717
20191-75-7,1-溴萘-2-胺,"	2-AMINO-1-BROMONAPHTHALENE",毕得,1 g,1,g,1,139.3,running_out,chengzengrui,20230718
163444-17-5,4-氨基-3-碘三氟甲苯,"4-Amino-3-iodobenzotrifluoride
",毕得,10 g,10,g,1,41.3,running_out,chengzengrui,20230718
697-90-5,"2,4-二氯-6-碘苯胺
","2,4-DICHLOROANILINE
",毕得,10 g,10,g,1,90.3,not_stocked,chengzengrui,20230718
19718-49-1,"4-氨基-3-碘苯甲酸甲酯
","Methyl 4-amino-3-iodobenzoate
",毕得,10 g,10,g,1,95.2,not_stocked,chengzengrui,20230718
544-40-1,"二丁基硫醚
","Dibutyl sulfide
",毕得,25 g,25,g,1,19.6,not_stocked,chengzengrui,20230718
38846-64-9,"2-炔苯甲醛
","2-ETHYNYLBENZALDEHYDE
",毕得,5 g,5,g,1,270.2,running_out,chengzengrui,20230718
191171-55-8,2-氨基苯硼酸频哪醇酯,"2-Aminophenylboronic acid pinacol ester
",毕得,5 g,5,g,1,93.8,not_stocked,chengzengrui,20230718
5049-61-6,,,毕得,10 g,10,g,1,21,not_stocked,zhangcaifang,20230718
20744-39-2,4-氨基哒嗪,Pyridazin-4-amine,毕得,5 g,5,g,1,205.8,not_stocked,zhangcaifang,20230718
36052-25-2,5-氨基吡啶-3-羧酸甲酯,Methyl 5-aminonicotinate,毕得,5 g,5,g,1,93.8,not_stocked,zhangcaifang,20230718
235106-53-3,"6-氨基咪唑并[1,2-A]吡啶","Imidazo[1,2-a]pyridin-6-amine",索莱宝,250 mg,250,mg,1,169.6,not_stocked,zhangcaifang,20230718
151169-75-4,3.4-二氯苯硼酸,"3,4-Dichlorophenylboronic acid",毕得,25 g,25,g,1,123.2,running_out,zhangcaifang,20230718
5513-66-6,4-氨基-2-哌啶酮,4-amino-2-piperidinot_stocked,麦克林,250 mg,250,mg,1,497.6,not_stocked,zhangcaifang,20230718
580-17-6,3-氨基喹啉,3-Aminoquinoline,阿拉丁,5 g,5,g,1,199.2,not_stocked,zhangcaifang,20230718
404-71-7,3-氟异氰酸苯酯,3-Fluorophenylisocyanate,毕得,5 g,5,g,1,85.4,not_stocked,zhangcaifang,20230718
4648-54-8,叠氮基三甲基硅烷,"Azidotrimethylsilane
",阿拉丁,25 mL,25,mL,1,123.1,running_out,chengzengrui,20230719
13965-03-2,"二(三苯基膦)氯化钯
","Bis(triphenylphosphine)palladium(II) chloride
",毕得,5 g,5,g,1,510.3,running_out,chengzengrui,20230719
396731-40-1,"3,5-二氧哌啶-1-甲酸叔丁酯","3,5-Dioxo-piperidine-1-carboxylicacidtert-butylester
",毕得,5 g,5,g,1,72.1,not_stocked,chengzengrui,20230719
,5-氯吲哚-2-羧酸乙酯,,毕得,5 g,5,g,1,32.2,not_found,xuguofeng,20230719
,苯甲酰氯,,伊诺凯,25g,25,g,1,33.52,running_out,xuguofeng,20230719
3849-21-6,2-肟氰乙酸乙酯,Ethyl cyanoglyoxylate-2-oxime,毕得,100g,100,g,1,38.5,not_stocked,xuguofeng,20230719
,2-乙酰基蒽,2-Acetylanthracene,偶合,250 mg,250,mg,1,158,not_stocked,wangxi,20230719
,"2-二-叔丁膦基-2',4',6'-三异丙基联苯",,毕得,5g,5,g,1,75.6,running_out,xuguofeng,20230719
,,,毕得,1g,1,g,1,142.8,running_out,xuguofeng,20230719
,3-溴丙酮酸乙酯,,毕得,25g,25,g,1,25.2,running_out,xuguofeng,20230725
,4-(苄氧基)吡啶-2-胺,,毕得,,,,1,311.5,not_stocked,xuguofeng,20230725
,1-(3-二甲氨基丙基)-3-乙基碳二亚胺盐酸盐,3-(3-DIMETHYLAMINOPROPYL)-1-ETHYLCARBODIIMIDE HYDROCHLORIDE,毕得,500g,500,g,1,247,degraded,zhuminghui,20230725
7087-68-5,,,jk,500 mL,500,mL,1,401,running_out,zhuminghui,20230725
,2-甲基四氢呋喃,,jk,500 mL,500,mL,1,130,running_out,xuguofeng,20230731
,氯化锰,,jk,100g,100,g,1,48.45,running_out,xuguofeng,20230731
52085-14-0,"
4-(Benzyloxy)-2-hydroxybenzaldehyde",4-苯甲氧基-2-羟基苯甲醛,毕得,5g,5,g,1,101.5,reorder,xuguofeng,20230731
4971-56-6,季酮酸,Tetronic acid,伊诺凯,1g,1,g,1,53.9,not_stocked,sunyichen,20230801
288315-03-7,"3,3-二氟三甲叉亚胺 盐酸盐","3,3-Difluoroazetidine hydrochloride",毕得,5g,5,g,1,107,not_stocked,zhaoxinyi,20230802
73183-34-3,联硼酸频那醇酯,Bis(pinacolato)diboron,毕得,25g,25,g,1,28,running_out,zhaoxinyi,20230802
95464-05-4,"	[1,1'-双(二苯基膦)二茂铁]二氯化钯二氯甲烷络合物",PdCl2(dppf)-CH2Cl2 adduct ,毕得,1g,1,g,1,119,not_stocked,zhaoxinyi,20230802
142-71-2,无水醋酸铜,Copper(II) acetate,毕得,10g,10,g,1,14,running_out,zhaoxinyi,20230802
58971-11-2,3-溴苯乙胺,3-Bromophenethylamine,毕得,10g,10,g,1,147,running_out,zhaoxinyi,20230802
88-67-5,2-碘苯甲酸,2-Iodobenzoic acid,安耐吉,100G,100,g,1,65,running_out,shihongwei,20230807
163931-61-1,四丁基二氟三苯硅酸铵,Tetrabutylammonium Difluorotriphenylsilicate,毕得,5g,5,g,1,53.9,running_out,shihongwei,20230807
1344-28-1,中性氧化铝,"Alumina FCP,100-200目",诺倍威,500g*2,500,g,2,34,common_public,wangxi,20230808
993-22-6,叠氮化四丁基铵,Tetrabutylammonium Azide,Adamas,1g,1,g,1,150.75,not_stocked,shihongwei,20230808
941-55-9,对甲苯磺酰叠氮, p-Toluenesulfonyl azide,安耐吉,25g,25,g,1,26,running_out,shihongwei,20230808
17890-55-0,"	1-苯并噻吩-2-羧酸乙酯",ETHYL BENZO[B]THIOPHENE-2-CARBOXYLATE,毕得,1g,1,g,1,84,running_out,zhaoxinyi,20230808
775-00-8,2-(4-三氟甲基苯基)乙胺,2-(4-Trifluoromethylphenyl)ethylamine,安徽泽升,1g,1,g,1,40,running_out,zhaoxinyi,20230808
55755-17-4,3-甲基苯乙胺,3-Methylphenethylamine ,迈瑞达,1g,1,g,1,174,not_stocked,zhaoxinyi,20230808
27404-31-5,苯并呋喃-3-乙胺,2-(Benzofuran-3-yl)ethanamine,欣恒研,100mg,100,mg,1,271,not_stocked,zhaoxinyi,20230808
1121-22-8,"反式-1,2-环己二胺","trans-Cyclohexane-1,2-diamine",毕得,10 g,10,g,1,28.7,not_stocked,mengjunhong,20230809
229005-80-5,TAK-779,TAK-779,陶术,1 mg,1,mg,1,352.8,not_stocked,sulingyu,20230809
23491-45-4,4-(5-[5-(4-甲基-1-哌嗪基)-2H-苯并咪唑-2-亚基]-5H-苯并咪唑-2-基)苯酚三盐酸盐,"4-(5-(4-Methylpiperazin-1-yl)-1H,1'H-[2,5'-bibenzo[d]imidazol]-2'-yl)phenol trihydrochloride",百灵威,25mg,25,mg,1,275.4,not_stocked,sulingyu,20230809
13154-24-0,"	三异丙基氯硅烷",Chlorotriisopropylsilane,毕得,100 g,100,g,1,65.1,running_out,mengjunhong,20230809
776-75-0,1-苯甲酰哌啶 ,Phenyl(piperidin-1-yl)methanot_stocked,毕得,1g,1,g,1,103.6,not_stocked,shihongwei,20230809
63148-62-9,二甲基硅油,Dimethylsilicone oil,"
欣恒研",500mL,500,mL,1,133,running_out,xingyihong,20230809
7789-78-8,氢化钙,Calcium hydride,"
安耐吉",25g,25,g,1,43,not_stocked,xingyihong,20230809
307-34-6,"	全氟辛烷","Perfluorooctane
","
安耐吉",500g*2,500,g,2,1050,not_stocked,zhuminghui,20230810
10025-87-3,三氯氧磷,Phosphorus Oxychloride,泰坦,100ml,100,mL,1,62.25,running_out,huwenshu,20230810
,3-苯基丙腈,3-苯基丙腈,安耐吉,1g,1,g,1,18,not_stocked,wangtieqiao,20230810
3375-31-3,醋酸钯,Palladium (II) Acetate,Sigma-Aldrich,1g,1,g,1,349.25,running_out,mengjunhong,20230810
775-00-8,2-(4-三氟甲基苯基)乙胺,2-(4-Trifluoromethylphenyl)ethylamine,阿拉丁,1g,1,g,1,67,not_stocked,zhaoxinyi,20230810
7440/5/3,10%钯碳,10% Pd/C,毕得,10g,10,g,1,353.5,running_out,xuguofeng,20230811
,"(3S,4S)-8-(6-氨基-5-((2-氨基-3-氯吡啶基-4-基)硫代)吡嗪-2-基)-3-甲基-2-氧杂-8-氮杂螺[4.5]癸-4-胺",,毕得,25mg,25,mg,1,665,not_stocked,xuguofeng,20230811
7704-34-9,升华硫,"Sulfur
",阿拉丁,100 g,100,g,1,73.87,running_out,chengzengrui,20230811
3867-18-3,2-乙烯基苯胺,2-Vinylaniline,"毕得	",1 g,1,g,1,231,not_stocked,chengzengrui,20230811
96556-05-7,"1,4,7-三甲基-1,4,7-三氮杂环壬烷","1,4,7-Trimethyl-1,4,7-triazonane",毕得,5 g,5,g,1,28,not_stocked,chengzengrui,20230811
7424-54-6,"3,5-庚烷二酮","Heptane-3,5-dione",毕得,5 g,5,g,1,53.9,not_stocked,chengzengrui,20230811
666-52-4,"	氘代丙酮","	ACETONE-D6
",伊诺凯,24 mL,24,mL,1,770,running_out,zhuminghui,20230813
142-71-2,无水醋酸铜(II) ,"Copper(II) acetate, anhydrous",希恩思,100g,100,g,1,20,degraded,shihongwei,20230813
7550-35-8,溴化锂 ,Lithium bromide,欣恒研,25g,25,g,1,41,degraded,shihongwei,20230813
7727-54-0,过硫酸铵 ,Ammonium persulfate,沪试,500g,500,g,1,30,degraded,shihongwei,20230813
7778-77-0,磷酸二氢钾 ,Monopotassiumphosphate,毕得医药,100g,100,g,1,19.6,degraded,shihongwei,20230813
79-34-5,"1,1,2,2-四氯乙烷 ","1,1,2,2-Tetrachloroethane",沪试,4*500mL,500,ml,4,324,not_stocked,shihongwei,20230813
7647/10/1,氯化钯,Palladium(II) chloride,Sigma-Aldrich,1g,1,g,1,721.91,running_out,zhaobinzhi,20230813
100-52-7,苯甲醛,Benzaldehyde,"
Adamas",100ml,100,mL,1,18.75,running_out,zhaobinzhi,20230813
16732-70-0,5-溴吲哚-2-甲酸乙酯,Ethyl 5-bromo-1H-indole-2-carboxylate,毕得,5g,5,g,1,54,running_out,zhaoxinyi,20230814
7642/4/8,,(Z)-Oct-2-ene,TCI,1mL,1,mL,1,315.9,not_stocked,mengjunhong,20230814
13389-42-9,反-2-辛烯,trans-2-Octene,阿拉丁,1mL,1,mL,1,204.32,not_stocked,mengjunhong,20230814
121-60-8,对乙酰胺基苯磺酰氯,N-Acetylsulfanilyl chloride,毕得,25g,25,g,1,18,running_out,zhaoxinyi,20230814
1023301-84-9,"2,7-二氮杂螺[3.5]壬烷-7-甲酸叔丁酯盐酸盐","tert-Butyl 2,7-diazaspiro[3.5]nonane-7-carboxylate hydrochloride",毕得,5g,5,g,1,254,running_out,zhaoxinyi,20230814
5006-22-4,环丁基甲酰氯,Cyclobutanecarbonyl chloride,安耐吉,5g,5,g,1,51,running_out,zhaoxinyi,20230814
10294-33-4,三溴化硼,Boron tribromide,伊诺凯,25g,25,g,1,42,running_out,shihongwei,20230814
106-49-0,,p-Toluidine,伊诺凯,100g,100,g,1,24.5,running_out,sulingyu,20230815
70-34-8,"2,4-二硝基氟苯","2,4-Dinitrofluorobenzene",Adamas,5g,5,g,1,18.75,running_out,sulingyu,20230815
111300-06-2,反-4-BOC-氨基环己醇,BOC-TRANS-4-AMINOCYCLOHEXANOL,毕得,100g,100,g,1,121.1,not_stocked,xuguofeng,20230815
,2-甲基-4-氯苯腈,,毕得,1g,1,g,1,16.8,not_stocked,xuguofeng,20230815
,"2,4-二氯苯腈","2,4-Dichlorobenzonitrile",毕得,,,,1,19.6,not_stocked,xuguofeng,20230815
25015-63-8,"4,4,5,5-四甲基-1,3,2-二氧杂环戊硼烷 ","4,4,5,5-Tetramethyl-1,3,2-dioxaborolane",毕得,10g,10,g,1,21.7,not_stocked,shihongwei,20230815
73183-34-3,"4,4,4',4',5,5,5',5'-八甲基-2,2'-bi(1,3,2-二氧杂硼烷) ","4,4,4',4',5,5,5',5'-Octamethyl-2,2'-bi(1,3,2-dioxaborolane)",毕得,25g,25,g,1,28,running_out,shihongwei,20230815
84851-56-9,4-(1-羟乙基) 苯甲酸甲酯,：Methyl 4-(1-hydroxyethyl)benzoate,毕得,250mg,250,mg,1,208,not_stocked,zhuminghui,20230815
768-56-9,"	4-苯基-1-丁烯","	4-Phenyl-1-butene",阿拉丁,5mL,5,mL,1,174.32,running_out,mengjunhong,20230815
108-91-8,环己胺,Cyclohexylamine,阿拉丁,100 mL,100,mL,1,24.8,not_stocked,wangxi,20230815
18107-18-1,(三甲基硅烷基)重氮甲烷,"	(Trimethylsilyl)diazomethane",阿拉丁,25ml,25,mL,1,288,running_out,zhuminghui,20230815
19962-06-2,(3-羟基苯基)氨基甲酸叔丁酯 ,tert-Butyl (3-hydroxyphenyl)carbamate,"毕得	",5 g,5,g,1,48.3,not_stocked,xuyue,20230816
143900-44-1,(S)-1-叔丁氧羰基-3-羟基哌啶 ,(S)-tert-Butyl 3-hydroxypiperidine-1-carboxylate,"毕得	",5 g,5,g,1,21.7,not_stocked,xuyue,20230816
7631-86-9,石英砂,Silica sand,通广,500 g x 10,500,g,10,10,not_stocked,wangxi,20230817
1968/12/2,"
N,N-二甲基甲酰胺","N,N-Dimethylformamide",伊诺凯,500 mL*5,500,ml,5,80,running_out,zhuminghui,20230817
10025-87-3,三氯氧磷,Phosphorus Oxychloride,泰坦,100ml,100,mL,1,62.25,not_stocked,huwenshu,20230810
,"三溴化硼, 1M二氯甲烷溶液","Boron tribromide, 1M in dichloromethane",伊诺凯,100ml,100,mL,1,110.6,not_stocked,huwenshu,20230810
52670-38-9,2-氨基苯炔,2-Ethynylaniline,"毕得	",5 g,5,g,1,220.5,running_out,chengzengrui,20230818
33775-94-9,"(2-碘苯基)(甲基)硫烷
",(2-Iodophenyl)(methyl)sulfane,"毕得	",5 g,5,g,1,201.6,not_stocked,chengzengrui,20230818
13080-90-5,"5-降冰片烯-2-醇
","Bicyclo[2.2.1]hept-5-en-2-ol
","毕得	",10 g,10,g,1,39.2,not_stocked,chengzengrui,20230818
493-72-1,"5-苯基环己烷-1,3-二酮
","5-Phenylcyclohexane-1,3-dione","毕得	",5 g,5,g,1,46.2,not_stocked,chengzengrui,
1666-13-3,"	二苯基二硒醚","	Diphenyl diselenide",伊诺凯,25G,25,g,1,325.5,running_out,mengjunhong,20230818
,"1-甲基-4-(4,4,5,5-四甲基-1,3,2-二氧杂戊硼烷-2-基)-1H-吡唑",1-Methyl-4-pyrazole boronic acid pinacol ester,"毕得	",1g,1,g,1,14,not_stocked,xuguofeng,20230818
,1-甲基吡唑-3-硼酸频哪醇酯,,"毕得	",1g,1,g,1,71.4,not_stocked,xuguofeng,20230818
,1-甲基-1H-吡唑-5-硼酸频哪醇酯,1-Methyl-1H-pyrazole-5-boronic acid pinacol ester,"毕得	",1g,1,g,1,16.8,not_stocked,xuguofeng,20230818
7446-70-0,无水氯化铝,Aluminium chloride,安耐吉,100 g,100,g,1,30,running_out,mengjunhong,20230818
133463-88-4,"2,2'-双((4S)- 4 -苄基- 2 -恶唑啉) ","2,2'-Bis[(4S)-4-Benzyl-2-Oxazoline]",毕得,100 mg,100,mg,1,56.7,not_stocked,shihongwei,20230818
131457-46-0,"(S,S)-2,2’-异丙亚基双(4-苯基-2-噁唑啉)"," (4S,4S)-2,2-(Propane-2,2-diyl)bis(4-phenyl-4,5-dihydrooxazole)",毕得,100 mg,100,mg,1,37.1,not_stocked,shihongwei,20230818
131833-97-1,"(4R,4'R)-2,2'-(丙烷-2,2-二基)双(4-(叔丁基)-4,5-二氢噁唑) ","(4R,4'R)-2,2'-(Propane-2,2-diyl)bis(4-(tert-butyl)-4,5-dihydrooxazole)",毕得,100 mg,100,mg,1,100.08,not_stocked,shihongwei,20230818
1639791-77-7,"4S,4'S)-2,2'-(环戊烷-1,1-二基)双(4-苯基-4,5-二氢恶唑) ","(4S,4'S)-2,2'-(Cyclopentane-1,1-diyl)bis(4-phenyl-4,5-dihydrooxazole)
",毕得,100 mg,100,mg,1,137.2,not_stocked,shihongwei,20230818
176706-98-2,"(4S,4'S)-2,2'-异丙亚基双(4-苄基-2-噁唑啉) ","2,2-Bis[(4S)-4-benzyl-2-oxazolin-2-yl]propane",毕得,250mg,250,mg,1,98,not_stocked,shihongwei,20230818
36697-72-0,"2,2-双(2-噁唑啉) ","4,4',5,5'-Tetrahydro-2,2'-bioxazole",毕得,250mg,250,mg,1,46.9,not_stocked,shihongwei,20230818
60992-98-5,"4-(4-氟苯基)苯甲醛
","4'-Fluoro-[1,1'-biphenyl]-4-carboxaldehyde",安耐吉,5g,5,g,1,661,not_stocked,zhuminghui,20230819
,4-(2-溴苯基)苯乙酮," 1-(4'-Bromo-[1,1'-biphenyl]-4-yl)ethanot_stocked",毕得,10g,10,g,1,83,not_stocked,zhuminghui,20230819
80565-30-6,"4'-氯联苯-4-甲醛
",4'-Chlorobiphenyl-4-carbaldehyde,毕得,5G,5,g,1,186,not_stocked,zhuminghui,20230819
9003-56-9,丙烯腈-丁二烯-苯乙烯三元共聚物,Acrylonitrile-butadiene-styrene terpolymer,阿拉丁,100G,100,g,1,63.92,not_stocked,zhaobinzhi,20230821
1072-97-5,2-氨基-5-溴吡啶,5-Bromopyridin-2-amine,毕得,25g,25,g,1,19.6,not_stocked,huwenshu,20230821
13535-01-8,3-氨基-5-溴吡啶,5-Bromopyridin-3-amine,毕得,25g,25,g,1,97.3,not_stocked,huwenshu,20230821
9003-54-7,,,阿拉丁,100g,100,g,1,68.72,not_stocked,zhaobinzhi,20230821
9003-55-8,聚苯乙烯丁二烯共聚物,,"
Adamas",100g,100,g,1,26.25,not_stocked,zhaobinzhi,20230821
7782-61-8,硝酸铁(III) 九水合物,Ferric nitrate nonahydrate,伊诺凯,500g,500,g,1,35,running_out,mengjunhong,20230821
25135-51-7,聚砜,Polysulfone,Adamas,25g,25,g,1,70.5,not_stocked,admin,20230821
31533-76-3,聚苯醚,Polyphenyl ether,"
罗恩",25g,25,g,1,65.95,not_stocked,admin,20230821
9003/1/4,聚丙烯酸,Poly(Acrylic Acid),Adamas,100g,100,g,1,28.5,not_stocked,admin,20230821
6291-84-5,"N-甲基-1,3-丙二胺","N-Methylpropane-1,3-diamine",毕得,25G,25,g,1,28.7,not_stocked,huwenshu,20230821
,2-羟基-1-萘甲酸,2-Hydroxy-1-naphthoic Acid,安耐吉,5g,5,g,1,31,not_stocked,huwenshu,20230821
88284-48-4,2-(三甲基甲硅烷基)苯基三氟甲磺酸酯 ,2-(Trimethylsilyl)phenyl trifluoromethanesulfonate,毕得,5G,5,g,1,91.7,not_stocked,tanhui,20230821
236389-21-2,"9,9-螺二芴-2-硼酸 ","9,9'-Spirobifluorene-2-boronic Acid",毕得,1g,1,g,1,64.4,running_out,tanhui,20230821
171364-84-4,"2,4,6-三甲基苯硼酸频哪醇酯 ","4,4,5,5-Tetramethyl-2-(2,4,6-trimethylphenyl)-1,3,2-dioxaborolane",毕得,1g,1,g,1,56.7,not_stocked,tanhui,20230821
214360-66-4,4-叔丁基苯硼酸频那醇酯," 2-(4-(tert-Butyl)phenyl)-4,4,5,5-tetramethyl-1,3,2-dioxaborolane",毕得,5 g,5,g,1,53.9,not_stocked,tanhui,20230821
5810-42-4,四丙基氯化铵 ,Tetrapropyl ammonium chloride,毕得,5G,5,g,1,27,not_stocked,tanhui,20230821
179324-69-7,[(1R)-3-甲基-1-[[(2S)-1-氧-3-苯基-2-[(吡嗪甲酰)氨基]丙基]氨基]丁基]硼酸, ((R)-3-Methyl-1-((S)-3-phenyl-2-(pyrazine-2-carboxamido)propanamido)butyl)boronic acid,毕得,100mg,100,mg,1,142.1,not_stocked,tanhui,20230821
149682-75-7,N-叔丁氧羰基吡咯烷-2-硼酸 ,1-N-Boc-Pyrrolidin-2-ylboronic acid,毕得,1g,1,g,1,39.9,not_stocked,tanhui,20230821
280-57-9,"1,4-二氮杂双环[2,2,2]辛烷"," 1,4-Diazabicyclo[2.2.2]octane",毕得,100G,100,g,1,19.6,running_out,tanhui,20230821
3109-63-5,四丁基六氟磷酸铵 ,Tetrabutylammonium hexafluorophosphate(V),毕得,100G,100,g,1,83.3,running_out,tanhui,20230821
900503-08-4,"8-叔丁氧羰基-8-氮杂双环[3.2.1]辛-2-烯-3-硼酸频哪醇酯
"," tert-Butyl 3-(4,4,5,5-tetramethyl-1,3,2-dioxaborolan-2-yl)-8-azabicyclo[3.2.1]oct-3-ene-8-carboxylate",毕得,1g,1,g,1,171.5,not_stocked,tanhui,20230821
287944-10-9,1-环戊烯硼酸频哪醇酯, 1-Cyclopenteneboronic acid pinacol,毕得,1g,1,g,1,31.5,not_stocked,tanhui,20230821
680596-79-6,"1,4-二氧杂-螺[4,5]癸-7-烯-8-硼酸频哪醇酯 
","4,4,5,5-Tetramethyl-2-(1,4-dioxaspiro[4.5]dec-7-en-8-yl)-1,3,2-dioxaborolane",毕得,5G,5,g,1,88.9,not_stocked,tanhui,20230821
3088-79-7,正十二烷硼酸, Dodecylboronic acid,毕得,1g,1,g,1,86.1,not_stocked,tanhui,20230821
1126522-69-7,9-苯基-9H-咔唑-3-硼酸哪醇酯," 9-Phenyl-3-(4,4,5,5-tetramethyl-1,3,2-dioxaborolan-2-yl)-9H-carbazole",毕得,5G,5,g,1,44.1,not_stocked,tanhui,20230821
5467-74-3,4-溴苯硼酸 ,(4-Bromophenyl)boronic acid,毕得,5G,5,g,1,17.5,running_out,tanhui,20230821
100622-34-2,9-蒽硼酸 ,9-Anthraceneboronic acid,毕得,1g,1,g,1,56.7,not_stocked,tanhui,20230821
108847-20-7,二苯并噻吩-4-硼酸 ,4-Dibenzothiopheneboronic acid,毕得,5G,5,g,1,44.1,running_out,tanhui,20230821
42599-16-6,反-1-辛烯-1-基硼酸, (E)-Oct-1-en-1-ylboronic acid,毕得,250mg,250,mg,1,88.9,not_stocked,tanhui,20230821
532-31-0,苯甲酸银, Silver(I) benzoate,毕得,5g,5,g,1,45.5,not_stocked,shihongwei,20230821
532-32-1,苯甲酸钠 ,Sodium benzoate,毕得,25g,25,g,1,14,not_stocked,shihongwei,20230821
553-54-8,苯甲酸锂 ,Lithium benzoate,毕得,5g,5,g,1,35.7,not_stocked,shihongwei,20230821
2142-69-0,1-(2-溴苯基)乙酮 ,2'-Bromoacetophenot_stocked,毕得,25g,25,g,1,82,not_stocked,zhuminghui,20230822
7287-82-3,1-(2-甲基苯基)乙醇 ,1-(2-Methylphenyl)ethanol,毕得,5g,5,g,1,65,not_stocked,zhuminghui,20230822
5379-16-8,"3,5-二甲基苯乙酮 ","1-(3,5-Dimethylphenyl)ethanot_stocked",毕得,10 g,10,g,1,44,not_stocked,zhuminghui,20230822
666-52-4,"	氘代丙酮","	ACETONE-D6
",伊诺凯,24 mL,24,mL,1,770,running_out,zhuminghui,20230822
99769-19-4,间甲氧羰基苯硼酸 ,3-(Methoxycarbonyl)phenylboronic acid,毕得,25 g,25,g,1,129,running_out,zhuminghui,20230822
,"1-甲基-1,2,3,4-四氢异喹啉 ","1-Methyl-1,2,3,4-tetrahydroisoquinoline",毕得,5g,5,g,1,23.1,not_stocked,xuyue,20230823
1762-95-4,硫氰酸铵 ,Ammonium thiocyanate,毕得,100g,100,g,1,14.7,not_stocked,xuyue,20230823
14446-75-4,"顺式-3,5-二甲基哌啶 ","(3R,5S)-rel-3,5-Dimethylpiperidine",毕得,250mg,250,mg,1,154.7,not_stocked,xuyue,20230823
532-55-8,苯甲酰基异硫氰酸酯 ,Benzoyl isothiocyanate,毕得,5g,5,g,1,21,not_stocked,xuyue,20230823
99768-12-4,对甲氧羰基苯硼酸,(4-(Methoxycarbonyl)phenyl)boronic,毕得,5 g,5,g,1,23.1,not_stocked,wangxi,20230823
7087-68-5,"N,N-二异丙基乙胺","N,N-Diisopropylethylamine",MREDA, 100 mL,100,mL,1,27.5,running_out,wangxi,20230823
557-66-4,一乙胺盐酸盐, Ethanamine hydrochloride,毕得,25g,25,g,1,14,not_stocked,zhaoxinyi,20230823
63488-10-8,"	4-叔丁基苯基溴化镁","	4-TERT-BUTYLPHENYLMAGNESIUM BROMIDE
",jk,100ml,100,mL,1,672,not_stocked,zhuminghui,20230823
123-72-8,正丁醛,Butyraldehyde,伊诺凯,100 mL,100,mL,1,21,degraded,zhuminghui,20230823
124-13-0,"	正辛醛","	Octanal
",毕得,25g,25,g,1,23,not_stocked,zhuminghui,20230823
21351-79-1,氢氧化铯 ,Cesium Hydroxide,Adamas,1g,1,g,1,23.25,not_stocked,shihongwei,20230823
35103-79-8,"氢氧化铯,一水合物 ",Cesium hydroxide monohydrate,罗恩,10g,10,g,1,28.9,running_out,shihongwei,20230823
7727-54-0,过硫酸胺, Ammonium Persulfate,聚合美,25g,25,g,1,117,not_stocked,shihongwei,20230823
9037-24-5,Amberlyst 15离子交换树脂,Amberlyst 15 ion-exchange resin,麦克林,5g,5,g,1,25.57,not_stocked,yanglicheng,20230823
631-61-8,乙酸铵," Ammonium acetate, 98%, for analysis",Amethyst,500g,500,g,1,54,running_out,tanhui,20230825
108-90-7,氯代苯,Chlorobenzene,通广,500mL,500,mL,1,34.5,running_out,chengzengrui,20230825
3240-34-4,碘苯二乙酸,(Diacetoxyiodo)benzene,"毕得	",100g,100,g,1,79.1,running_out,chengzengrui,20230825
769-42-6,"1,3-二甲基巴比妥酸","1,3-Dimethylbarbituric acid
",Adamas,25g,25,g,1,22.4,not_stocked,chengzengrui,20230825
42858-60-6,"3,5-二氧代环己烷羧酸
","3,5-Dioxocyclohexanecarboxylic acid","毕得	",5 g,5,g,1,291.9,not_stocked,chengzengrui,20230825
458-37-7,"(1E,6E)-1,7-双(4-羟基-3-甲氧基苯基)庚-1,6-二烯-3,5-二酮","(1E,6E)-1,7-Bis(4-hydroxy-3-methoxyphenyl)hepta-1,6-diene-3,5-dione","毕得	",10 g,10,g,1,19.6,not_stocked,chengzengrui,20230825
16872-11-0,四氟硼酸," Tetrafluoroboric acid 	48 wt. % in H2O",安耐吉,500g,500,g,1,52.2,running_out,tanhui,20230825
64-19-7,"	冰乙酸","	Acetic acid",通广,4*500mL,500,ml,4,64,running_out,mengjunhong,20230825
109-89-7,二乙胺,Diethylamine,安耐吉,100ml,100,mL,1,27.5,running_out,huwenshu,20230825
153898-63-6,"2-碘-5-甲氧基苯胺
","2-Iodo-5-methoxyaniline
","毕得	",5g,5,g,1,343.7,not_stocked,chengzengrui,20230825
,,,毕得,5g,5,g,1,37.1,not_stocked,zhaobinzhi,20230825
316131-01-8,,"3,3-Difluoropyrrolidine",毕得,1g,1,g,1,490,not_stocked,zhangcaifang,20230827
936909-11-4,3-甲基氮杂环丁烷-3-甲腈,3-Methylazetidine-3-carbonitrile,毕得,250 mg,250,mg,1,333.9,not_stocked,zhangcaifang,20230827
4831-43-0,"3,3-二甲基吡咯烷-2-酮 ","3,3-Dimethylpyrrolidin-2-one",毕得,250mg,250,mg,1,119.7,not_stocked,shihongwei,20230828
1124-11-4,"2,3,5,6-四甲基吡嗪 ","2,3,5,6-Tetramethylpyrazine",毕得,5g,5,g,1,13.3,not_stocked,shihongwei,20230828
7440-50-8,纳米铜粉, Copper,麦克林,1g,1,g,1,31.16,not_stocked,shihongwei,20230828
1975/9/2,超干二氯甲烷,Dichloromethane,"
安耐吉",500mL,500,mL,1,68,not_stocked,xingyihong,20230828
,,,毕得,1g,1,g,1,141.4,not_stocked,xuguofeng,20230829
,2-氟苯腈,,毕得,5g,5,g,1,10.5,running_out,xuguofeng,20230829
,3-氰基吡啶,,毕得,25g,25,g,1,16.1,not_stocked,xuguofeng,20230829
,2-氰基吡啶,,毕得,25g,25,g,1,14,not_stocked,xuguofeng,20230829
352-11-4,4-氟苄氯,1-(Chloromethyl)-4-fluorobenzene,毕得,25g,25,g,1,21,not_stocked,huwenshu,20230830
6457-49-4,4-羟甲基哌啶,4-Piperidinemethanol,毕得,100g,100,g,1,147,running_out,xuguofeng,20230830
,氯磺酰异氰酸酯,Chlorosulfonyl isocyanate,安耐吉,100G,100,g,1,67.5,not_stocked,mengjunhong,20230831
,"1-(甲氧基甲基)-4-(4,4,5,5-四甲基-1,3,2-二氧硼杂环戊烷-2-基)-1H-吡唑","1-(Methoxymethyl)-4-(4,4,5,5-tetramethyl-1,3,2-dioxaborolan-2-yl)-1H-pyrazole",毕得医药,250 mg,250,mg,1,268.8,not_stocked,zhangcaifang,20230831
,"N,N-二甲基-2-(4-(4,4,5,5-四甲基-1,3,2-二氧硼杂环戊烷-2-基)-1H-吡唑-1-基)乙胺","N,N-Dimethyl-2-(4-(4,4,5,5-tetramethyl-1,3,2-dioxaborolan-2-yl)-1H-pyrazol-1-yl)ethanamine",毕得医药,1 g,1,g,1,217.7,not_stocked,zhangcaifang,20230831
,"3,3-二氟三甲叉亚胺 盐酸盐","3,3-Difluoroazetidine hydrochloride",毕得医药,1 g,1,g,1,30.1,running_out,zhangcaifang,20230831
,3-氨基苯并呋喃-2-甲酸甲酯,Methyl 3-amino-2-benzo[b]furancarboxylate,毕得医药,5 g,5,g,1,631.4,not_stocked,zhangcaifang,20230831
,6-氯哒嗪-3-甲酸甲酯,Methyl 6-chloropyridazine-3-carboxylate,毕得医药,100 g,100,g,1,756.7,not_stocked,zhangcaifang,20230831
,"7-氨基-呋喃并[2,3-B]吡嗪-6-羧酸甲酯","Ethyl 7-aminofuro[2,3-b]pyrazine-6-carboxylate",毕得医药,5 g,5,g,1,893.9,not_stocked,zhangcaifang,20230831
708-06-5,2-羟基-1-萘甲醛,2-Hydroxy-1-naphthaldehyde,毕得,5G,5,g,1,19.6,not_stocked,huwenshu,20230831
,苯基三甲基溴化铵 ,Trimethylphenylammonium bromide,毕得,5G,5,g,1,14,not_stocked,tanhui,20230831
,叔丁基苯基碳酸酯, tert-Butyl phenyl carbonate,毕得,10g,10,g,1,23,not_stocked,tanhui,20230831
,双三甲基硅基氨基锂,LiHMDS,百灵威,100m?l,,,1,198,running_out,zhuminghui,20200831
,,Methyl 3-amino-5-phenylthiophene-2-carboxylate,毕得医药,5 g,5,g,1,61.6,not_stocked,zhangcaifang,20230903
,"3-氨基硫杂环丁烷 1,1-二氧化物 盐酸盐","3-Aminothietane 1,1-dioxide hydrochloride",毕得医药,250 mg,250,mg,1,427,not_stocked,zhangcaifang,20230903
,3-氨基苯并[b]噻吩-2-羧酸甲酯,Methyl 3-aminobenzo[b]thiophene-2-carboxylate,毕得医药,10 g,10,g,1,186.9,not_stocked,zhangcaifang,20230903
,2-碘-3-甲基苯胺,2-Iodo-3-methylaniline,毕得医药,1 g*2,1,g,2,205.8,not_stocked,chengzengrui,20230903
,辛酸铑,Rhodium(II) Octanoate Dimer,毕得医药,100 mg,100,mg,1,196,not_stocked,chengzengrui,20230903
,"1-溴萘-2-胺
",1-Bromonaphthalen-2-amine,毕得医药,1 g*2,1,g,2,113.4,running_out,chengzengrui,20230903
25038-32-8,,,麦克林,5g,5,g,1,30.4,not_stocked,zhaobinzhi,20230903
25119-62-4,聚(苯乙烯-co-丙烯醇),Poly(Styrene-Co-Allyl Alcohol),"
Adamas",100g,100,g,1,100.8,not_stocked,zhaobinzhi,20230903
9011-13-6,聚苯乙烯马来酸酐共聚物,Styrene Maleic Anhydride Copolymer,"
Adamas",5g,5,g,1,39.75,not_stocked,zhaobinzhi,20230903
,,1-Bromo-4-tert-butylbenzene,,,,,1,23.7,not_stocked,admin,20230903
,,"
4-Fluorobenzoyl chloride",,,,,1,26.95,not_stocked,admin,20230903
,,,,,,,1,89.6,not_stocked,admin,20230903
,,,,,,,1,37.8,not_stocked,admin,20230903
,对氯苯腈,,,25g,25,g,1,19.6,not_stocked,xuguofeng,20230904
,2-甲基-5-(三氟甲基)苯甲腈,,,1g,1,g,1,203,not_stocked,xuguofeng,20230904
,2-三氟甲基苯腈,,,1g,1,g,1,17.5,not_stocked,xuguofeng,20230904
5959-52-4,3-氨基-2-萘甲酸,3-Amino-2-naphthoic acid,,5g,5,g,1,237.3,not_stocked,xingyihong,20230904
4919-43-1,1-氨基-2-萘甲酸,1-Amino-2-naphthoic acid,,1g*3,1,g,3,875.7,not_stocked,xingyihong,20230904
64085-52-5,"5-溴-2-碘苯胺
","5-Bromo-2-iodoaniline
",,20 g,20,g,1,56,not_stocked,chengzengrui,20230904
2158-14-7,"4-乙酰氨基苯磺酰叠氮
","4-Acetamidobenzenesulfonyl azide
",,10g,10,g,1,86.1,running_out,chengzengrui,20230904
708-06-5,2-羟基-1-萘甲醛,2-Hydroxy-1-naphthaldehyde,毕得,5G,5,g,1,19.6,not_stocked,huwenshu,20230831
2613-89-0,苯丙二酸,Phenylmalonic acid,阿拉丁,5g,5,g,1,37.37,not_stocked,xingyihong,20230904
4358-87-6,2-羟基-2-苯基乙酸甲酯,"	Methyl DL-mandelate",毕得,10g,10,g,1,21.7,not_stocked,wangxi,20230904
115-46-8,"	α,α-二苯基-4-哌啶甲醇","	alpha,alpha-Diphenyl-4-piperidinomethanol",安耐吉,5g,5,g,1,18,not_stocked,wangxi,20230904
16740-73-1,1-(5-溴-2-甲氧基苯基)-乙酮,1-(5-Bromo-2-methoxyphenyl)ethanot_stocked,毕得,1g,1,g,1,19.6,not_stocked,wangxi,20230904
1450-76-6,2-羟基-5-硝基苯乙酮,"	2'-HYDROXY-5'-NITROACETOPHEnot_stocked",毕得,1g,1,g,1,16.1,not_stocked,wangxi,20230904
6781-42-6,"1,3-二乙酰基苯","1,3-Diacetylbenzene",毕得,1g,1,g,1,25.2,not_stocked,wangxi,20230904
90843-31-5,"5-乙酰基-2,3-二氢苯并呋喃 ","5-Acetyl-2,3-dihydrobenzo[b]furan",毕得,1 g,1,g,1,25.2,not_stocked,wangxi,20230904
42017-89-0,"	2-(4-(4-氯苯甲酰)苯氧基)-2-甲基丙酸","	2-(4-(4-Chlorobenzoyl)phenoxy)-2-methylpropanoic acid",毕得,5g,5,g,1,14.7,not_stocked,wangxi,20230904
14660-52-7,5-溴戊酸乙酯,Ethyl 5-bromovalerate,毕得,5g,5,g,1,18,not_stocked,zhaoxinyi,20230904
1975/5/8,乙腈,Acetonitrile,通广,500ml,500,mL,1,33,running_out,pengjing,20230904
110-82-7,环己烷,Cyclohexane,通广,500ml,500,mL,1,93,running_out,pengjing,20230905
18027-10-6,三甲基硅醇钠,"SODIUM TRIMETHYLSILANOLATE
",伊诺凯,1g,1,g,1,71.92,not_stocked,chengzengrui,20230905
14062-05-6,"N,N'-双(对甲苯磺酰基)肼
","N,N'-Bis(p-toluenesulfonyl)hydrazine",毕得,5g,5,g,1,107.8,not_stocked,chengzengrui,20230905
31930-36-6,"(Z)-3-碘丙烯酸乙酯
","(Z)-Ethyl 3-iodoacrylate
",毕得,5g,5,g,1,304.5,not_stocked,chengzengrui,20230905
95124-07-5,"炔丙基丙二酸二甲酯
",Dimethyl propargylmalonate,毕得,5g,5,g,1,60.2,not_stocked,chengzengrui,20230905
7758-89-6,氯化亚铜,Copper(I) chloride,欣恒研,5 g,5,g,1,92,not_stocked,wangxi,20230905
67-56-1,"甲醇, HPLC级",MeOH,通广,4L,4,L,1,75,running_out,xuguofeng,20230905
1975/5/8,"乙腈, HPLC级",MeCN,通广,4L,4,L,1,190,running_out,xuguofeng,20230905
1666-13-3,"	二苯基二硒醚","	Diphenyl diselenide",伊诺凯,25G,25,g,1,325.5,running_out,mengjunhong,20230905
109-55-7,"N,N-二甲基-1,3-丙二胺",99% 3-Dimethylaminopropylamine,伊诺凯,35ml,35,mL,1,16.8,not_stocked,xuyue,20230905
,高抗冲聚苯乙烯HIPS,HIPS,麦克林,500g,500,g,1,70.4,not_stocked,zhaobinzhi,20230905
236406-55-6,"2-叔丁氧羰基-2,7-二氮杂螺[3.5]壬烷","2-(tert-Butoxycarbonyl)-2,7-diazaspiro[3.5]nonane",毕得,,,,1,220.5,running_out,pengjing,20230905
309956-78-3,(R)-3-Boc-氨基哌啶 ,(R)-tert-Butyl piperidin-3-ylcarbamate,毕得,5g,5,g,1,24.5,not_stocked,xuyue,20230906
14268-66-7,"苯并[d][1,3]二氧杂环戊烯-5-胺 ","Benzo[d][1,3]dioxol-5-amine",毕得,5g,5,g,1,19.6,running_out,xuyue,20230906
87-13-8,乙氧基甲叉丙二酸二乙酯,Diethyl 2-(ethoxymethylene)malonate,欣恒研,"
25g",25,g,1,33.25,not_stocked,xingyihong,20230907
,,2-Iodo-3-methylaniline,,1 g,1,g,1,205.8,running_out,admin,20230907
532-27-4,2-氯苯乙酮,,,25g,25,g,1,63.92,not_stocked,admin,20230907
5394-63-8,"2,2,6-三甲基-1,3-二氧(杂)芑-酮","2,2,6-Trimethyl-4H-1,3-dioxin-4-one",,25 g,25,g,1,25.2,running_out,admin,20230907
3695-00-9,4-甲基-N-甲苯磺酰基苯磺酰胺,4-Methyl-N-tosylbenzenesulfonamide,,1 g,1,g,1,192.5,not_stocked,admin,20230907
21906-31-0,"1-(2-溴苯基)-丙基-2-酮
",1-(2-Bromophenyl)propan-2-one,,10 g,10,g,1,138.6,not_stocked,admin,20230907
7789-45-9,溴化铜(II) ,Copper(II) bromide,百灵威J&K,100g,100,g,1,96.05,running_out,shihongwei,20230908
7720-39-0,2-氨基咪唑,1H-Imidazol-2-amine,毕得医药,1g,1,g,1,80.5,not_stocked,huangyilei,20230910
2179072-33-2,"1-(氟磺酰基)-2,3-二甲基-1H-咪唑-3-鎓三氟甲磺酸盐 ","1-(Fluorosulfonyl)-2,3-dimethyl-1H-imidazol-3-ium trifluoromethanesulfonate
",毕得医药,1g,1,g,1,57.4,not_stocked,huangyilei,20230910
64297-64-9,2-碘酰苯甲酸 ,2-Iodylbenzoic Acid,Adamas,25g,25,g,1,58.4,not_stocked,shihongwei,20230911
142-28-9,"1,3-二氯丙烷","1,3-Dichloropropane
",innochem,100 g,100,g,1,61.6,not_stocked,admin,20230911
,,,,100 mL,100,mL,1,411.92,running_out,admin,20230911
,,,,,,,1,468.3,running_out,admin,20230911
,,,Amethyst,,,,1,123.25,running_out,admin,20230911
598-21-0,"溴乙酰溴
",Bromoacetyl bromide,Amethyst,,,,1,57.8,running_out,admin,20230911
,,,admas,25 g,25,g,1,95.2,not_stocked,admin,20230911
18917-89-0,水杨酸镁,Magnesium salicylate,"	源叶",500g,500,g,1,120,not_stocked,mengjunhong,20230911
41404-58-4,2-溴-5-氟吡啶, 2-Bromo-5-fluoropyridine,毕得医药,5g,5,g,1,25.2,not_stocked,shihongwei,20230911
107351-82-6,2-溴-5-苯基吡啶 ,2-Bromo-5-phenylpyridine,毕得医药,1g,1,g,1,100.01,not_stocked,shihongwei,20230911
34784-02-6,3-溴异喹啉 ,3-Bromoisoquinoline,毕得医药,1g,1,g,1,86.1,not_stocked,shihongwei,20230911
40473-01-6,2-溴-5-氯吡啶 ,2-Bromo-5-chloropyridine,毕得医药,10g,10,g,1,18.9,not_stocked,shihongwei,20230911
39856-56-9,"6-溴-N,N-二甲基吡啶-3-胺"," 6-Bromo-N,N-dimethylpyridin-3-amine",毕得医药,1g,1,g,1,204.4,not_stocked,shihongwei,20230911
55717-45-8,6-溴吡啶-3-醇 ,6-Bromopyridin-3-ol,毕得医药,5g,5,g,1,33.6,not_stocked,shihongwei,20230911
105170-27-2,2-溴-5-甲氧基吡啶 ,2-Bromo-5-methoxypyridine,毕得医药,5g,5,g,1,50.4,not_stocked,shihongwei,20230911
98-80-6,苯硼酸 ,Phenylboronic acid,毕得医药,100g,100,g,1,94.5,running_out,shihongwei,20230911
24100-18-3,2-溴-3-甲氧基吡啶 ,2-Bromo-3-methoxypyridine,毕得医药,5g,5,g,1,53.9,not_stocked,shihongwei,20230911
89488-29-9,2-溴-4-甲氧基吡啶, 2-Bromo-4-methoxypyridine,毕得医药,1g,1,g,1,51.1,not_stocked,shihongwei,20230911
17933-03-8,3-甲基苯硼酸 ,m-Tolylboronic acid,毕得医药,25g,25,g,1,52.5,running_out,shihongwei,20230911
10365-98-7,3-甲氧基苯硼酸 ,3-methoxyphenylboronic acid,毕得医药,25g,25,g,1,45.5,running_out,shihongwei,20230911
5466/6/8,3-巯基丙酸乙酯,Ethyl 3-mercaptopropanoate,毕得,5g,5,g,1,23,not_stocked,zhaoxinyi,20230912
7425-63-0,溴代丙酮酸甲酯 ,Methyl bromopyruvate,毕得,25g,25,g,1,45,running_out,xuyue,20230912
459789-99-2,奥贝胆酸,Obeticholic Acid,毕得,1g,1,g,1,189.7,not_stocked,mengjunhong,20230912
941-98-0,"1-乙酰萘
","1'-Acetonaphthone
",毕得,25g,25,g,1,17,not_stocked,zhuminghui,20230912
6502-22-3,"2-异丙基苯甲醛
",2-Isopropylbenzaldehyde,毕得,1g,1,g,1,248,not_stocked,zhuminghui,20230912
13922-41-3,1-萘硼酸,"1-Naphthylboronic acid
",毕得,10g,10,g,1,21,not_stocked,zhuminghui,20230912
18594-05-3,"4-环己基苯乙酮
","4'-Cyclohexylacetophenot_stocked
",毕得,5G,5,g,1,55,not_stocked,zhuminghui,20230912
1692-15-5,"4-吡啶硼酸
",Pyridin-4-ylboronic acid,毕得,6G,6,g,1,34,not_stocked,zhuminghui,20230912
15418-29-8,四(乙腈)四氟硼酸铜(I), Copper(I) Tetra(Acetonitrile) Tetrafluoroborate,Adamas,1g,1,g,1,40,not_stocked,shihongwei,20230912
7757-82-6,无水硫酸钠,SODIUM SULFATE,通广,"	AR500G",,,1,9.5,running_out,zhaoxinyi,20230913
85-18-7,8-氯茶碱 ,8-Chlorotheophylline,迈瑞达,25g,25,g,1,113.52,not_stocked,xuyue,20230913
452-58-4,"2,3-二氨基吡啶 ","2,3-Diaminopyridine",毕得,10g,10,g,1,55.3,not_stocked,xuyue,20230913
107504-08-5,5-氟吡啶-2-羧酸 ,5-Fluoro-2-picolinic acid,毕得,1g*3,1,g,3,54.6,not_stocked,xuyue,20230913
593-51-1,甲胺盐酸盐,Methanamine hydrochloride,毕得,25g,25,g,1,21.7,not_stocked,huwenshu,20230913
3196-73-4,3-氨基丙酸甲酯盐酸盐,,毕得,5g,5,g,1,8.4,not_stocked,huwenshu,20230913
1453-81-2,"1-苯基-2H-1,2,3-三氮唑 ","1-Phenyl-1H-1,2,3-triazole",毕得,100mg,100,mg,1,310.8,not_stocked,shihongwei,20230913
883-39-6,"1-苯基-1H-苯并[d][1,2,3]三唑","1-Phenyl-1H-benzo[d][1,2,3]triazole",罗恩,250mg,250,mg,1,238.9,not_stocked,shihongwei,20230913
250285-32-6,"1,3-双(2,6-二异丙基苯基)氯化咪唑翁 ","1,3-Bis(2,6-diisopropylphenyl)imidazolium chloride",毕得,10g,10,g,1,67.2,not_stocked,shihongwei,20230913
17084-13-8,六氟磷酸钾,Potassium hexafluorophosphate,"	D&B",100g,100,g,1,56,not_stocked,shihongwei,20230913
63295-48-7,"
三氟甲磺酸铁(III)",,毕得医药,10g,10,g,1,65.1,not_stocked,yanglicheng,20230913
13755-29-8,四氟硼酸钠,Sodium Tetrafluoroborate,Adamas,100g,100,g,1,21,running_out,sunyichen,20230913
937-14-4,间氯过氧苯甲酸,3-Chloroperoxybenzoic acid,MREDA,25g,25,g,1,22.5,running_out,huzhibin,20230914
10535-17-8,"1-(3,4-二甲氧基苯基)-2-(2-甲氧基苯基)-丙烷-1,3-二醇","(3,4-Dimethoxyphenyl)-2-(2-methoxyphenoxy)propane-1,3-diol",毕得,250 mg,250,mg,1,115.5,running_out,wangxi,20230914
1942-45-6,"4-辛炔
",4-Octyne,admas,1 mL,1,mL,1,68,running_out,chengzengrui,20230914
21797-13-7,"四(乙腈)四氟硼酸钯(II)
",,毕得,250 mg,250,mg,1,107.1,not_stocked,chengzengrui,20230914
14381-42-1,"2,3-二氢-1H-茚-1-羧酸
","1-Indanecarboxylic acid
",毕得,1 g,1,g,1,105,not_stocked,chengzengrui,20230914
99-66-1,"2-丙基戊酸
","2-Propylpentanoic acid
",毕得,10 g,10,g,1,11.2,not_stocked,chengzengrui,20230914
75178-96-0,"N-Boc-1,3-丙二胺",tert-Butyl (3-aminopropyl)carbamate,毕得,5g,5,g,1,25.2,not_stocked,huwenshu,20230914
,,,J&K,25G,25,g,1,51,not_stocked,yanglicheng,20230915
59142-68-6,2-溴-4-氟苯甲醛,2-Bromo-4-fluorobenzaldehyde,毕得,100G,100,g,1,128.8,not_stocked,huzhibin,20230915
73183-34-3,"4,4,4',4',5,5,5',5'-八甲基-2,2'-bi(1,3,2-二氧杂硼烷)	","4,4,4',4',5,5,5',5'-Octamethyl-2,2'-bi(1,3,2-dioxaborolane)",毕得,"100g	",100,g,1,88.9,running_out,huzhibin,20230915
123-91-1,"1,4-二氧六环","1,4-Dioxane",通广,500MLx2,500,ml,2,56,running_out,huzhibin,20230916
553-70-8,苯甲酸镁四水合物,Magnesium Benzoate Tetrahydrate,wako,25G,25,g,1,240,not_stocked,mengjunhong,20230917
110-54-3,正己烷,n-Hexane,通广,2500 mL下,,,1,70,common_public,wangxi,20230918
14794-31-1,丁二酸单乙酯酰氯,Ethyl 4-chloro-4-oxobutanoate,毕得,25g,25,g,1,30,not_stocked,zhaoxinyi,20230918
14635-75-7,亚硝鎓四氟硼酸盐,Nitrosonium tetrafluoroborate,毕得,5g,5,g,1,184.1,not_stocked,huangyilei,20230918
4648-54-8,叠氮基三甲基硅烷,Trimethylsilyl azide,阿拉丁,25ml,25,mL,1,123.12,running_out,huzhibin,20230918
141-75-3,正丁酰氯,Butyryl chloride,adamas,25g,25,g,1,29,running_out,zhaoxinyi,20230919
106-44-5,对甲酚 ,,RHAWN/罗恩,20g,20,g,1,17.25,not_stocked,huangyilei,20230919
1576-35-8,对甲苯磺酰肼,4-Methylbenzenesulfonhydrazide,毕得医药,100g,100,g,1,19.6,degraded,huzhibin,20230919
407-25-0,三氟乙酸酐,Trifluoroacetic anhydride,安耐吉,"100g	",100,g,1,60.3,running_out,mengjunhong,20230920
20555-91-3,"3,4-二氯碘苯","3,4-Dichloroiodobenzene",伊诺凯,5g,5,g,1,17.6,not_stocked,xingyihong,20230920
1120-90-7,3-碘吡啶,3-Iodopyridine,伊诺凯,5g,5,g,1,15.2,not_stocked,xingyihong,20230920
402-43-7,对溴三氟甲苯,4-Bromobenzotrifluoride,毕得,25G,25,g,1,21,not_stocked,tanhui,20230920
7681-82-5,碘化钠,Sodium iodide,毕得,25G,25,g,1,20.3,running_out,tanhui,20230920
619-42-1,对溴苯甲酸甲酯,Methyl 4-bromobenzoate,毕得,100G,100,g,1,25.1,running_out,tanhui,20230920
28923-39-9,乙二醇二甲醚溴化镍,NICKEL(II) BROMIDE ETHYLENE GLYCOL DIMETHYL ETHER COMPLEX,毕得,5G,5,g,1,67.9,running_out,tanhui,20230920
,"双环[2.2.1]庚2,5二烯	","Bicyclo[2.2.1]hepta-2,5-diene, 97%, for synthesis, stabilized with 0.05 - 0.25% BHT",Amethyst,5ML,5,mL,1,55.25,not_stocked,huzhibin,20230921
244205-40-1,"2-溴苯基硼酸	",(2-Bromophenyl)boronic acid,毕得医药,10g,10,g,1,51.8,not_stocked,huzhibin,20230921
5518-52-5,三(2-呋喃)磷化氢,Tri(furan-2-yl)phosphine,毕得医药,1g,1,g,1,19.6,running_out,huzhibin,20230921
1006-41-3,2-溴-4-氟苯甲酸,2-Bromo-4-fluorobenzoic acid,"
偶合科技",5g,5,g,1,17,not_stocked,huzhibin,20230921
91-68-9,间羟基-N.N-二乙基苯胺,3-Diethylaminophenol,毕得医药,25g,25,g,1,14,not_stocked,huangyilei,20230921
150-19-6,3-甲氧基苯酚,m-Methoxyphenol,毕得医药,25g,25,g,1,53.9,not_stocked,huangyilei,20230921
704-14-3,5-甲氧基-2-硝基苯酚,5-Methoxy-2-nitrophenol,毕得医药,5g,5,g,1,55.3,not_stocked,huangyilei,20230921
,氯化钯(II), Palladium(II) chloride,百灵威J&K,1g,1,g,1,385,not_stocked,tanhui,
60-29-7,乙醚,"	Diethyl ether",通广,500  mL x 2,500,ml,2,17.5,running_out,wangxi,
920-66-1,"1,1,1,3,3,3-六氟丙-2-醇","1,1,1,3,3,3-Hexafluoropropan-2-ol",毕得,500 mL,500,mL,1,177.8,running_out,wangxi,
7677-24-9,三甲基氰硅烷,Trimethylsilyl Cyanide,毕得,25 mL,25,mL,1,21.7,running_out,wangxi,20230922
1980/11/5,N-甲基-N-亚硝基对甲苯磺酰胺, N-Methyl-N-nitrosotoluene-4-sulphonamide,罗恩,25g,25,g,1,34.1,running_out,huangyilei,20230921
13895-38-0,4-亚硝基间苯二酚1-单甲醚,4-Nitrosoresorcinol 1-Monomethyl Ether,麦克林,1g,1,g,1,125.6,not_stocked,huangyilei,20230921
163222-33-1,依泽替米贝,"	ezetimibe",欣恒研,1 g,1,g,1,117.8,not_stocked,wangxi,20230924
1666-13-3,二苯基二硒醚,Diphenyl diselenide,伊诺凯,25g,25,g,1,325.5,running_out,mengjunhong,20230924
86386-73-4,氟康唑,Fluconazole,毕得,5 g,5,g,1,36.4,not_stocked,wangxi,20230924
3375-31-3,醋酸钯,Palladium(II) acetate,毕得,250mg,250,mg,1,84.7,running_out,huzhibin,20230925
18595-12-5,5-氨基-2-甲基苯甲酸甲酯,Methyl 5-amino-2-methylbenzoate,毕得,"
10g",10,g,1,37.8,not_stocked,sulingyu,20230925
4894-75-1,"4-苯基环己酮
","4-Phenylcyclohexanot_stocked
",毕得医药,25G,25,g,1,45,running_out,zhuminghui,20230925
35418-07-6,4-氨基苯丙酸甲酯,Methyl 3-(4-aminophenyl)propanoate,毕得,1g,1,g,1,449.4,not_stocked,sulingyu,20230925
579-74-8,邻甲氧基苯乙酮 ,1-(2-Methoxyphenyl)ethanot_stocked,毕得,10g,10,g,1,42,not_stocked,zhuminghui,20230925
1990/5/1,"2-甲氧基苯酚
","2-Methoxyphenol
",毕得,25g,25,g,1,14,not_stocked,zhuminghui,20230925
80793-25-5,"3-(4-溴苯基)丙醛
","3-(4-Bromophenyl)propanal
",毕得,2g,2,g,1,464,not_stocked,zhuminghui,20230925
491-37-2,"2,3-二氢苯并吡喃-4-酮",4-Chromanot_stocked,欣恒研,1 g,1,g,1,27.55,running_out,wangxi,20230926
1980/11/5,N-甲基-N-亚硝基对甲苯磺酰胺,N-Methyl-N-nitrosotoluene-4-sulphonamide,麦克林,25g,25,g,1,68.8,reorder,huangyilei,20230926
,4-(三氟甲基)-1H-吡唑,,毕得,1g,1,g,1,141.4,not_stocked,xuguofeng,20230926
,2-[(苯甲砜基)-乙胺盐酸盐,,毕得,100mg,100,mg,1,312.2,not_stocked,xuguofeng,20230926
148893-10-1,"O-(7-氮杂苯并三唑-1-基)-N,N,N',N'-四甲基脲六氟磷酸盐","O-(7-Azabenzotriazol-1-yl)-N,N,N',N'-tetramethyl uronium hexafluorophosphate",毕得,100g,100,g,1,236.6,running_out,huangyilei,20230926
630120-99-9,5-(苄氧基)-2-溴吡啶 ,5-(Benzyloxy)-2-bromopyridine,毕得,1g,1,g,1,119.7,not_stocked,shihongwei,20230927
401-99-0,"3,5-二硝基三氟甲苯"," 3,5-Dinitrobenzotrifluoride",希恩思,5g,5,g,1,30.55,not_stocked,shihongwei,20230927
307-34-6,"	全氟辛烷","Perfluorooctane
","
安耐吉",500g*2,500,g,2,1050,not_stocked,zhuminghui,20230928
666-52-4,"	氘代丙酮","	ACETONE-D6
",伊诺凯,24 mL,24,mL,1,770,running_out,zhuminghui,20230529
7689/3/4,"(S)-4-乙基-4-羟基-1H-吡喃并[3',4':6,7]吲哚嗪并[1,2-b]喹啉-3,14(4H,12H)-二酮","(S)-4-Ethyl-4-hydroxy-1H-pyrano[3',4':6,7]indolizino[1,2-b]quinoline-3,14(4H,12H)-dione
",毕得,1 g,1,g,1,56.7,not_stocked,wangxi,20230928
137977-97-0,"1-(4-氨基-2-甲基苯甲酰基)-7-氯-3,4-二氢-1H-苯并[b]氮杂卓-5(2H)-酮","1-(4-Amino-2-methylbenzoyl)-7-chloro-3,4-dihydro-1H-benzo[b]azepin-5(2H)-one",毕得,1g,1,g,1,145.6,not_stocked,wangxi,20230928
145-13-1,"孕烯醇酮
",Pregnenolone ,阿拉丁,,,,1,43.12,not_stocked,chengzengrui,20230928
1963/5/8,"雄烯二酮
",Androstenedione,九鼎,1g,1,g,1,89.6,not_stocked,chengzengrui,20230928
79-34-5,"1,1,2,2-四氯乙烷","1,1,2,2-Tetrachloroethane",伊诺凯,500 mL,500,mL,1,77,running_out,chengzengrui,20230928
79-34-5,"1,1,2,2-四氯乙烷","1,1,2,2-Tetrachloroethane",沪试,500mL,500,mL,1,71,running_out,chengzengrui,20230928
1666-13-3,二苯基二硒醚,"	Diphenyl diselenide",伊诺凯,25G,25,g,1,325.5,running_out,mengjunhong,20230928
64-19-7,冰乙酸,Acetic acid,通广,500  mL x 6,500,ml,6,96,running_out,mengjunhong,20230928
236406-55-6,"2-叔丁氧羰基-2,7-二氮杂螺[3.5]壬烷 ","-(tert-Butoxycarbonyl)-2,7-diazaspiro[3.5]nonane",毕得,10g,10,g,1,431,not_stocked,zhaoxinyi,20230928
534-17-8,碳酸铯,Cesium carbonate,毕得,25g,25,g,1,29.4,running_out,huzhibin,20230929
2622-14-2,三环己基膦,Tricyclohexylphosphine,毕得,5g,5,g,1,19.6,running_out,huzhibin,20230930
1643-30-7,3-(4-溴苯基)丙酸 ,3-(4-Bromophenyl)propanoic acid,毕得,5g,5,g,1,20,running_out,zhuminghui,20230930
700-38-9,5-甲基-2-硝基苯酚,5-Methyl-2-nitrophenol,毕得,25g,25,g,1,53.9,not_stocked,huangyilei,20231001
364-75-0,2-氟-5-碘硝基苯,1-Fluoro-4-iodo-2-nitrobenzene,毕得,10g,10,g,1,77.7,not_stocked,xingyihong,20231002
18677-48-0,"3,5-二甲氧基吡啶","3,5-Dimethoxypyridine",毕得,5g,5,g,1,280,not_stocked,shihongwei,20231002
898838-07-8,"二氯化镁(2,2,6,6-四甲基哌啶)锂盐","2,2,6,6-Tetramethylpiperidinylmagnesium chloride lithium chloride complex",百灵威J&K,25 mL,25,mL,1,89.25,not_stocked,shihongwei,20231002
34916-10-4,4-氧代环己烷甲腈,4-Oxocyclohexanecarbonitrile,Accela,250 mg,250,mg,1,36.9,running_out,sunyichen,20231005
1985/1/8,菲,Phenanthrene,毕得,25g,25,g,1,19.6,running_out,chengzengrui,20231005
10102-17-7,硫代硫酸钠,Sodium Thiosulfate,通广,500g*4,500,g,4,9.5,running_out,huzhibin,20231006
874-61-3,4-环己酮羧酸,4-Oxocyclohexanecarboxylic acid,毕得,1g,1,g,1,26.6,degraded,sunyichen,20231006
504-02-9,"环己烷-1,3-二酮","Cyclohexane-1,3-dione",毕得,25g,25,g,1,20.3,degraded,sunyichen,20231006
536-74-3,苯乙炔,"Phenylacetylene
",jk,25g,25,g,1,199,running_out,zhuminghui,20231006
6921-45-5,1-(4-环丙基苯基)乙酮,"	Ethanot_stocked, 1-(4-cyclopropylphenyl)-",毕得,1g,1,g,1,527,not_stocked,zhuminghui,20231006
607-68-1,"2,4-二氯喹唑啉","2,4-Dichloroquinazoline",伊诺凯,5g,5,g,1,51.8,not_stocked,xuyue,20231006
6315-52-2,"1,2-双(甲苯磺酰氧基)乙烷, 99% ","1,2-Bis(tosyloxy)ethane",伊诺凯,10g,10,g,1,84,running_out,xuyue,20231006
536-80-1,亚碘酰苯,Iodosylbenzene,乐研,10g,10,g,1,100.5,running_out,huzhibin,20231006
6315-52-2,"(S)-1-叔丁氧羰基-3-羟基哌啶, 98% ","(S)-1-Boc-3-Hydroxypiperidine, 98%",伊诺凯,5g,5,g,1,42,running_out,xuyue,20231006
1942-31-0,4-苯乙炔基苯乙酮,"1-[4-(2-PHENYLETH-1-YNYL)PHENYL]ETHAN-1-ONE
",merda,1g,1,g,1,431,not_stocked,zhuminghui,20231006
61367-07-5,4-氨基环己甲酸甲酯盐酸盐,Methyl trans-4-AMinocyclohexanecarboxylate Hydrochloride,欣恒研,250mg,250,mg,1,40.85,not_stocked,tangshuyuan,20231008
69320-89-4,L-异亮氨酸叔丁酯盐酸盐,L-Isoleucine tert-butyl ester hydrochloride,偶合,250mg,250,mg,1,10,not_stocked,tangshuyuan,20231008
112-67-4,棕榈酰氯,"	Palmitoyl chloride",阿拉丁,25 mL,25,mL,1,33.52,not_stocked,wangxi,20231009
2094-72-6,"	金刚烷甲酰氯","	1-Adamantanecarbonyl chloride",Adamas,1 g,1,g,1,21,not_stocked,wangxi,20231009
75178-96-0,"N-Boc-1,3-丙二胺 ",tert-Butyl (3-aminopropyl)carbamate,毕得,5g,5,g,1,25.2,not_stocked,xuyue,20231009
92136-39-5,N-Boc-氨基丙炔,N-Boc-Propargylamine,毕得,5g,5,g,1,27.3,not_stocked,huzhibin,20231009
7681-52-9,次氯酸钠, Sodium hypochlorite,伊诺凯,500ml,500,mL,1,40,degraded,zhuminghui,20231010
42472-69-5,4-炔基苯乙酮 ,1-(4-Ethynylphenyl)ethanot_stocked,毕得,1g,1,g,1,183,not_stocked,zhuminghui,20231010
,,,毕得,10g,10,g,1,58.1,running_out,xuguofeng,20231010
,丁炔二酸二甲酯,,百灵威,25g,25,g,1,81.6,not_stocked,xuguofeng,20231010
83-46-5,"β-谷甾醇

","beta-Sitosterol
",毕得,25 g,25,g,1,111.2,not_stocked,chengzengrui,20231010
300-08-3,"氢溴酸槟榔碱
","Arecoline hydrobromide
",毕得,5 g,5,g,1,51.8,not_stocked,chengzengrui,20231010
49805-30-3,"2-氮杂双环[2.2.1]庚-5-烯-3-酮
","2-Azabicyclo[2.2.1]hept-5-en-3-one
",毕得,5 g,5,g,1,11.9,not_stocked,chengzengrui,20231010
2873-29-2,"乙酰化葡萄烯糖
","Tri-O-acetyl-D-glucal
",毕得,5 g,5,g,1,19.6,not_stocked,chengzengrui,20231010
498-15-7,"(1S)-(+)-3-蒈烯
","(1S)-(+)-3-Carene
",毕得,5 g,5,g,1,32.2,not_stocked,chengzengrui,20231010
1666-13-3,二苯基二硒醚,"	Diphenyl diselenide",伊诺凯,25G,25,g,1,325.5,running_out,mengjunhong,20231011
143-28-2,油醇,"	Oleyl alcohol",安耐吉,100g,100,g,1,116.1,not_stocked,mengjunhong,20231011
112-79-8,(E)-十八碳-9-烯酸,,毕得,5 g *2,5,g,2,199.5,not_stocked,mengjunhong,20231011
32131-17-2,尼龙6/6（聚己二酰己二胺）,,吉至生化,25g,25,g,1,40.8,running_out,admin,20231011
2450-71-7,炔丙基胺, Propargylamine,Adamas,5g,5,g,1,27.75,not_stocked,huzhibin,20231011
67-48-1,"2-羟基-N,N,N-三甲基乙基氯化铵","2-hydroxy-N,N,N-trimethylethanaminium chloride",毕得,100g,100,g,1,14.7,not_stocked,admin,20231011
1460-18-0,丁二酸,Succinic acid,毕得,10 g,10,g,1,9.1,not_stocked,zhaobinzhi,20231011
505-52-2,癸二酸,Sebacic acid,毕得,10 g,10,g,1,11.2,not_stocked,zhaobinzhi,20231011
111-20-6,十三烷二酸,"1,11-Undecanedicarboxylic acid",毕得,1 g,1,g,1,11.9,not_stocked,zhaobinzhi,20231011
110-15-6,十五烷二酸,Pentadecanedioic acid,毕得,1 g,1,g,1,20,not_stocked,zhaobinzhi,20231011
329-59-9,4-氟-3-硝基苯甲酸甲酯,Methyl 4-fluoro-3-nitrobenzoate,毕得,25g,25,g,1,50.4,not_stocked,xingyihong,20231011
26690-80-2,N-Boc-乙醇胺,Boc-Glycinol,毕得,25g,25,g,1,27.3,not_stocked,xingyihong,20231011
138-59-0,"莽草酸
","Shikimic acid
",毕得,10 g,10,g,1,21.7,not_stocked,chengzengrui,20231011
67488-50-0,3-甲氧基甲酰基-环戊烯砜,"Methyl 2,5-dihydrothiophene-3-carboxylate 1,1-dioxide",毕得,250 mg,250,mg,1,112.7,not_stocked,chengzengrui,20231011
979-02-2,醋酸妊娠双烯醇酮酯,"16-Dehydropregnenolone acetate
",阿拉丁,5 g,5,g,1,91.12,not_stocked,chengzengrui,20231011
53-43-0,"去氢表雄酮
","Dehydroepiandrosterone
",阿拉丁,5 g,5,g,1,63.92,not_stocked,chengzengrui,20231011
57-88-5,"胆固醇
","Cholesterol
",阿拉丁,5 g,5,g,1,23.92,running_out,chengzengrui,20231011
31970-04-4,"2,5-二氢吡咯烷-1-甲酸苄酯
","BENZYL 3-PYRROLINE-1-CARBOXYLATE
",毕得,5 g,5,g,1,47.6,not_stocked,chengzengrui,20231011
512-04-9,"薯蓣皂素
","Diosgenin
",毕得,5 g,5,g,1,20.3,not_stocked,chengzengrui,20231011
77-52-1,"熊果酸
","Ursolic acid
",毕得,1 g*2,1,g,2,21,not_stocked,chengzengrui,20231011
15164-44-0,4-碘苯甲醛,4-Iodobenzaldehyde,欣恒研,1g,1,g,1,30,not_stocked,wangxi,20231012
540-09-0,12-二十三酮,12-Tricosanot_stocked,欣恒研,5 g,5,g,1,158.65,not_stocked,wangxi,20231012
1120-72-5,2-甲基环戊酮,,毕得,5 g,5,g,1,88.9,not_stocked,wangxi,20231012
6351/10/6,1-茚醇,"2,3-Dihydro-1H-inden-1-ol",毕得,5 g,5,g,1,17.5,degraded,wangxi,20231012
36016-38-3,N-羟基氨基甲酸叔丁酯,tert-Butyl N-hydroxycarbamate,毕得,100 g,100,g,1,91.7,running_out,wangxi,20231012
785-56-8,"3,5-双三氟甲基苯甲酰氯","	3,5-Bis(trifluoromethyl)benzoyl chloride",毕得,25 g,25,g,1,160.3,running_out,wangxi,20231012
16940-66-2,硼氢化钠,"	Sodium borohydride",阿拉丁,25 g,25,g,1,168.22,running_out,wangxi,20231012
529-33-9,alpha-四氢萘酚,"1,2,3,4-Tetrahydro-1-naphthol",欣恒研,1 g,1,g,1,39.9,not_stocked,wangxi,20231012
41806-40-0,1-甲基-1H-咪唑-5-甲酸,1-Methylimidazole-5-carboxylic,毕得,5g,5,g,1,56.7,not_stocked,xingyihong,20231012
79-14-1,,2-Hydroxyacetic acid,毕得,100g,100,g,1,19.6,not_stocked,admin,20231012
75-57-0,四甲基氯化铵,Tetramethylammonium chloride,毕得,25g,25,g,1,14.7,not_stocked,admin,20231015
,1-茚醇 ,"2,3-Dihydro-1H-inden-1-ol",毕得,5g,5,g,1,17,not_stocked,zhuminghui,20231015
529-33-9,"1,2,3,4-四氢-1-萘酚","1,2,3,4-Tetrahydro-1-naphthol",毕得,5g,5,g,1,43,not_stocked,zhuminghui,20231015
615-53-2,N-甲基-N-亚硝基氨基甲酸乙酯,N-nitroso-n-methylurethane,毕得,,,,1,137.2,not_stocked,huangyilei,20231015
18595-12-5,5-氨基-2-甲基苯甲酸甲酯,Methyl 5-Amino-2-methylbenzoate,安耐吉,5g,5,g,1,29.7,running_out,sulingyu,20231015
614-00-6,N-甲基-N-亚硝基苯胺, N-Methyl-N-phenylnitrous amide,毕得,5g,5,g,1,154.7,not_stocked,huangyilei,20231015
2038-57-5,3-苯基-1-丙胺,3-PHENYLPROPYLAMINE,毕得,5g,5,g,1,43.4,not_found,xuguofeng,20231015
1778-02-5,"孕烯醇酮醋酸酯
",Pregnenolone acetate,毕得,5 g,5,g,1,37.1,not_stocked,chengzengrui,20231015
4098-06-0,D-三乙酰半乳糖烯,"3,4,6-Tri-O-acetyl-D-galactal",毕得,5 g,5,g,1,100.8,not_stocked,chengzengrui,20231015
50-21-5,DL-乳酸,,欣恒研,500g,500,g,1,94,not_stocked,admin,20231015
55-18-5,N-亚硝基二乙胺,N-Nitrosodiethylamine,毕得医药,5g,5,g,1,140,not_stocked,huangyilei,20231015
915-35-5,乙酸龙舌兰皂苷,Hecogenin Acetate AR,TCI,1 g,1,g,1,232,not_stocked,wangxi,20231015
765-87-7,"1,2-环己二酮","	1,2-Cyclohexanedione",偶合,2g,2,g,1,36,not_stocked,tangshuyuan,20231015
7087-68-5,"N,N-二异丙基乙胺","N,N-Diisopropylethylamine",伊诺凯,500 mL,500,mL,1,89,running_out,zhuminghui,20231015
56553-60-7,三乙酰氧基硼氢化钠 ,Sodium triacetoxyhydroborate,毕得,500g,500,g,1,79,not_stocked,zhuminghui,20231015
7287-81-2,1-(间甲苯基)乙醇, 1-(m-Tolyl)ethanol,毕得,1g,1,g,1,126,not_stocked,zhuminghui,20231015
1203-68-5,2-联苯甲醛," [1,1'-Biphenyl]-2-carbaldehyde",毕得,5g,5,g,1,67,not_stocked,zhuminghui,20231015
75-16-1,甲基溴化镁 ,Methylmagnesium bromide,jk,100 mL,100,mL,1,55,running_out,zhuminghui,20231015
34246-57-6,"3-异丙基苯甲醛
",3-Isopropylbenzaldehyde,毕得,1G,1,g,1,72,not_stocked,zhuminghui,20231015
34246-54-3,3-乙基苯甲醛 ,3-Ethylbenzaldehyde,毕得,1G,1,g,1,139,not_stocked,zhuminghui,20231015
22927-13-5,"2-乙基苯甲醛
",2-Ethylbenzaldehyde,毕得,1G,1,g,1,21,not_stocked,zhuminghui,20231015
5773-80-8,6-溴-2-萘甲酸 ,6-Bromo-2-naphthoic acid,毕得,25g,25,g,1,158,not_stocked,zhuminghui,20231015
6638-79-5,二甲羟胺盐酸盐 ,"N,O-Dimethylhydroxylamine hydrochloride",毕得,100G,100,g,1,39,running_out,zhuminghui,20231015
1968/12/2,"N,N-二甲基甲酰胺","N,N-Dimethylformamide",通广,500  mL x 10,500,ml,10,18,running_out,zhaoxinyi,20231016
4897-50-1,4-哌啶基哌啶,4-Piperidinopiperidine,毕得,1g,1,g,1,13.3,not_stocked,tangshuyuan,20231016
21987-29-1,"4,4-二氟哌啶","4,4-Difluoropiperidine",毕得,100mg*4,100,mg,4,8.4,not_stocked,tangshuyuan,20231016
123-90-0,硫代吗啉,Thiomorpholine,毕得,1g,1,g,1,14.7,not_stocked,tangshuyuan,20231016
98-88-4,苯甲酰氯,Benzoyl Chloride,Adamas,100g,100,g,1,20,running_out,huzhibin,20231016
27469-60-9,"4,4'-二氟苯甲哌嗪","4,4'-Difluorobenzhydrylpiperazine",安耐吉,1g,1,g,1,27,not_stocked,tangshuyuan,20231016
20980-22-7,1-(2-嘧啶基)哌嗪,2-(1-Piperazinyl)pyrimidine,毕得,5g,5,g,1,19.6,not_stocked,tangshuyuan,20231016
,1-(苯并[B]噻吩-4-基)哌嗪,1-(Benzo[b]thiophen-4-yl)piperazine,毕得,1g,1,g,1,65.8,not_stocked,tangshuyuan,20231016
34946-82-2,三氟甲磺酸铜,COPPER(II) TRIFLUOROMETHANESULFONATE,毕得,25g,25,g,1,49,degraded,tangshuyuan,20231016
135-19-3,2-萘酚,2-Naphthol,毕得,100g,100,g,1,19.6,running_out,huangyilei,20231017
90-15-3,1-萘酚,1-Naphthol,毕得,100g,100,g,1,21.7,not_stocked,huangyilei,20231017
580-51-8,3-苯基苯酚," [1,1'-Biphenyl]-3-ol",毕得,5g,5,g,1,53.2,running_out,huangyilei,20231017
,4-(三氟甲基)哌啶-4-醇,,毕得,250mg,250,mg,1,80.5,not_stocked,xuguofeng,20231017
,4-甲磺酰基-哌啶,,毕得,250mg,250,mg,1,140.7,not_stocked,xuguofeng,20231017
,3-三氟甲基-3-吖啶醇盐酸盐,,毕得,,,,1,56,not_stocked,xuguofeng,20231017
143900-44-1,"(S)-1-叔丁氧羰基-3-羟基哌啶, 98% ",(S)-1-Boc-3-Hydroxypiperidine,伊诺凯,2g,2,g,1,25.2,running_out,xuyue,20231017
420-37-1,三甲氧鎓四氟硼酸盐,Trimethyloxonium tetrafluoroborate,毕得医药,10g,10,g,1,60.2,not_stocked,admin,20231017
28418-86-2,1-(4-甲基萘-1-基)乙酮, 1-(4-Methylnaphthalen-1-yl)ethanot_stocked,毕得,1g,1,g,1,89,not_stocked,zhuminghui,20231017
219580-11-7,化合物PD173074,PD173074,陶术,5mg,5,mg,1,219,not_stocked,huwenshu,20231018
52913-11-8,3-氨基苯基乙酸甲酯,Methyl 2-(3-aminophenyl)acetate,毕得,1g,1,g,1,87.5,not_stocked,sulingyu,20231018
115833-93-7,3-(1-吡咯烷基)苯胺,3-(1-Pyrrolidinyl)aniline,罗恩,5g,5,g,1,80.73,not_stocked,sulingyu,20231018
936850-33-8,3-甲基-3-氰基氮杂环丁烷盐酸盐,,毕得,250mg,250,mg,1,70,not_stocked,xuguofeng,20231018
110-82-7,环己烷，HPLC,Cyclohexane,,500mL,500,mL,1,93,not_stocked,admin,20231018
1975/5/8,乙腈，HPLC,Acetonitrile,通广,500mL,500,mL,1,33,not_stocked,pengjing,20231018
6674-22-2,"1,8-二氮杂双环[5.4.0]十一碳-7-烯",,,,,,1,27.55,not_stocked,admin,20231019
,,,,,,,1,49,not_stocked,admin,20231019
,,,,,,,1,90.3,not_stocked,admin,20231019
6299-87-2,6-羟基-4-嘧啶甲酸,6-Hydroxypyrimidine-4-carboxylic acid,毕得医药,,,,1,65.8,not_stocked,admin,20231019
95-76-1,"3,4-二氯苯胺","3,4-Dichloroaniline",罗恩,25g,25,g,1,26.6,not_stocked,xingyihong,20231019
115833-93-7,,3-(1-Pyrrolidinyl)aniline,Accela,1g,1,g,1,387,not_stocked,sulingyu,20231019
2836/4/6,"N1,N1-二甲苯-1,3-二胺","N1,N1-Dimethylbenzene-1,3-diamine",毕得,1g,1,g,1,117.6,degraded,sulingyu,20231019
,2-羟基-4-甲氧基苯甲醛,,毕得,5g,5,g,1,19.6,not_stocked,xuguofeng,20231020
,对三氟甲基苯胺,,毕得,10g,10,g,1,16.8,not_stocked,xuguofeng,20231020
25796-68-3,"	3-溴噻吩-2-羰酰氯",3-BROMOTHIOPHENE-2-CARBONYL CHLORIDE,麦克林,1g,1,g,1,310,not_stocked,zhaoxinyi,20231022
58012-34-3,4-氧代环己烷乙酸乙酯,Ethyl 2-(4-oxocyclohexyl)acetate,毕得,1g,1,g,1,39.9,not_stocked,sunyichen,20231022
934475-93-1,4-(氨基甲基)环己酮,4-(aminomethyl)cyclohexanot_stocked,源叶,1g,1,g,1,84,not_stocked,sunyichen,20231022
74-95-3,二溴甲烷, Dibromomethane,Adamas,100g,100,g,1,34.4,running_out,shihongwei,20231022
1008-89-5,2-苯基吡啶, 2-Phenylpyridine,毕得医药,25g,25,g,1,107.1,running_out,shihongwei,20231022
680-31-9,六甲磷酰三胺,Hexamethylphosphoramide,欣恒研,25g,25,g,1,30,not_stocked,rehemuhali,20231022
26472-00-4,甲基环戊二烯，二聚物,"METHYLCYCLOPENTADIENE DIMER
",阿拉丁,25 mL,25,mL,1,41.52,not_stocked,chengzengrui,20231022
853-23-6,醋酸去氢表雄酮,Dehydroisoandrosterone 3-acetate,阿拉丁,5 g,5,g,1,38.32,not_stocked,chengzengrui,20231022
5571-36-8,"(8S,13S,14S)-13-甲基-1,2,6,7,8,12,13,14,15,16-十氢螺[环戊烷并[a]菲-3,2\'-[1,3]二氧杂戊环]-17(4H)-酮","(8S,13S,14S)-13-Methyl-1,2,6,7,8,12,13,14,15,16-decahydrospiro[cyclopenta[a]phenanthrene-3,2\'-[1,3]dioxolan]-17(4H)-one",阿拉丁,5 g,5,g,1,46.2,not_stocked,chengzengrui,20231022
67488-46-4,"2,5-二氢噻吩-3-羧酸甲酯
","Methyl 2,5-dihydrothiophene-3-carboxylate",阿拉丁,1 g,1,g,1,259,not_stocked,chengzengrui,20231022
91053-39-3,硅藻土,Celite,麦克林,1kg,1,kg,1,51.94,running_out,shihongwei,20231023
65-86-1,"2,6-二氧-1,2,3,6-四氢嘧啶-4-羧酸","2,6-Dioxo-1,2,3,6-tetrahydropyrimidine-4-carboxylic acid",毕得医药,25g,25,g,1,18.9,running_out,xingyihong,20231023
,N-甲基吡咯-3-硼酸频哪醇酯,,毕得,250mg,250,mg,1,37.8,not_stocked,xuguofeng,20231024
,3-氟-3-甲基氮杂环丁烷盐酸盐,,毕得,250mg,250,mg,1,152.6,not_stocked,xuguofeng,20231024
1072-53-3,"1,3,2-二噁唑噻吩 2,2-二氧化物, 98% ","1,3,2-Dioxathiolane 2,2-dioxide",伊诺凯,5g,5,g,1,24.5,not_stocked,xuyue,20231024
50-28-2,雌二醇,"	β-Estradiol",迈瑞达,5g,5,g,1,63,running_out,wangxi,20231024
52-49-3,盐酸苯海索,Benzhexol hydrochloride,欣恒研,1g,1,g,1,49.4,not_stocked,wangxi,20231024
16940-66-2,硼氢化钠,"	Sodium borohydride",通广,100 g,100,g,1,260,not_stocked,zhuminghui,20231024
7722-84-1,过氧化氢,hydrogen peroxide,通广,500ml,500,mL,1,35,running_out,zhuminghui,20231024
51229-51-7,1-(4-(溴甲基)苯基)乙酮, 1-(4-(Bromomethyl)phenyl)ethanot_stocked,毕得,5g,5,g,1,438,running_out,zhuminghui,20231024
3457-45-2,4-乙酰苯甲醛 ,4-Acetylbenzaldehyde,毕得,5g,5,g,1,455,running_out,zhuminghui,20231024
6163-58-2,三(邻甲苯基)膦 ,Tri-o-tolylphosphine,百灵威,5g,5,g,1,203,not_stocked,zhuminghui,20231024
16853-85-3,"	氢化铝锂",Lithium Aluminium Hydride,阿拉丁,100 mL X 3,100,ml,3,388.56,running_out,mengjunhong,20231024
172734-33-7,1-BOC-4-苯基-4-羟基哌啶,,罗恩,250 mg,250,mg,1,80.25,not_stocked,wangxi,20231024
301673-14-3,,N-Boc-4-iodopiperidine,毕得,"10g

10 g * 2",,,1,95.9,not_stocked,zhangcaifang,20231024
57260-71-6,1-Boc-哌嗪,tert-Butyl 1-piperazinecarboxylate,毕得,5g,5,g,1,14,not_stocked,tangshuyuan,20231024
38256-93-8,N-(2-甲氧基乙基)甲基胺,N-(2-METHOXYETHYL)METHYLAMINE,毕得,1g,1,g,1,30.8,not_stocked,tangshuyuan,20231024
13893-53-3,"2-氨基-2,3-二甲基丁腈","2-Amino-2,3-dimethylbutyronitrile",百灵威,5g,5,g,1,72.25,not_stocked,tangshuyuan,20231024
107017-72-1,1-氨基环丙甲醇,1-AMINO-CYCLOPROPANEMETHANOL,毕得,250mg,250,mg,1,158.2,not_stocked,tangshuyuan,20231024
77-86-1,三（羟甲基）氨基甲烷,Tris(hydroxymethyl)aminomethane,泰坦,25g,25,g,1,13.5,running_out,tangshuyuan,20231024
1666-13-3,"	二苯基二硒醚",Diphenyl diselenide,伊诺凯,25g * 2,25,g,2,325.5,running_out,mengjunhong,20231025
887250-14-8,3-氨基-6-溴苯并呋喃-2-羧酸乙酯,Ethyl 3-amino-6-bromobenzofuran-2-carboxylate,乐研,1 g,1,g,1,488.6,not_stocked,zhangcaifang,20231025
150255-96-2,3-氰基苯硼酸,3-Cyanophenylboronic acid,毕得,25 g,25,g,1,105.7,not_stocked,zhangcaifang,20231025
1196-70-9,吲哚-6-甲醛,1H-Indole-6-carbaldehyde,毕得,10 g,10,g,1,309.4,not_stocked,zhangcaifang,20231025
18595-13-6,2-氨基-6-甲基苯甲酸甲酯,Methyl 2-amino-6-methylbenzoate,毕得,1 g,1,g,1,92.4,not_stocked,zhangcaifang,20231025
18595-17-0,2-氨基-4-甲基苯甲酸甲酯,Methyl 2-amino-4-methylbenzoate,毕得,1 g,1,g,1,61.6,not_stocked,zhangcaifang,20231025
135484-83-2,2-氨基-4-溴苯甲酸甲酯,Methyl 2-amino-4-bromobenzoate,毕得,25 g,25,g,1,104.3,not_stocked,zhangcaifang,20231025
207683-19-0,硫氢化钠 水合物,Sodium hydrosulfide hydrate,阿拉丁,100 g,100,g,1,59.12,not_stocked,zhangcaifang,20231025
1119280-66-8,"2-氯-5H-吡咯[3,2-d]嘧啶","2-Chloro-5H-pyrrolo[3,2-d]pyrimidine",毕得,1g,1,g,1,185.5,not_stocked,sulingyu,20231026
3731-53-1,4-吡啶甲胺,Pyridin-4-ylmethanamine,毕得,5g,5,g,1,21,not_stocked,sulingyu,20231026
60290-21-3,"4-氯吡咯并[3,2-c]吡啶","4-Chloro-1H-pyrrolo[3,2-c]pyridine",毕得,1g,1,g,1,97.3,not_stocked,sulingyu,20231026
503536-74-1,5-(4-甲基苯基)-2-氨基吡啶,5-(p-Tolyl)pyridin-2-amine,毕得,1g,1,g,1,157.5,not_stocked,sulingyu,20231026
172734-33-7,1-BOC-4-苯基-4-羟基哌啶,,MREDA,250 mg,250,mg,1,64,not_stocked,wangxi,20231026
7757-82-6,无水硫酸钠,"	SODIUM SULFATE",通广,AR500g x 12,,,1,9.5,running_out,wangxi,20231026
7631-86-9,石英砂, Silica sand,通广,AR500g x 12,,,1,10,running_out,wangxi,20231026
90-44-8,蒽酮,Anthrone,欣恒研,5 g ,5,g,1,59.4,not_stocked,wangxi,20231026
64297-64-9,2-碘酰基苯甲酸,2-Iodoxybenzoicacid,乐研,25g,25,g,1,53.9,not_stocked,huangyilei,20231026
3486-35-9,碳酸锌,Zinc carbonate,毕得,100g,100,g,1,23.1,not_stocked,huangyilei,20231027
33994-44-4,3-(4-碘苯基)丙酸甲酯,Methyl 3-(4-Iodophenyl)propanoate,毕得,1g,1,g,1,211.4,not_stocked,sulingyu,20231027
94-52-0, 5-硝基苯并咪唑,5-Nitrobenzimidazole,毕得,25g,25,g,1,51.8,not_stocked,sulingyu,20231027
150763-46-5,"反式-4-乙基-[1,1-联环己烷]-4-酮","Trans-4'-Ethyl-[1,1'-Bicyclohexyl]-4-One",Adamas,1g,1,g,1,32,not_stocked,sunyichen,20231027
3383-21-9,"3,5-二叔丁基-1,2-苯醌","3,5-Di-tert-butyl-o-benzoquinot_stocked",毕得,5g,5,g,1,145.6,not_stocked,huangyilei,20231027
34916-10-4,,4-Oxo-cyclohexanecarbonitrile,毕得,1g,1,g,1,81.9,running_out,sunyichen,20231030
581-96-4,2-萘乙酸,2-(Naphthalen-2-yl)acetic acid,毕得,100g,100,g,1,233.1,running_out,mengjunhong,20231030
7647-01-0,盐酸,Hydrocloride acid,现代东方,AR 500 mL x5,,,1,14,running_out,wangxi,20231030
60-29-7,无水乙醚,Diethyl ether,通广,AR 500 mL x5,,,1,18,running_out,wangxi,20231030
618-63-3,3-氯-5-硝基苯酚,3-Chloro-5-nitrophenol,毕得,5g,5,g,1,403.9,not_stocked,xingyihong,20231030
5952-92-1,1-甲基-4-吡唑甲酸,1-Methyl-1H-pyrazole-4-carboxylic acid,毕得,5g,5,g,1,32.2,not_stocked,xingyihong,20231030
25016-20-0,1-甲基吡唑-3-羧酸,1-Methyl-1H-pyrazole-3-carboxylic,毕得,5g,5,g,1,62.3,not_stocked,xingyihong,20231030
1072-53-3,"1,3,2-二噁唑噻吩 2,2-二氧化物","1,3,2-Dioxathiolane 2,2-dioxide",伊诺凯,5g,5,g,1,31.5,running_out,xuyue,20231030
144701-48-4,替米沙坦,Telmisartan,Accela,25g,25,g,1,126.9,running_out,pengjing,20231030
536-80-1,亚碘酰苯,Iodosobenzene,Aladdin,"5g	",5,g,1,155.92,running_out,huzhibin,20231030
869478-09-1,"
6-(苄氧基)-8-乙酰基-2H-苯并[1,4]恶嗪-3(4H)-酮","	8-acetyl-6-(benzyloxy)-2H-benzo[b][1,4]oxazin-3(4H)-one",毕得,250 mg,250,mg,1,95.9,not_stocked,wangxi,20231030
585-36-4,3-(三氟甲基)环己酮, 3-(Trifluoromethyl)cyclohexanot_stocked,毕得,1g,1,g,1,434,running_out,sunyichen,20231031
50890-83-0,1-甲基-1H-吲唑-3-甲酸,1-Methyl-1H-indazole-3-carboxylic acid,毕得,5g,5,g,1,111.3,not_stocked,xingyihong,20231031
13885-09-1,2-(二苯基膦基)-联苯 ,2-(Diphenylphosphino)biphenyl,毕得医药,1g,1,g,1,15.4,not_stocked,shihongwei,20231101
64297-64-9,2-碘酰苯甲酸 ,2-Iodylbenzoic Acid,麦克林,25g,25,g,1,75,not_stocked,shihongwei,20231101
13590-82-4,无水硫酸铈, Cerium(IV) sulfate,欣恒研,25g,25,g,1,38.95,not_stocked,shihongwei,20231101
2458-26-6,3-苯基吡唑,3-Phenyl-1H-pyrazole,Acmec,1g,1,g,1,24.65,not_stocked,shihongwei,20231101
10486-51-8,4-氯磺酰基苯甲酸乙酯,4-CHLOROSULFONYL-BENZOIC ACID ETHYL ESTER,阿拉丁,1g,1,g,1,99,degraded,zhaoxinyi,20231101
1122-91-4,对溴苯甲醛,4-Bromobenzaldehyde,毕得,25g,25,g,1,18.2,not_stocked,sulingyu,20231101
5332-96-7,"4-硝基苯丙酮
","4-NITROPHENYLACETONE
",毕得,25g,25,g,1,219.1,not_stocked,chengzengrui,20231101
63909-55-7,"(2-溴苯基)膦酸二乙酯
","Diethyl 2-broMobenzylphosphonate
",毕得,1g,1,g,1,,not_stocked,chengzengrui,20231101
2178-24-7,"(2-溴苯基)乙酸乙酯
","Ethyl 2-(2-bromophenyl)acetate
",毕得,25g,25,g,1,269.5,running_out,chengzengrui,20231101
555-16-8,"对硝基苯甲醛
","4-Nitrobenzaldehyde
",毕得,100g,100,g,1,42,running_out,chengzengrui,20231101
68803-79-2,"三苯基乙酸铑
","TETRAKIS(TRIPHENYLACETATO)DIRHODIUM(II)
",毕得,100mg,100,mg,1,560.7,not_stocked,chengzengrui,20231101
100643-71-8,地氯雷他定,Desloratadine,毕得,5g,5,g,1,71.4,not_stocked,sunyichen,20231101
53-16-7,"	雌酚酮","	Estrone",jk,5g,5,g,1,487,running_out,zhuminghui,20231101
7440-66-6,锌,Zinc,阿拉丁,100g,100,g,1,275,not_stocked,zhuminghui,20231101
41100-52-1,"3,5-二甲基金刚烷-1-胺盐酸盐","3,5-Dimethyladamantan-1-amine hydrochloride",毕得,5g,5,g,1,47.6,not_stocked,sunyichen,20231101
6485-55-8,"顺式2,6-二甲基吗啉","cis-2,6-Dimethylmorpholine",毕得,10g,10,g,1,38.5,not_stocked,sunyichen,20231102
28920-43-6,氯甲酸-9-芴基甲酯,9H-Fluoren-9-yl)methyl carbonochloridate,毕得,10 g,10,g,1,19.6,not_stocked,wangxi,20231102
40807-61-2,4-羟基-4-苯基哌啶,4-Hydroxy-4-phenylpiperidine,MREDA,1g,1,g,1,125,not_stocked,wangxi,20231102
,异丙苯,Cumene,百灵威J&K,100ml,100,mL,1,90.1,degraded,tangshuyuan,20231102
,叔丁基苯,tert-Butylbenzene,百灵威J&K,25 mL,25,mL,1,51,degraded,tangshuyuan,20231102
2403-88-5,,,毕得医药,25g,25,g,1,12.8,not_stocked,tangshuyuan,20231102
6674-22-2,"1,8-二氮杂双环[5.4.0]十一碳-7-烯","2,3,4,6,7,8,9,10-Octahydropyrimido[1,2-a]azepine",毕得医药,100g,100,g,1,17.5,running_out,huangyilei,20231102
680-31-9,六甲磷酰三胺,Hexamethylphosphoramide,毕得医药,100g,100,g,1,19.6,running_out,rehemuhali,20231102
98-29-3,"4-叔丁基儿茶酚
",4-Tert-Butylcatechol AR,adamas,25g,25,g,1,17.6,not_stocked,zhuminghui,20231103
591-50-4,碘苯,,毕得医药,10g,10,g,1,17.5,not_stocked,admin,20231103
100-53-8,苄硫醇,Benzyl mercaptan,百灵威,25g,25,g,1,61,running_out,zhaoxinyi,20231103
615-43-0,2-碘苯胺,2-Iodoaniline,毕得,100 g,100,g,1,137.2,running_out,huzhibin,20231103
7568-93-6,2-氨基-1-苯乙醇,,innochem,1g,1,g,1,79.8,not_stocked,wangxi,20231106
111974-74-4,"11-哌嗪-二苯并[b,f][1,4]硫氮杂卓二盐酸盐","11-(1-Piperazinyl)-dibenzo[b,f][1,4]thiazepine dihydrochloride",毕得,5g,5,g,1,94.5,not_stocked,sunyichen,20231106
110429-35-1,"(3S,4R)-3-((苯并[d][1,3]dioxol-5-氧基)甲基)-4-(4-氟苯基)哌啶盐酸盐半水合物","(3S,4R)-3-((Benzo[d][1,3]dioxol-5-yloxy)methyl)-4-(4-fluorophenyl)piperidine hydrochloride hemihydrate",毕得,1g,1,g,1,76.3,not_stocked,sunyichen,20231106
56296-78-7,N-甲基-3-(对三氟甲基苯氧基)-3-苯基丙胺盐酸盐,,毕得,5g,5,g,1,33.6,not_stocked,sunyichen,20231106
64-19-7,冰乙酸,Acetic acid,通广,500  mL x 5,500,ml,5,80,running_out,mengjunhong,20231106
7558-80-7,无水磷酸二氢钠 ,Sodium dihydngen phoshate anhydrous,麦克林,500g,500,g,1,41.6,not_stocked,shihongwei,20231106
79-34-5,,"1,1,2,2-Tetrachloroethane",沪试,500  mL x 4,500,ml,4,324,running_out,shihongwei,20231106
364-75-0,2-氟-5-碘硝基苯,1-Fluoro-4-iodo-2-nitrobenzene,毕得医药,25g,25,g,1,177.1,running_out,xingyihong,20231107
10354-00-4,"5H-二苯并[a,d]环庚烯-5-醇","5H-Dibenzo[a,d][7]annulen-5-ol",乐研,250 mg,250,mg,1,58.1,not_stocked,wangxi,20231107
,二乙胺,Diethylamine,伊诺凯,100ml,100,mL,1,21,not_stocked,tangshuyuan,20231107
12148-71-9,甲氧基(环辛二烯)合铱二聚体 ,"Bis(1,5-cyclooctadiene)dimethoxydiiridium",毕得医药,100mg,100,mg,1,112,running_out,shihongwei,20231107
4242-18-6,"5,6,7,8-四氢-1-萘甲酸 ","5,6,7,8-Tetrahydronaphthalene-1-carboxylic acid",毕得,10G,10,g,1,170,not_stocked,zhuminghui,
,,,,,,,1,67.15,not_stocked,admin,20231108
103-80-0,"苯乙酰氯
","Phenylacetyl chloride
",,25g,25,g,1,56.1,not_stocked,admin,20231108
132-16-1,"酞菁铁(II)
",Iron(II) phthalocyanine,毕得,5g,5,g,1,23.1,not_stocked,admin,20231108
14172-90-8,"5,10,15,20-四苯基-21H,23H-卟啉钴(II)","5,10,15,20-Tetraphenyl-21H,23H-porphine cobalt(II)",毕得,1g,1,g,1,111.3,not_stocked,admin,20231108
58069-82-2,尿素-13C,Urea-13C,"	Sigma-Aldrich",1g,1,g,1,2239.07,not_stocked,mengjunhong,20231108
598-94-7,"N,N-二甲基脲","	1,1-Dimethylurea",毕得,25g,25,g,1,46.2,not_stocked,mengjunhong,20231108
632-22-4,"1,1,3,3-四甲基脲","1,1,3,3-Tetramethylurea",毕得,100g,100,g,1,38.5,not_stocked,mengjunhong,20231108
81-25-4,胆酸,Cholic acid,J&K,25g,25,g,1,124.1,running_out,yanglicheng,20231108
156-41-2,4-氯苯乙胺,4-Chlorophenethylamine,百灵威,5g,5,g,1,39,not_stocked,zhaoxinyi,20231108
,氯磺酸,Chlorosulfonic acid,安耐吉,100g,100,g,1,88,not_stocked,zhaoxinyi,20231108
22367-82-4,3-甲基苯并呋喃-2-羧酸乙酯,ethyl 3-methylbenzofuran-2-carboxylate,毕得,5g*2,5,g,2,60,not_stocked,zhaoxinyi,20231108
22663-37-2,"	4-氯苯磺酰脲","	4-Chlorobenzenesulfonyl Urea","	Adamas","5g	",5,g,1,96.8,not_stocked,mengjunhong,20231109
2950-43-8,羟胺磺酸,Hydroxylamine-O-sulfonic acid,毕得,25 g,25,g,1,21,running_out,chengzengrui,20231109
70-34-8,"1-氟-2,4-二硝基苯","1-Fluoro-2,4-dinitrobenzene",伊诺凯,25g,25,g,1,44.8,running_out,huwenshu,20231109
580-35-8,,,毕得医药,250mg,250,mg,1,68.6,not_stocked,zhaobinzhi,20231111
5856-77-9,"2,2-二甲基丁酰氯","2,2-Dimethylbutyryl chloride",TCI,25g,25,g,1,196,not_stocked,zhaoxinyi,20231110
7311-64-0,3-溴噻吩-2-甲酸, 3-Bromothiophene-2-carboxylic acid,百灵威,5g,5,g,1,51,not_stocked,zhaoxinyi,20231112
4524-93-0,环戊基甲酰氯,Cyclopentanecarbonyl chloride,百灵威,5g,5,g,1,253,not_stocked,zhaoxinyi,20231112
25014-41-9,聚丙烯腈,,毕得医药,25g,25,g,1,21.7,not_stocked,zhaobinzhi,20231112
604-44-4,4-氯-1-萘酚,4-Chloronaphthalen-1-ol,毕得医药,5g,5,g,1,163.1,not_stocked,huangyilei,20231113
571-57-3,4-溴萘酚, 4-Bromonaphthalen-1-ol,毕得医药,25g,25,g,1,93.1,running_out,huangyilei,20231113
578-67-6,5-羟基喹啉,5-Hydroxyquinoline,毕得医药,5g,5,g,1,82.6,not_stocked,huangyilei,20231113
580-20-1,7-羟基喹啉,Quinolin-7-ol,毕得医药,5g,5,g,1,51.1,not_stocked,huangyilei,20231113
626-64-2,4-羟基吡啶, Pyridin-4-ol,毕得医药,25g,25,g,1,27.3,running_out,huangyilei,20231113
720-44-5,4-甲氧基二苯甲醇,4-Methoxybenzhydrol,毕得,1 g,1,g,1,25.2,not_stocked,wangxi,20231113
37859-24-8,2-(4-溴苯基)乙酰氯,2-(4-Bromophenyl)acetyl chloride,毕得,1g,1,g,1,128.1,not_stocked,admin,20231113
16567-18-3,8-溴喹啉 ,8-Bromoquinoline,毕得医药,10g,10,g,1,39.9,not_stocked,shihongwei,20231113
271-63-6,7-氮杂吲哚,"1H-Pyrrolo[2,3-b]pyridine",毕得医药,25g,25,g,1,55.3,running_out,shihongwei,20231113
108-86-1,溴苯, Bromobenzene,Adamas,25g,25,g,1,15.2,running_out,shihongwei,20231113
1532-71-4,1-溴异喹啉 ,1-Bromoisoquinoline,乐研,"5g	",5,g,1,176.4,not_stocked,shihongwei,20231113
92-44-4,"2,3-萘二酚","2,3-Dihydroxynaphthalene",毕得医药,25g,25,g,1,30.1,not_stocked,huangyilei,20231113
84-85-5,4-甲氧基-1-萘酚, 4-Methoxynaphthalen-1-ol,毕得医药,5g,5,g,1,207.9,not_stocked,huangyilei,20231113
883-99-8,3-羟基-2-萘甲酸甲酯,Methyl 3-hydroxy-2-naphthoate,毕得医药,25g,25,g,1,66.5,not_stocked,huangyilei,20231113
5111-66-0,6-甲氧基-2-萘酚,6-Methoxynaphthalen-2-ol,毕得医药,5g,5,g,1,385.7,not_stocked,huangyilei,20231113
38701-74-5,"	氘六氟异丙醇","	1,1,1,3,3,3-Hexafluoro-2-propanol-d",伊诺凯,2g,2,g,1,2079,not_stocked,zhuminghui,20231114
870987-63-6,"二[2-(2,4-二氟苯基)-5-三氟甲基吡啶][2-2'-联(4-叔丁基吡啶)]铱六氟磷酸盐 Ir[dF(CF3)ppy]2(dtbbpy)PF6","(4,4'-Di-tert-butyl-2,2'-bipyridine)bis[3,5-difluoro-2-[5-trifluoromethyl-2-pyridinyl-κN)phenyl-κC]iridium(III) Hexafluorophosphate",毕得医药,50mg,50,mg,1,61.6,not_stocked,pengsheng,20231114
1295-35-8,双-（1，5-环辛二烯）镍,,伊诺凯,1g,1,g,1,133,not_stocked,zhaobinzhi,20231114
1184-58-3,二甲基氯化铝,Dimethylaluminum chloride,阿拉丁,5g,5,g,1,71.2,not_stocked,zhaobinzhi,20231114
166330-10-5,双(2-二苯基膦苯基)醚,DPEphos,毕得医药,10G,10,g,1,25.9,not_stocked,zhaobinzhi,20231114
75-77-4,"三甲基氯硅烷,", Chlorotrimethylsilane,伊诺凯,200Ml,200,mL,1,63,not_stocked,zhuminghui,20231114
27012-25-5,5-溴-2-苯基吡啶 ,5-BROMO-2-PHENYLPYRIDINE,希恩思,250mg*2,250,mg,2,32,not_stocked,shihongwei,20231115
139585-70-9,2-溴-5-氰基吡啶 ,6-Bromonicotinonitrile,毕得医药,5g,5,g,1,52.5,not_stocked,shihongwei,20231115
26218-78-0,6-溴烟酸甲酯 ,Methyl 6-bromonicotinate,毕得医药,1g,1,g,1,21.7,not_stocked,shihongwei,20231115
7722-76-1,磷酸二氢铵 ,Ammonium dihydrogen phosphate,Amethyst,500g,500,g,1,51.85,not_stocked,shihongwei,20231115
5969-83-5,2-(4-氯苯基)吡啶 ,2-(4-Chlorophenyl)pyridine,毕得医药,250mg,250,mg,1,63.7,not_stocked,shihongwei,20231115
58861-53-3,2-(4-氟苯基)吡啶 ,2-(4-Fluorophenyl)pyridine,安耐吉,1g,1,g,1,43.2,not_stocked,shihongwei,20231115
529-23-7,2-氨基苯甲醛,2-Aminobenzaldehyde,希恩思,5g,5,g,1,62,running_out,huzhibin,20231115
,三氟乙酸,,安耐吉,500g,500,g,1,143.1,running_out,xuguofeng,20231115
64-18-6,甲酸，用于分析,Formic acid,百灵威,500g,500,g,1,58.65,running_out,xuguofeng,20231115
4595-60-2,2-溴嘧啶 ,2-Bromopyrimidine,希恩思,5g,5,g,1,26,running_out,shihongwei,20231115
1313-82-2,硫化钠,Sodium sulfide,安耐吉,5g,5,g,1,125.1,not_stocked,sulingyu,20231115
1641-41-4,"2,3-二氢-1H-4-茚醇 ","2,3-Dihydro-1H-inden-4-ol",伊诺凯,5g,5,g,1,376,running_out,zhuminghui,20231115
81-23-2,脱氢胆酸,Dehydrocholic Acid,百灵威,25g,25,g,1,312,running_out,pengjing,20231116
128-13-2,熊去氧胆酸,Ursodeoxycholic acid,百灵威,1g,1,g,1,80,running_out,zhaoxinyi,20231117
5651-47-8,3-异丙基苯甲酸,3-(1-Methylethyl)benzoic acid,毕得医药,5g,5,g,1,256,not_stocked,huotongyu,20231117
619-20-5,3-乙基苯甲酸,3-ETHYLBENZOIC ACID,毕得医药,250mg,250,mg,1,312.9,not_stocked,huotongyu,20231117
1129-06-2,3-环丙基苯甲酸,3-Cyclopropylbenzoic acid,毕得医药,1g,1,g,1,375,not_stocked,huotongyu,20231117
51524-84-6,3-甲氨基苯甲酸,3-METHYLAMINO-BENZOIC ACID,毕得医药,1g,1,g,1,380,not_stocked,huotongyu,20231117
99-64-9,间二甲氨基苯甲酸,3-(Dimethylamino)benzoic acid,毕得医药,100g,100,g,1,62.3,not_stocked,huotongyu,20231117
670-80-4,1-吗啉基-1-环己烯,N-(1-Cyclohexen-1-yl)morpholine,毕得医药,5g,5,g,1,23.1,not_stocked,tangshuyuan,20231117
2033-89-8,"3,4-二甲氧基苯酚","3,4-Dimethoxyphenol",毕得医药,5g,5,g,1,88.2,not_stocked,huangyilei,20231118
824-46-4,2-甲氧基对苯二酚,2-Methoxyhydroquinot_stocked,毕得医药,25g,25,g,1,114.1,not_stocked,huangyilei,20231118
581-43-1,2-羟基-6-萘酚, 2-Hydroxy-6-naphthol,乐研,25g,25,g,1,269.5,not_stocked,huangyilei,20231118
5498-31-7,1-溴-3-羟基萘,1-Bromo-3-hydroxynaphthalene,毕得医药,5g,5,g,1,280.7,not_stocked,huangyilei,20231118
132-86-5,"1,3-二羟基萘","Naphthalene-1,3-diol",毕得医药,5g,5,g,1,131.6,not_stocked,huangyilei,20231118
13735-81-4,1-苯基-1-三甲基硅氧乙烯,1-(Trimethylsilyloxy)-1-phenylethene,毕得,5 g,5,g,1,58.1,running_out,wangxi,20231118
126747-14-6,4-氰基苯硼酸,4-Cyanophenylboronic acid,希恩思,"5g	",5,g,1,24,not_stocked,shihongwei,20231119
110-82-7,环己烷，HPLC,Cyclohexane,通广,500mL,500,mL,1,93,running_out,pengjing,20231120
110-82-7,环己烷，AR,Cyclohexane,通广,500mL,500,mL,1,11,running_out,pengjing,20231120
1975/5/8,乙腈，HPLC,Acetonitrile,通广,,,,1,33,running_out,pengjing,20231120
64-18-6,甲酸,"
Formic acid, 98%, for analysis",JK,500g,500,g,1,58.65,running_out,xuguofeng,20231120
,对氨基苯甲醇,,毕得,5g,5,g,1,21.7,not_stocked,xuguofeng,20231120
63295-48-7,"	三氟甲磺酸铁(III)","	Iron(III) trifluoromethanesulfonate",伊诺凯,25G,25,g,1,199.5,running_out,mengjunhong,20231120
540-80-7,亚硝酸叔丁酯, tert-Butyl nitrite,Amethyst,100ml,100,mL,1,123.25,running_out,huzhibin,20231120
4648-54-8,叠氮基三甲基硅烷,Trimethylsilyl azide,阿拉丁,25mlx2,25,ml,2,123.12,running_out,huzhibin,20231120
110-89-4,哌啶,Piperidine,"国药	",100ml,100,mL,1,55,not_stocked,huzhibin,20231120
13007-92-6,六羰基铬(0),Chromium(0) hexacarbonyl,毕得,1 g,1,g,1,39.2,not_stocked,wangxi,20231121
,,Lithium hydroxide monohydrate,凯国科技,25g,25,g,1,56.7,not_stocked,xingyihong,20231121
,,,毕得,5g,5,g,1,60.2,not_stocked,xingyihong,20231121
108-90-7,氯苯,Chlorobenzene,上海泰坦,500  mL x 5,500,ml,5,24,running_out,zhaobinzhi,20231122
148893-10-1,"O-(7-氮杂苯并三唑-1-基)-N,N,N',N'-四甲基脲六氟磷酸盐","O-(7-Azabenzotriazol-1-yl)-N,N,N',N'-tetramethyl uronium",毕得,100g,100,g,1,236.6,running_out,xingyihong,20231122
38997-97-6,"1-(2,3-二氢-1H-茚-4-基)乙酮 ","1-(2,3-Dihydro-1H-inden-4-yl)ethanot_stocked",毕得,250mg,250,mg,1,420,not_stocked,zhuminghui,20231122
1189-71-5,氯磺酰异氰酸酯,Chlorosulfonyl isocyanate,安耐吉,25g,25,g,1,38.7,running_out,huzhibin,20231122
68855-54-9,硅藻土,celite,欣恒研,250g,250,g,1,38,running_out,xingyihong,20231122
109-99-9,四氢呋喃,Tetrahydrofuran,通广,AR 500ML*3,,,1,38,running_out,huangyilei,20231122
110-46-3,亚硝酸异戊酯, Isopentyl nitrite,百灵威J&K,100ML,100,mL,1,294.95,running_out,huangyilei,20231122
5798-75-4,4-溴苯甲酸乙酯,"	Ethyl 4-bromobenzoate",百灵威,50g,50,g,1,189,running_out,zhaoxinyi,20231122
100-53-8,苄硫醇,Benzyl mercaptan,百灵威J&K,25g,25,g,1,102.85,not_stocked,zhaoxinyi,20231122
,,,,,,,1,399,not_stocked,admin,20231122
278779-30-9,"	3-(2,6-二氯苯基)-4-(3'-羧基-2-氯二苯乙烯-4-基)氧甲基-5-异丙基异恶唑",GW 4064,源叶,5mg,5,mg,1,255,running_out,pengjing,20231122
51364-51-3,三(二亚苄基丙酮)二钯,Tris(dibenzylideneacetone)dipalladium(0),毕得医药,1g,1,g,1,125.3,running_out,pengjing,20231123
811-98-3,"	氘代甲醇","	Methanol-d4
",伊诺凯,18 ml,18,mL,1,405,not_stocked,zhuminghui,20231123
154825-96-4,2-(4-(1-羟基-4-(4-(羟基二苯基甲基)哌啶-1-基)丁基)苯基)-2-甲基丙酸甲酯 ,Methyl 2-(4-(1-hydroxy-4-(4-(hydroxydiphenylmethyl)piperidin-1-yl)butyl)phenyl)-2-methylpropanoate,毕得,250mg,250,mg,1,484,not_stocked,zhuminghui,20231123
32005-36-0,双(二亚苄基丙酮)钯(0)," Bis(dibenzylideneacetone)palladium,",百灵威J&K,1g,1,g,1,319.6,not_stocked,zhuminghui,20231123
,,,百灵威J&K,1g,1,g,1,64.5,degraded,rehemuhali,20231123
13716-12-6,三叔丁基膦,Tri-tert-butylphosphine,innochem（伊诺凯）,5g,5,g,1,420,not_stocked,zhuminghui,20231123
7783-49-5,氟化锌 ,"Zinc fluoride,",百灵威J&K,"	25G",25,g,1,115,not_stocked,zhuminghui,20231123
31469-15-5,1-甲氧基-1-(三甲基甲硅氧基)-2-甲基-1-丙烯, ((1-Methoxy-2-methylprop-1-en-1-yl)oxy)trimethylsilane,毕得,25g,25,g,1,169,not_stocked,zhuminghui,20231123
118-56-9,"3,3,5-三甲基环己基2-羟基苯甲酸酯 ","3,3,5-Trimethylcyclohexyl 2-hydroxybenzoate",毕得,25g,25,g,1,100.8,not_stocked,zhuminghui,20231123
55499-43-9,,"3,4-Dimethylphenylboronic acid",毕得医药,5g,5,g,1,32.2,not_stocked,shihongwei,20231123
73290-22-9,2-溴-5-碘吡啶 ,2-Bromo-5-iodopyridine,罗恩,25g,25,g,1,99.2,not_stocked,shihongwei,20231123
34784-02-6,3-溴异喹啉 ,3-Bromoisoquinoline,希恩思,1g,1,g,1,79,running_out,shihongwei,20231123
50-28-2,雌二醇 ,β-Estradiol,MREDA,,,,1,63,not_stocked,shihongwei,20231123
518336-20-4,4-(1-羟乙基)苯基硼酸 ,(4-(1-Hydroxyethyl)phenyl)boronicacid,乐研,1g,1,g,1,76.3,not_stocked,shihongwei,20231123
68697-61-0,2-氨基-3-(4-羟基苯基)丙酸甲酯盐酸盐 ,2-Amino-3-(4-hydroxyphenyl)propionicacidmethylesterhydrochloride,乐研,25g,25,g,1,53.9,not_stocked,shihongwei,20231123
161950-10-3,4-氯-3-甲基苯硼酸,（4-chloro-3-methylphenyl)- Boronic acid,MREDA,1g,1,g,1,15,not_stocked,shihongwei,20231123
175883-63-3,3-氯-4-甲基苯硼酸 ,"Boronic acid, B-(3-chloro-4-methylphenyl)-",MREDA,1g,1,g,1,29.5,not_stocked,shihongwei,20231123
17865-11-1,4-三甲硅基苯硼酸 ,(4-(Trimethylsilyl)phenyl)boronic acid,毕得医药,5g,5,g,1,97.3,not_stocked,shihongwei,20231123
279262-11-2,4-甲氧基甲基苯基硼酸 ,(4-(Methoxymethyl)phenyl)boronic acid,毕得医药,1g,1,g,1,20.3,not_stocked,shihongwei,20231123
2156/4/9,4-乙烯基苯硼酸 ,4-Vinylbenzeneboronic acid,欣恒研,1g,1,g,1,51.1,not_stocked,shihongwei,20231123
37859-24-8,对溴苯乙酰氯,4-Bromophenylacetyl chloride,毕得医药,1g,1,g,1,128,running_out,rehemuhali,20231124
107-10-8,正丙胺,Propylamine,伊诺凯,500ml,500,mL,1,50.88,degraded,rehemuhali,20231124
,2-(氮杂环丁烷-3-基)丙-2-醇盐酸盐,,毕得医药,250mg,250,mg,1,57.4,not_stocked,xuguofeng,20231124
26218-78-0,6-溴烟酸甲酯,Methyl 6-bromonicotinate,毕得医药,5g,5,g,1,38.5,running_out,shihongwei,20231126
139042-59-4,5-乙酰基-2-溴吡啶 ,5-Acetyl-2-bromopyridine,毕得医药,5g,5,g,1,62.3,not_stocked,shihongwei,20231126
89488-29-9,2-溴-4-甲氧基吡啶 ,2-Bromo-4-methoxypyridine,毕得医药,1g,1,g,1,51.1,running_out,shihongwei,20231126
55717-45-8,6-溴吡啶-3-醇 ,6-Bromopyridin-3-ol,毕得医药,10g,10,g,1,62.3,running_out,shihongwei,20231126
107351-82-6,2-溴-5-苯基吡啶 ,2-Bromo-5-phenylpyridine,毕得医药,1g,1,g,1,100.1,running_out,shihongwei,20231126
630120-99-9,5-(苄氧基)-2-溴吡啶 ,5-(Benzyloxy)-2-bromopyridine,毕得医药,1g,1,g,1,119.7,running_out,shihongwei,20231126
74-88-4,碘甲烷,Iodomethane,安耐吉,25g,25,g,1,50,running_out,admin,20231126
1493-27-2,2-氟硝基苯,1-Fluoro-2-nitrobenzene,毕得医药,500g,500,g,1,67.2,running_out,sulingyu,20231127
16456-81-8,"21H,23H-卟吩,5,10,15,20-四苯基-铁络合物 ","21H,23H-Porphine, 5,10,15,20-tetraphenyl-, iron complex",毕得医药,1 g,1,g,1,337.4,running_out,chengzengrui,20231127
7436-22-8,"氘代甲胺盐酸盐
","METHYL-D3-AMINE HYDROCHLORIDE
",Adamas,1 g*2,1,g,2,85.6,not_stocked,chengzengrui,20231127
1118-69-0,"N-异丙基乙酰胺
","N-Isopropylacetamide
",毕得医药,5 g,5,g,1,21.7,not_stocked,chengzengrui,20231127
22367-82-4,3-甲基苯并呋喃-2-羧酸乙酯,Ethyl 3-methylbenzofuran-2-carboxylate,毕得医药,25g * 2,25,g,2,303.8,running_out,huotongyu,20231127
150-76-5,4-甲氧基苯酚,4-Methoxyphenol,毕得医药,25g,25,g,1,14,running_out,huangyilei,20231127
100-02-7,4硝基苯酚,4-Nitrophenol,百灵威J&K,25G,25,g,1,56.1,running_out,huangyilei,20231127
402-45-9,4三氟甲基苯酚,4-(Trifluoromethyl)phenol,百灵威J&K,5G,5,g,1,79.05,running_out,huangyilei,20231127
73290-22-9,2-溴-5-碘吡啶 ,2-Bromo-5-iodopyridine,希恩思,25g,25,g,1,122,not_stocked,shihongwei,20231127
591-22-0,"3,5-二甲基吡啶","3,5-Lutidine,",innochem（伊诺凯）,25ml,25,mL,1,21,not_stocked,shihongwei,20231127
,四(三苯基膦)钯 ,Tetrakis(triphenylphosphine)palladium(0),希恩思,5g,5,g,1,233,running_out,shihongwei,20231127
50679-08-8,"1-(4-(叔丁基)苯基)-4-(4-(羟基二苯基甲基)哌啶-1-基)丁-1-醇 
",1-(4-(tert-Butyl)phenyl)-4-(4-(hydroxydiphenylmethyl)piperidin-1-yl)butan-1-ol,毕得,1g,1,g,1,375,not_stocked,zhuminghui,20231128
62668-02-4,"反式-1,3-二苯基-2丙烯-1-醇","(E)-1,3-Diphenylprop-2-en-1-ol",毕得,1 g,1,g,1,65.8,not_stocked,wangxi,20231128
79060-88-1,"四(3,5-二(三氟甲基)苯基)硼酸钠","Sodium tetrakis(3,5-bis(trifluoromethyl)phenyl)borate",毕得,5 g,5,g,1,111.3,not_stocked,wangxi,20231128
58109-40-3,二苯碘六氟磷酸盐,Diphenyliodonium hexafluorophosphate,毕得,5 g,5,g,1,83.3,not_stocked,wangxi,20231128
35447-99-5,"双环[4.2.0]辛-1,3,5-三烯-7-醇","Bicyclo[4.2.0]octa-1,3,5-trien-7-ol",毕得,250 mg,250,mg,1,241.5,not_stocked,wangxi,20231128
74-88-4,碘甲烷,Iodomethane,安徽泽升,25 g,25,g,1,50,not_stocked,wangxi,20231128
696-62-8,4-碘苯甲醚 ,4-Iodoanisole,毕得,25G,25,g,1,25.9,not_stocked,tanhui,20231128
24964-64-5,3-氰基苯甲醛,3-Formylbenzonitrile,毕得,5 g,5,g,1,16.1,running_out,wangxi,20231128
236406-55-6,"2-叔丁氧羰基-2,7-二氮杂螺[3.5]壬烷 ","-(tert-Butoxycarbonyl)-2,7-diazaspiro[3.5]nonane",毕得,10g,10,g,1,431,not_stocked,zhaoxinyi,20231128
5720/5/8,,4-Tolylboronic acid,毕得,25g,25,g,1,22.4,running_out,shihongwei,20231128
31518-14-6,"5,6-二氢-4H-吡喃-2-甲酸
","5,6-DIHYDRO-4H-PYRAN-2-CARBOXYLIC ACID
",毕得,5 g,5,g,1,158.2,not_stocked,chengzengrui,20231129
3749-36-8,"2-羟甲基-3,4-二氢吡喃
","3,4-Dihydro-2H-pyran-2-methanol",毕得,5 g,5,g,1,67.2,not_stocked,chengzengrui,20231129
3399-73-3,2-(环己-1-烯-1-基)乙胺,2-(Cyclohex-1-en-1-yl)ethanamine,毕得,25 g,25,g,1,25.9,not_stocked,chengzengrui,20231129
484-12-8,7-甲氧基-8-(3-甲基丁-2-烯-1-基)-2H-苯并吡喃-2-酮,7-Methoxy-8-(3-methylbut-2-en-1-yl)-2H-chromen-2-one,毕得,5 g,5,g,1,111.3,not_stocked,chengzengrui,20231129
154229-18-2,乙酸阿比特龙酯,"Abiraterone acetate
",毕得,5 g,5,g,1,193.2,not_stocked,chengzengrui,20231129
636-196-5,京尼平,Genipin,毕得,5 g,5,g,1,254.1,not_stocked,chengzengrui,20231129
58101-60-3,3-环戊烯-1-甲酸甲酯,Methyl 3-cyclopentenecarboxylate,毕得,5 g,5,g,1,39.2,not_stocked,chengzengrui,20231129
514-10-3,"松香酸
",Abietic Acid,Adamas,5 g,5,g,1,23.2,not_stocked,chengzengrui,20231129
30968-45-7,二氢松香酸甲酯,"DIHYDROABIETIC ACID METHYL ESTER
",Acmec,5 g,5,g,1,61.2,not_stocked,chengzengrui,20231129
6990/6/3,夫西地酸,"Fusidine
",毕得医药,5 g,5,g,1,88.9,not_stocked,chengzengrui,20231129
69-53-4,氨苄西林,"Ampicillin
",innochem,5 g,5,g,1,24.5,not_stocked,chengzengrui,20231129
5750-76-5,"2,4,5-三氯嘧啶","2,4,5-Trichloropyrimidine",毕得,25g,25,g,1,45.5,not_stocked,sulingyu,20231129
1780-31-0,"2,4-二氯-5-甲基嘧啶","2,4-Dichloro-5-methylpyrimidine",毕得,25g,25,g,1,29.4,not_stocked,sulingyu,20231129
16153-81-4,4-(4-甲基-1-哌嗪基)苯胺,4-(4-Methylpiperazin-1-yl)phenylamine,毕得,10g,10,g,1,33.6,not_stocked,sulingyu,20231129
35161-71-8,N-甲基炔丙基胺,"N-methylpropargylamine	",毕得,5g,5,g,1,304.5,not_stocked,huzhibin,20231129
105382-09-0,L-高苯丙氨酸盐酸盐,(S)-2-Amino-4-phenylbutanoic acid hydrochloride,毕得,1g,1,g,1,67,not_stocked,zhaoxinyi,20231130
2899-29-8,S)-2-氨基-3-(1H-吲哚-3-基)丙-1-醇 ,(S)-2-Amino-3-(1H-indol-3-yl)propan-1-ol,毕得,1g,1,g,1,94,not_stocked,zhaoxinyi,20231130
18598-74-8,L异亮氨酸甲酯 盐酸盐 ,H-Ile-Ome·HCl,百灵威,1g,1,g,1,91,not_stocked,zhaoxinyi,20231130
79060-88-1,"四(3,5-二(三氟甲基)苯基)硼酸钠","Sodium tetrakis(3,5-bis(trifluoromethyl)phenyl)borate",希恩思,5 g,5,g,1,104,not_stocked,wangxi,20231130
1469-48-3,"顺式-1,2,3,6-四氢邻苯二甲酰亚胺	","cis-3a,4,7,7a-Tetrahydro-1H-isoindole-1,3(2H)-dione	",毕得,"10g	",10,g,1,16.8,not_stocked,huzhibin,20231130
145-13-1,"孕烯醇酮
","Pregnenolone
",伊诺凯,25 g,25,g,1,114.8,running_out,chengzengrui,20231130
204254-96-6,"	5-(戊烷-3-基氧基)-7-氧杂双环(4.1.0)庚-3-烯-3-羧酸乙酯","Ethyl (1S,5R,6S)-5-(pentan-3-yl-oxy)-7-oxa-bicyclo[4.1.0]hept-3-ene-3-carboxylate",毕得,5 g,5,g,1,96.6,not_stocked,chengzengrui,20231130
17924-92-4,玉米烯酮,"Zearalenot_stocked
",伊诺凯,1 g,1,g,1,443.1,not_stocked,chengzengrui,20231130
30968-45-7,"二氢松香酸甲酯
",Methyl Dihydroabietate,伊诺凯,5 g,5,g,1,57,not_stocked,chengzengrui,20231130
4841-84-3,"cis-4-环己烯-1,2-二甲酸二甲酯","cis-Dimethyl cyclohex-4-ene-1,2-dicarboxylate",毕得,5 g,5,g,1,161.7,not_stocked,chengzengrui,20231130
84-80-0,"2-甲基-3-((7R,11R,E)-3,7,11,15-四甲基十六烷-2-烯-1-基)萘-1,4-二酮	","2-Methyl-3-((7R,11R,E)-3,7,11,15-tetramethylhexadec-2-en-1-yl)naphthalene-1,4-dione	",毕得,5 g,5,g,1,151.2,not_stocked,chengzengrui,20231130
515-69-5,"	rel-(R)-6-甲基-2-((R)-4-甲基环己-3-烯-1-基)庚-5-烯-2-醇	",rel-(R)-6-Methyl-2-((R)-4-methylcyclohex-3-en-1-yl)hept-5-en-2-ol,毕得,5 g,5,g,1,107.1,not_stocked,chengzengrui,20231130
,"	4,4a,5,6,7,8-六氢-(4R,4aS,6R)-4,4a--二甲基-6-(1-甲基乙烯基)-2(3H)-萘酮","(4R,4aS,6R)-4,4a-Dimethyl-6-(prop-1-en-2-yl)-4,4a,5,6,7,8-hexahydronaphthalen-2(3H)-one",毕得,1 g,1,g,1,96.6,not_stocked,chengzengrui,20231130
4630/7/3,"(3R,4aS,5R)-4a,5-二甲基-3-(丙-1-烯-2-基)-1,2,3,4,4a,5,6,7-八氢萘","	(3R,4aS,5R)-4a,5-Dimethyl-3-(prop-1-en-2-yl)-1,2,3,4,4a,5,6,7-octahydronaphthalene",毕得,1 g,1,g,1,110.6,not_stocked,chengzengrui,20231130
595-33-5,醋酸甲地孕酮,"Megestrol acetate
",毕得,5 g,5,g,1,78.4,not_stocked,chengzengrui,20231130
2222-33-5,"二苯并[a,d]环庚烯-5-酮","5H-Dibenzo[a,d][7]annulen-5-one	",毕得,5 g,5,g,1,17.5,not_stocked,chengzengrui,20231130
574-12-9,大豆异黄酮,"Isoflavone
",麦克林,5 g,5,g,1,24,not_stocked,chengzengrui,20231130
469-61-4,"α-柏木烯
", (-)-alpha-cedrene,,1 g,1,g,1,259.12,running_out,chengzengrui,20231130
20949-81-9,2-苯基噻唑-4-甲醛,2-Phenylthiazole-4-carbaldehyde,毕得,250mg,250,mg,1,63.7,not_stocked,yanglicheng,20231201
99-61-6,间硝基苯甲醛,3-Nitrobenzaldehyde,毕得,25g,25,g,1,16.1,not_stocked,yanglicheng,20231201
128-09-6,N-氯代丁二酰亚胺,"1-Chloropyrrolidine-2,5-dione",毕得,100g,100,g,1,16.8,running_out,pengjing,20231201
776-75-0,1-苯甲酰哌啶,Phenyl(piperidin-1-yl)methanot_stocked,毕得,250mg,250,mg,1,28.7,running_out,yanglicheng,20231203
,,"2,4-Lutidine",,"5g	",5,g,1,21.75,not_stocked,zhaobinzhi,20231203
1666-13-3,二苯基二硒醚,Diphenyl diselenide,伊诺凯,25g,25,g,1,325,running_out,zhuminghui,20231203
5469-69-2,3-氨基-6-氯哒嗪,3-Amino-6-chloropyridazin,安徽泽升,25g,25,g,1,29.7,not_stocked,huwenshu,20231205
51229-51-7,1-(4-(溴甲基)苯基)乙酮, 1-(4-(Bromomethyl)phenyl)ethanot_stocked,毕得,10g,10,g,1,646,running_out,zhuminghui,20231205
106-44-5,对甲基苯酚,p-Cresol,百灵威J&K,100G,100,g,1,110.5,running_out,huangyilei,20231205
121-44-8,三乙胺,Triethylamine,通广,500mlx3,500,ml,3,18,common_public,huzhibin,20231205
24034-73-9,"香叶基香叶醇
","GERANYLGERANIOL
",毕得,1 g,1,g,1,336,not_stocked,chengzengrui,20231205
13190-97-1,茄尼醇,Solanesol,毕得,5 g,5,g,1,121.1,not_stocked,chengzengrui,20231205
25662-28-6,环戊烯-1-羧酸甲酯,Methyl 1-cyclopentene-1-carboxylate,毕得,"10g	",10,g,1,135.1,running_out,chengzengrui,20231205
14647-23-5,"1,2-双(二苯基膦)乙烷氯化镍","1,2-Bis(diphenylphosphino)ethane nickel(II) chloride",毕得,5 g,5,g,1,19.6,running_out,chengzengrui,20231205
66207-23-6,"5,6-二氢吡啶-1(2H)-羧酸苄酯","Benzyl 5,6-dihydropyridine-1(2H)-carboxylate",毕得,5 g,5,g,1,39.2,not_stocked,chengzengrui,20231205
185847-84-1,"4-氧代-3,4-二氢吡啶-1(2H)-羧酸苄酯","Benzyl 4-oxo-3,4-dihydropyridine-1(2H)-carboxylate",毕得,1 g,1,g,1,105.7,not_stocked,chengzengrui,20231205
2188-68-3,盐酸石蒜碱,Lycorine chloride,源叶,1 g,1,g,1,235.12,not_stocked,chengzengrui,20231205
64-86-8,秋水仙碱,"
Colchicine",伊诺凯,1 g,1,g,1,142.1,not_stocked,chengzengrui,20231205
479-27-6,"1,8-二氨基萘","Naphthalene-1,8-diamine",毕得,100 g,100,g,1,67.2,running_out,wangxi,20231207
74-88-4,碘甲烷,Iodomethane,安徽泽升,100 g,100,g,1,160,running_out,wangxi,20231207
128-13-2,熊去氧胆酸,Ursodeoxycholic acid,百灵威,5g,5,g,1,150,not_stocked,zhaoxinyi,20231207
117142-26-4,Boc-3-(3-吡啶基)-L-丙氨酸,Boc-3-Pal-OH,毕得,1g,1,g,1,130,not_stocked,zhaoxinyi,20231207
112-79-8,(E)-十八碳-9-烯酸,(E)-Octadec-9-enoic acid,毕得,5g X 2,5,g,2,199.5,running_out,mengjunhong,20231207
16853-85-3,氢化锂铝,Lithium aluminium hydride,安耐吉,25G,25,g,1,90,not_stocked,mengjunhong,20231207
29548-30-9,金合欢醇乙酸酯 ,Farnesylacetate,Adamas,1ml,1,mL,1,46.5,running_out,chengzengrui,20231208
51429-74-4,磷钼酸x水合物,Molybdic phosphoric anhydride xhydrate,毕得,25 g,25,g,1,23.1,running_out,chengzengrui,20231208
61-54-1,色胺,Tryptamine,百灵威,10g,10,g,1,163,degraded,zhaoxinyi,20231208
150255-96-2,#NAME?,3-氰基苯硼酸,毕得,10g,10,g,1,44,not_stocked,zhuminghui,20231208
13331-27-6,"3-Nitrophenylboronic acid
","3-硝基苯硼酸
",毕得,10g,10,g,1,50,not_stocked,zhuminghui,20231208
832114-07-5,"N,N-二甲基-3-(4,4,5,5-四甲基-1,3,2-二氧硼杂环戊烷-2-基)苯甲酰胺 
货号","N,N-Dimethyl-3-(4,4,5,5-tetramethyl-1,3,2-dioxaborolan-2-yl)benzamide",毕得,2g,2,g,1,555,not_stocked,zhuminghui,20231208
5391-88-8,1-(4-溴苯基)乙醇 ,1-(4-Bromophenyl)ethanol,毕得,25g,25,g,1,136,not_stocked,zhuminghui,20231208
77-92-9,柠檬酸,Citrate acid,通广,500g,500,g,1,23,not_stocked,huzhibin,20231209
67-66-3,三氯甲烷 ,TIRCHLOROMETHANE,通广,500mL×2,,,1,70,running_out,shihongwei,20231210
58164-61-7,三氟甲磺酸钴(II) ,Cobalt(II) trifluoromethanesulfonate,毕得医药,5g,5,g,1,91.7,not_stocked,huangyilei,20231210
10519-96-7,三甲基硅醇钾,Potassium trimethylsilanolate,毕得医药,25g,25,g,1,61.6,not_stocked,huangyilei,20231210
,4-(4-(3-(4-氯-3-(三氟甲基)苯基)脲基)苯氧基)-N-甲基-2-吡啶甲酰胺,"
4-(4-(3-(4-Chloro-3-(trifluoromethyl)phenyl)ureido)phenoxy)-N-methylpicolinamide",毕得医药,1g,1,g,1,21.7,not_stocked,xuguofeng,20231211
142-72-3,醋酸镁,,毕得医药,25g,25,g,1,14,not_stocked,zhaobinzhi,20231211
138402-11-6,厄贝沙坦,Irbesartan,安徽泽升,5g,5,g,1,46.8,not_stocked,huwenshu,20231211
181219-01-2,4-吡啶硼酸频哪醇酯,"4-(4,4,5,5-Tetramethyl-1,3,2-dioxaborolan-2-yl)pyridine",毕得医药,10g,10,g,1,59.5,not_stocked,xingyihong,20231211
329214-79-1,"3-(4,4,5,5-四甲基-1,3,2-二氧杂硼杂戊环-2-基)吡啶","-(4,4,5,5-Tetramethyl-1,3,2-dioxaborolan-2-yl)pyridine",毕得医药,10g,10,g,1,55.3,not_stocked,xingyihong,20231211
42564-51-2,4-氟-3-硝基苯甲醛,4-Fluoro-3-nitrobenzaldehyde,毕得医药,25g,25,g,1,69.3,not_stocked,xingyihong,20231211
3411-48-1,三(1-萘基)膦,Tri(naphthalen-1-yl)phosphine,毕得,1 g,1,g,1,46.9,not_stocked,wangxi,20231212
2393-23-9,4-甲氧基苄胺,4-Methoxybenzylamine,毕得,25g,25,g,1,20.3,degraded,sunyichen,20231212
7782-78-7,"亚硝基硫酸溶液
",Nitrosylsulfuric acid solution,阿拉丁,250 mL,250,mL,1,655.12,not_stocked,admin,20231212
204255-11-8,"	(3R,4R,5S)-4-乙酰氨基-5-氨基-3-(戊-3-基氧基)环己-1-烯羧酸乙酯磷酸盐","	(3R,4R,5S)-Ethyl 4-acetamido-5-amino-3-(pentan-3-yloxy)cyclohex-1-enecarboxylate phosphate",毕得,5 g,5,g,1,338.1,not_stocked,admin,20231212
95716-70-4,"	(7α,17α)-17-羟基-3-氧代-孕甾-4,9(11)-二烯-7,21-二羧酸-gammar-内酯甲酯","	(2'R,7R,8R,10S,13S,14S)-Methyl 10,13-dimethyl-3,5'-dioxo-1,2,3,4',5',6,7,8,10,12,13,14,15,16-tetradecahydro-3'H-spiro[cyclopenta[a]phenanthrene-17,2'-furan]-7-carboxylate",毕得,1 g,1,g,1,140,not_stocked,admin,20231212
947-19-3,"
1-羟基环己基苯基甲酮","	(1-Hydroxycyclohexyl)(phenyl)methanot_stocked",毕得,25 g,25,g,1,14,not_stocked,admin,20231212
32138-69-5,"17-碘雄甾-5,16-二烯-3beta-醇","(3S,8R,9S,10R,13S,14S)-17-Iodo-10,13-dimethyl-2,3,4,7,8,9,10,11,12,13,14,15-dodecahydro-1H-cyclopenta[a]phenanthren-3-ol",毕得,5 g,5,g,1,89.6,not_stocked,admin,20231212
108-74-7,"1,3,5-三甲基-1,3,5-三嗪烷","1,3,5-Trimethyl-1,3,5-triazinane",毕得,5g,5,g,1,99.4,not_stocked,huangyilei,20231212
,4-戊基苯硼酸,,希恩思,1g,1,g,1,13,not_stocked,shihongwei,20231212
63139-21-9,4-乙基苯硼酸 ,4-Ethylbenzeneboronic acid,希恩思,1g,1,g,1,14,running_out,shihongwei,20231212
16152-51-5,4-异丙基苯硼酸 ,4-Isopropylphenylboronic Acid,希恩思,1g,1,g,1,17,running_out,shihongwei,20231212
123324-71-0,4-叔丁基苯硼酸 ,(4-(tert-Butyl)phenyl)boronic acid,希恩思,1g,1,g,1,13.3,running_out,shihongwei,20231212
3900-89-8,2-氯苯基硼酸,2-Chlorophenylboronic acid,希恩思,1g,1,g,1,10,running_out,shihongwei,20231212
1993/3/9,2-氟苯硼酸 ,2-Fluorophenylboronic acid,希恩思,1g,1,g,1,10,running_out,shihongwei,20231212
3510-66-5,2-溴-5-甲基吡啶 ,2-Bromo-5-methylpyridine,毕得医药,100g,100,g,1,140,running_out,shihongwei,20231212
108-88-3,甲苯,Toluene,通广,5L,5,L,1,280,running_out,mengjunhong,20231213
61676-62-8,"2-异丙氧基-4,4,5,5-四甲基-1,3,2-二氧杂环戊硼烷 ","2-Isopropoxy-4,4,5,5-tetramethyl-1,3,2-dioxaborolane",毕得医药,100g,100,g,1,60.9,not_stocked,shihongwei,20231213
886593-45-9,4-(2-羟基-2-丙基)苯硼酸 ,(4-(2-Hydroxypropan-2-yl)phenyl)boronic acid,毕得医药,1g,1,g,1,58.1,not_stocked,shihongwei,20231213
177490-82-3,4-乙酰氧基苯基硼酸 ,(4-Acetoxyphenyl)boronic acid,毕得医药,1g,1,g,1,76.3,not_stocked,shihongwei,20231213
16743-33-2,六氟乙酰丙酮锌二水," Zinc,bis(1,1,1,5,5,5-hexafluoro-2,4-pentanedionato-kO,kO')-, dihydrate, (T-4)- (9CI)",MREDA,1g,1,g,1,208.8,not_stocked,huangyilei,20231214
373384-18-0,3-甲磺酰基苯硼酸, (3-(Methylsulfonyl)phenyl)boronic acid,毕得,5g,5,g,1,183,not_stocked,zhuminghui,20231214
95464-05-4,"1,1'-双(二苯膦基)二茂铁二氯化钯(II)二氯甲烷复合物",,毕得,1g,1,g,1,110.6,running_out,xingyihong,20231215
60748-47-2,三(二亚苄基丙酮)二钯,PD2DBA3,毕得,1g,1,g,1,131.6,running_out,xingyihong,20231215
,4-苯基-1-丁烯-4-醇,4-Phenyl-1-buten-4-ol,希恩思,1 g,1,g,1,61,not_stocked,wangxi,20231215
,"
乙酰丙酮氧钒(Ⅳ)",Vanadyl(Ⅳ) acetylacetonate,伊诺凯,10g,10,g,1,17.5,not_stocked,zhaobinzhi,20231217
112-79-8,(E)-十八碳-9-烯酸,(E)-Octadec-9-enoic acid,毕得医药,5g X 2,5,g,2,199.5,running_out,mengjunhong,20231218
5118-13-8,4-溴苯并[b]噻吩, 4-Bromobenzo[b]thiophene,毕得医药,5g,5,g,1,48,not_stocked,zhuminghui,20231218
5332-25-2,"6-溴喹啉
",6-Bromoquinoline,毕得医药,5g,5,g,1,14,not_stocked,zhuminghui,20231218
,,,,,,,1,107.8,running_out,admin,20231218
7311-64-0,3-溴噻吩-2-甲酸, 3-Bromothiophene-2-carboxylic acid,百灵威,5g,5,g,1,51,not_stocked,zhaoxinyi,20231219
2044-64-6,"N,N-二甲基乙酰基乙酰胺","N,N-Dimethylacetoacetamide",阿拉丁,25ml,25,mL,1,112.72,running_out,huzhibin,20231219
920-66-1,"	六氟异丙醇","	HFIP
",毕得,500G,500,g,1,177.1,running_out,admin,20231220
9011-13-6,,,"
Adamas",,,,1,39.75,not_stocked,admin,20231220
25038-32-8,聚苯乙烯 - 嵌段 - 聚异戊二烯 - 嵌段 - 聚苯乙烯,Polystyrene-block-polyisoprene-block-polystyrene,麦克林,5g,5,g,1,30.4,not_stocked,admin,20231220
25034-86-0,聚(苯乙烯-co-甲基丙烯酸甲酯),,源叶,25g,25,g,1,160,not_stocked,admin,20231220
534-17-8,碳酸铯,"	Cesium carbonate",毕得,100G,100,g,1,126.7,running_out,mengjunhong,20231220
149104-90-5,4-乙酰基苯硼酸, 4-Acetylphenylboronic acid,毕得,25g,25,g,1,154,not_stocked,zhuminghui,20231220
28075-50-5,环己-1-烯-1-基三氟甲磺酸酯 ,Cyclohex-1-en-1-yl trifluoromethanesulfonate,毕得,2g,2,g,1,474,not_stocked,zhuminghui,20231220
1791-26-0,"4-乙烯基苯甲醛
",4-Vinylbenzaldehyde,毕得,,,,1,209,not_stocked,zhuminghui,20231220
5122-99-6,4-碘苯硼酸,4-Iodophenylboronic acid,麦克林,5g,5,g,1,147.2,running_out,tangshuyuan,20211221
1679-18-1,4-氯苯硼酸,,麦克林,5g,5,g,1,36.8,running_out,tangshuyuan,20211221
149-73-5,,,TCI,25mL,25,mL,1,88,not_stocked,zhaoxinyi,20231221
25895-60-7,,,毕得,25g,25,g,1,42,not_stocked,zhaoxinyi,20231221
928-97-2,反式-3-己烯-1-醇,(3E)-Hexenol,阿拉丁,5G,5,g,1,375.92,running_out,mengjunhong,20231221
1975/5/8,乙腈,Acetonitrile,通广,500ml,500,mL,1,33,running_out,pengjing,20231221
110-82-7,环己烷,Cyclohexane,通广,500ml,500,mL,1,93,running_out,pengjing,20231221
2369-19-9,2-氟-5-甲基吡啶,2-Fluoro-5-methylpyridine,希恩思,25g,25,g,1,54,not_stocked,shihongwei,20231221
911708-01-5,4-苄基苯硼酸频哪酯,,毕得医药,1g,1,g,1,220.2,not_stocked,shihongwei,20231221
,,,希恩思,1g,1,g,1,16,not_stocked,shihongwei,20231221
10034-81-8,,,阿拉丁,"5g	",5,g,1,76.72,running_out,zhaobinzhi,20231222
7647-14-5,氯化钠,Sodium chloride,通广,500g,500,g,1,23,running_out,zhaoxinyi,20231222
1975/5/8,乙腈，HPLC级,Acetonitrile,通广,500mL×2,,,1,61,running_out,zhaoxinyi,20231222
110-54-3,正己烷，HPLC级,n-Hexane,通广,500mL×2,,,1,49,running_out,zhaoxinyi,20231222
,屈臣氏水,,,2箱,,,1,75,not_stocked,zhaoxinyi,20231222
99-61-6,间硝基苯甲醛,3-Nitrobenzaldehyde,毕得,25 g,25,g,1,16.1,not_stocked,wangxi,20231222
515-03-7,香紫苏醇,sclareol,毕得,1g,1,g,1,206.5,not_stocked,mengjunhong,20231222
505-32-8,"	异植物醇",Isophytol,毕得,25G,25,g,1,44.8,not_stocked,mengjunhong,20231222
927-74-2,3-丁炔-1-醇,3-Butyn-1-ol,毕得,5 g,5,g,1,14.7,not_stocked,wangxi,20231222
1976/5/1,三氟乙酸,trifluoroacetic acid,通广,500 mL,500,mL,1,194.6,running_out,wangxi,
,,,,,,,1,30,running_out,admin,20231222
,,,Adamas,,,,1,108,not_stocked,admin,20231223
79271-56-0,,Triethylsilyl trifluoromethanesulfonate,毕得医药,25g,25,g,1,51.1,not_stocked,huangyilei,20231224
999-97-3,六甲基二硅氮烷 ,Hexamethyldisilazane,百灵威J&K,25ML,25,mL,1,61.2,running_out,huangyilei,20231224
894086-00-1,"5-二叔丁基膦-1',3',5'-三苯基-1'H-[1,4']二吡唑","5-(di-tert-Butylphosphino)-1',3',5'-triphenyl-1'H-1,4'-bipyrazole",毕得,5g,5,g,1,146.3,not_stocked,xingyihong,20231225
564483-18-7,"2-二环己基磷-2,4,6-三异丙基联苯","2-(Dicyclohexylphosphino)-2',4',6'-tri-i-propyl-1,1'-biphenyl",毕得,5g,5,g,1,30.8,not_stocked,xingyihong,20231225
247940-06-3,2-(二环己基膦基)联苯,2-(Dicyclohexylphosphino)biphenyl,毕得,5g,5,g,1,42.7,not_stocked,xingyihong,20231225
1980/5/7,双酚A,Bisphenol A,伊诺凯,18,,,1,25,not_stocked,zhuminghui,20231225
71597-85-8,4-羟基苯硼酸,4-Hydroxyphenylboronic acid,毕得医药,10g,10,g,1,37.8,running_out,shihongwei,20231225
25109-28-8,1-溴-4-环己基苯 ,1-Bromo-4-cyclohexylbenzene,毕得医药,1g,1,g,1,20.3,not_stocked,shihongwei,20231225
2245-43-4,4-金刚烷基溴苯 ,1-(4-Bromophenyl)adamantane,阿拉丁,1g,1,g,1,71.92,not_stocked,shihongwei,20231225
5467-74-3,4-溴苯硼酸,4-Bromophenylboronic acid,希恩思,25g,25,g,1,62,running_out,shihongwei,20231225
68162-47-0,4-(溴甲基)苯硼酸, (4-(Bromomethyl)phenyl)boronic acid,偶合,10g,10,g,1,97,not_stocked,shihongwei,20231225
59016-93-2,4-羟甲基苯硼酸 ,4-(Hydroxymethyl)phenylboronic acid,希恩思,25G,25,g,1,144,running_out,shihongwei,20231225
87199-17-5,4-甲酰基苯硼酸,4-Formylphenylboronic acid,希恩思,25G,25,g,1,55,running_out,shihongwei,20231225
374538-04-2,4环己基苯硼酸 ,4-Cyclohexylphenylboronic Acid,Accela,1g,1,g,1,180,not_stocked,shihongwei,20231225
544-16-1,亚硝酸丁酯,n-Butyl nitrite,安耐吉,25mL,25,mL,1,30,not_stocked,huangyilei,20231226
463-04-7,亚硝酸戊酯 ,Pentyl nitrite,安耐吉,25ml,25,mL,1,49.5,not_stocked,huangyilei,20231227
33528-13-1,N -苄基-N-亚硝基对甲苯磺酰胺,N-Benzyl-N-nitroso-p-toluenesulfonamide,阿拉丁,1G,1,g,1,103.92,not_stocked,huangyilei,20231227
106-44-5,对甲酚,p-Cresol,RHAWN/罗恩,100g,100,g,1,33,running_out,huangyilei,20231228
1666-13-3,二苯基二硒醚,Diphenyl diselenide,伊诺凯,25G X 2= 50G,,,1,325.5,running_out,mengjunhong,20231228
64-19-7,冰乙酸,acetic acid,通广,500mL×6,,,1,80,running_out,mengjunhong,20231228
9011-13-6,,,"
Adamas",5g*2,5,g,2,39.75,not_stocked,admin,20231228
1121-31-9,2-巯基吡啶-N-氧化物,2-Mercaptopyridine 1-oxide,毕得医药,25g,25,g,1,117.6,not_stocked,mengjunhong,20231228
854778-31-7,4-氟-3-甲氧基苯硼酸, (4-Fluoro-3-methoxyphenyl)boronic acid,毕得医药,1g,1,g,1,23.8,not_stocked,shihongwei,20231228
149507-26-6,3-氟-4-甲氧基苯硼酸 ,3-Fluoro-4-methoxyphenylboronic acid,希恩思,5g,5,g,1,31,running_out,shihongwei,20231228
122775-35-3,"3,4-二甲氧基苯硼酸"," 3,4-Dimethoxyphenylboronic acid",希恩思,5g,5,g,1,27,running_out,shihongwei,20231228
175883-62-2,4-甲氧基-3-甲基苯硼酸, 4-Methoxy-3-methylphenylboronic acid,希恩思,5g,5,g,1,64,not_stocked,shihongwei,20231228
32316-92-0,2-萘硼酸 ,2-Naphthaleneboronic acid,希恩思,5g,5,g,1,20,running_out,shihongwei,20231228
33528-13-1,N -苄基-N-亚硝基对甲苯磺酰胺,N-Benzyl-N-nitroso-p-toluenesulfonamide,TCI,5G,5,g,1,375,reorder,huangyilei,20231229
619-60-3,4-二甲氨基苯酚,4-(dimethylamino)phenol,希恩思,5g,5,g,1,88,not_stocked,huangyilei,20231229
1975/5/8,乙腈，HPLC级,Acetonitrile,通广,4L,4,L,1,190,not_stocked,pengjing,20231230
,环己烷,Cyclohexane,通广,500ml*2,500,ml,2,11,running_out,pengjing,20231230
13499-05-3,氯化铪, Hafnium chloride,伊诺凯,1g,1,g,1,40,not_stocked,zhuminghui,20231230
,,,,,,,1,312,not_stocked,admin,20231231
1975/5/8,乙腈，HPLC级,Acetonitrile,通广,500mL*2,500,ml,2,33,running_out,pengjing,20240101
930-69-8,苯硫酚钠,Sodium thiophenolate,毕得医药,25g,25,g,1,289.1,not_stocked,huangyilei,20240101
1975/5/8,乙腈,Acetonitrile,通广,4L,4,L,1,190,not_stocked,zhaoxinyi,20240102
108-88-3,甲苯,toluene,通广,500mL*20,500,ml,20,28,not_stocked,mengjunhong,20240102
13393-64-1,"1,5,9-癸三烯","1,5,9-Decatriene",安耐吉,1g,1,g,1,35,not_stocked,zhaobinzhi,20240102
2719-52-0,2-苯基戊烷,2-Phenylpentane,迈瑞达,1g,1,g,1,262.8,not_stocked,zhaobinzhi,20240102
,1-甲基-1H-吡唑-4-硼酸,,毕得,5g,5,g,1,91,not_stocked,xuguofeng,20230102
9006-65-9,二甲基硅油,,百灵威,500g,500,g,1,108,running_out,yanglicheng,20230103
394-67-2,4-氟异喹啉,4-Fluoroisoquinoline,毕得,1g,1,g,1,179.2,not_stocked,xingyihong,20230103
157911-56-3,"2,4,5-三氟溴苄","1-(Bromomethyl)-2,4,5-trifluorobenzene",毕得,5g,5,g,1,39.2,not_stocked,xingyihong,20230103
18880-04-1,"3,4-二氯溴苄","3,4-Dichlorobenzyl bromide",毕得,"5g	",5,g,1,27.3,not_stocked,xingyihong,20230103
493024-39-8,3-氯-5-氟溴苄,1-(Bromomethyl)-3-chloro-5-fluorobenzene,毕得,5g,5,g,1,67.9,not_stocked,xingyihong,20230103
36929-60-9,1-甲基-1H-吡咯-3-甲醛,1-Methyl-1H-pyrrole-3-carbaldehyde,毕得,1g,1,g,1,373.8,not_stocked,xingyihong,20230103
192702-01-5,3-氯-4-氟溴苄,4-(Bromomethyl)-2-chloro-1-fluorobenzene,毕得,5g,5,g,1,24.5,not_stocked,xingyihong,20230103
71916-82-0,2-氟-4-氯溴苄,1-(Bromomethyl)-4-chloro-2-fluorobenzene,毕得,5g,5,g,1,36.4,not_stocked,xingyihong,20230103
206362-80-3,3-氟-4-氯溴苄,#NAME?,毕得,5g,5,g,1,100.8,not_stocked,xingyihong,20230103
7677-24-9,三甲基氰硅烷,Trimethylsilyl Cyanide,毕得,25 mL,25,mL,1,21.7,running_out,wangxi,20240103
544-16-1,,,安耐吉,25 mL,25,mL,1,27,not_stocked,admin,20240103
140681-55-6,"1-氯甲基-4-氟-1,4-重氮化双环[2.2.2]辛烷二(四氟硼酸盐)","	1-ChloroMethyl-4-fluoro-1,4-diazoniabicyclo[2.2.2]octane bis(tetrafluoroborate)",希恩思,25 g,25,g,1,20,running_out,wangxi,20240104
105191-64-8,6-溴苯并[b]噻吩-2-羧酸乙酯,Ethyl 6-bromo-1-benzothiophene-2-carboxylate,毕得,5g,5,g,1,347.9,running_out,sulingyu,20240104
13771-68-1,5-溴苯并[b]噻吩-2-羧酸乙酯,Ethyl 5-bromobenzo[b]thiophene-2-carboxylate,毕得,5g,5,g,1,607.6,running_out,sulingyu,20240104
4023-34-1,环丙基甲酰氯,Cyclopropanecarboxylic acid chloride,毕得,25g,25,g,1,37.1,running_out,sulingyu,20240104
609-65-4,2氯苯甲酰氯,2-Chlorobenzoyl chloride,百灵威,25ML,25,mL,1,86.7,running_out,sulingyu,20240104
635-93-8,5-氯-2-羟基苯甲醛,5-Chloro-2-hydroxybenzaldehyde,毕得,100g,100,g,1,88.2,not_stocked,sulingyu,20240104
21535-97-7,3-甲基苯并呋喃,3-Methylbenzofuran,毕得,1g,1,g,1,142.8,running_out,huzhibin,20240104
591-51-5,苯基锂,"	Phenyllithium",偶合,100mL×2,,,1,240,not_stocked,mengjunhong,20230104
7647-01-0,氯化氢 甲基叔丁基醚溶液,HCl-MTBE,迈瑞达,500ml,500,mL,1,405,not_stocked,mengjunhong,20230104
591-51-5,苯基锂,"	Phenyllithium",偶合,100mL,100,mL,1,466,not_stocked,mengjunhong,20230105
110-46-3,亚硝酸异戊酯,Isopentyl nitrite,百灵威J&K,100ML,100,mL,1,294.95,running_out,huangyilei,20230105
125-65-5,截短侧耳素,"	Pleuromulin",毕得,25G,25,g,1,125,not_stocked,mengjunhong,20230107
99-76-3,对羟基苯甲酸甲酯,Methyl 4-hydroxybenzoate,毕得,25g,25,g,1,14.7,not_stocked,huangyilei,20230107
2033-89-8,"3,4-二甲氧基苯酚","3,4-Dimethoxyphenol",毕得,5g,5,g,1,88.2,not_stocked,huangyilei,20230107
358-23-6,三氟甲磺酸酐,"	Trifluoromethanesulfonic anhydride",毕得,100g,100,g,1,100.8,running_out,mengjunhong,20230108
,羧甲基纤维素钠缓冲液 \N,"	0.5% CMC",源叶,500mL,500,mL,1,296,not_stocked,zhaoxinyi,20230108
67-56-1,甲醇,methanol,通广,4L,4,L,1,75,common_public,zhaoxinyi,20230108
110-60-1,丁二胺,,安耐吉,25mL,25,mL,1,36,not_stocked,sunyichen,20230108
1436-59-5,,,毕得,5g,5,g,1,39.9,not_stocked,sunyichen,20230108
1975/5/8,乙腈，HPLC级,Acetonitrile,通广,500mL×2,,,1,,running_out,pengjing,20230108
25013-16-5,丁基羟基茴香醚(BHA),Butylated hydroxyanisole,"
阿拉丁",10g,10,g,1,27.12,not_stocked,yanglicheng,20230109
128-37-0,"2,6-二叔丁基对甲酚",,"
阿拉丁",25G,25,g,1,25.52,not_stocked,yanglicheng,20230109
96-27-5,"
1-硫代甘油",1-Thioglycerol,"
阿拉丁",5G,5,g,1,35.12,not_stocked,yanglicheng,20230109
121-79-9,没食子酸丙酯,"
Propyl gallate","
阿拉丁",100G,100,g,1,56.72,not_stocked,yanglicheng,20230109
7757-83-7,无水亚硫酸钠,"
Sodium sulfite","
阿拉丁",500G,500,g,1,35.92,not_stocked,yanglicheng,20230109
13965-03-2,双(三苯基膦)二氯化钯, Bis(triphenylphosphine)palladium(II) dichloride,毕得医药,1g,1,g,1,100.1,running_out,shihongwei,20230109
24980-41-4,聚己内酯,Polycaprolactone,毕得医药,25g,25,g,1,23.1,not_stocked,admin,20230109
24666-56-6,"3-氨基哌啶-2,6-二酮盐酸盐","3-Aminopiperidine-2,6-dione hydrochloride",毕得,100g,100,g,1,305.2,not_stocked,xuguofeng,20230110
120-75-2,2-甲基苯并噻唑,2-Methylbenzothiazole,毕得,5g,5,g,1,20.3,not_stocked,huzhibin,20230110
95-20-5,2-甲基吲哚,2-Methylindole,毕得,25g,25,g,1,14.7,running_out,admin,20230110
95-47-6,邻二甲苯,O-xylene,通广,500ml,500,mL,1,30,running_out,admin,20230110
872-50-4,"1-甲基-2-吡咯烷酮
",1-Methyl-2-pyrrolidinot_stocked,毕得,500g,500,g,1,27,not_stocked,zhuminghui,20230110
55305-43-6,N-氰基-4-甲基-N-苯基苯磺酰胺 ,N-Cyano-4-methyl-N-phenylbenzenesulfonamide,毕得,1g,1,g,1,76,not_stocked,zhuminghui,20230110
24980-41-4,聚己内酯,Polycaprolactone,伊诺凯,5g,5,g,1,23.92,not_stocked,admin,20230110
10288-72-9,"6-羟基-1,4-苯并二噁烷","6-Hydroxy-1,4-benzodioxane",毕得医药,1g,1,g,1,96.6,not_stocked,huangyilei,20240111
29799-07-3,4-(1-金刚烷基)苯酚,4-(Adamantan-1-yl)phenol,毕得医药,25g,25,g,1,309.4,not_stocked,huangyilei,20240111
1518-83-8,4-环戊基苯酚,4-Cyclopentylphenol,阿拉丁,1g,1,g,1,249.52,not_stocked,huangyilei,20240111
16712-64-4,2-羟基-6-萘甲酸, 6-Hydroxy-2-naphthoic acid,毕得医药,25g,25,g,1,14,not_stocked,huangyilei,20240111
533-31-3,"苯并[d][1,3]二氧杂环戊烯-5-醇","Benzo[d][1,3]dioxol-5-ol",毕得医药,25g,25,g,1,42.7,not_stocked,huangyilei,20240111
1131-60-8,4-环己基苯酚,4-Cyclohexylphenol,毕得医药,25g,25,g,1,64.4,not_stocked,huangyilei,20240111
4025-71-2,"2-苯基-乙烷磺酰氯
",2-Phenylethanesulfonyl chloride,毕得医药,5 g,5,g,1,354.2,running_out,chengzengrui,20140111
6202-23-9,"	3-(5H-二苯并[a,d][7]环-5-亚基)-N,N-二甲基丙烷-1-胺盐酸盐","3-(5H-Dibenzo[a,d][7]annulen-5-ylidene)-N,N-dimethylpropan-1-amine hydrochloride",毕得医药,1 g,1,g,1,119,not_stocked,chengzengrui,20140111
55628-54-1,"2R,3S,4R)-3,4-双(苄氧基)-2-((苄氧基)甲基)-3,4-二氢-2H-吡喃","3,4,6-Tri-O-benzyl-D-glucal",毕得医药,1 g,1,g,1,170.1,running_out,chengzengrui,20140111
34819-86-8,"3,4-二-O-乙酰基-6-脱氧-L-葡萄糖醛 ","3,4-Di-O-acetyl-6-deoxy-L-glucal",毕得医药,1 g,1,g,1,420,running_out,chengzengrui,20140111
36431-72-8,"2,6,10,10-四甲基-1-氧杂螺[4.5]-6-癸烯",Theaspirane,毕得医药,5 g,5,g,1,33.6,not_stocked,chengzengrui,20140111
1135-66-6,"异长叶烯
","(-)-ISOLONGIFOLENE
",迈瑞达,,,,1,13.05,not_stocked,chengzengrui,20140111
109425-55-0,N-Fmoc-N'-Boc-L-鸟氨酸,,毕得,5g,5,g,1,21.7,not_stocked,huwenshu,20140111
110-73-6,2-(乙胺基)乙基-1-醇,"	2-(Ethylamino)ethan-1-ol",毕得,25 g,25,g,1,21,not_stocked,wangxi,20240112
,"4-[5,6-二氢-2-(6-甲基-2-吡啶基)-4H-吡咯并[1,2-B]吡唑-3-基]-6-喹啉甲酰胺",,毕得,100mg,100,mg,1,335.3,not_stocked,xuguofeng,20240112
6165-68-0,2-噻吩硼酸 ,2-Thienylboronic acid,希恩思,1g,1,g,1,12,running_out,shihongwei,20240112
6165-69-1,3-噻吩硼酸 ,3-Thienylboronic acid,希恩思,1g,1,g,1,12,running_out,shihongwei,20240112
13331-23-2,呋喃-2-硼酸 ,2-Furylboronic acid,源叶,1g,1,g,1,28,running_out,shihongwei,20240112
2578-45-2,"2-氯-3,5-二硝基吡啶","2-Chloro-3,5-dinitropyridine",毕得,1g,1,g,1,145.6,not_stocked,huwenshu,20240113
118-10-5,辛可宁,"	Cinchonine",毕得,25g,25,g,1,86.1,running_out,mengjunhong,20240115
71-41-0,正戊醇,1-Pentanol,伊诺凯,100ml,100,mL,1,19.5,not_stocked,yanglicheng,20240115
1975/3/6,碘乙烷,Iodoethane,安耐吉,100g,100,g,1,134.1,not_stocked,sulingyu,20240115
17341-93-4,"氯甲酸 2,2,2三氯乙酯 ","2,2,2-Trichloroethyl chloroformate, 99%, for synthesis",jk,25g,25,g,1,116,not_stocked,zhuminghui,20240115
24424-99-5,二碳酸二叔丁酯, Di-tert-butyl Dicarbonate [Boc-reagent for Amino Acid],jk,100g,100,g,1,164,running_out,zhuminghui,20240115
1005-31-8,"	4-二甲胺基吡啶氮氧化物","	4-(Dimethylamino)Pyridine 1-Oxide",伊诺凯,250mg,250,mg,1,151,not_stocked,zhuminghui,20240115
96-76-4,"2,4-二叔丁基酚","2,4-Di-tert-butylphenol",毕得医药,100g,100,g,1,21.7,running_out,huangyilei,20240115
6683-48-3,"1,1,4,4,6-五甲基-1,2,3,4-四氢化萘","1,1,4,4,6-Pentamethyl-1,2,3,4-tetrahydronaphthalene",毕得,5 g,5,g,1,23.8,not_stocked,wangxi,20240115
230-27-3,苯并(h)喹啉 ,Benzo(h)quinoline,希恩思,5g,5,g,1,51,running_out,shihongwei,20240115
210532-25-5,"3,5-二氟苯磺酰氯",",5-Difluorobenzene-1-sulfonyl chloride",毕得,25g,25,g,1,96.6,not_stocked,huangyilei,20240115
220239-64-5,"2,4,6-三氟苯-1-磺酰氯","2,4,6-Trifluorobenzene-1-sulfonyl chloride",毕得,1g,1,g,1,94.5,not_stocked,huangyilei,20240115
63148-62-9,二甲基硅油,Dimethylsilicone oil,"
欣恒研",500mL,500,mL,1,133,running_out,yanglicheng,20240116
,,,毕得,10g,10,g,1,526.4,running_out,xingyihong,20240116
95-76-1,"3,4-二氯苯胺","3,4-Dichloroaniline",罗恩,25g,25,g,1,26.6,running_out,xingyihong,20240116
52409-22-0,三(二亚苄基丙酮)二钯,Pd2(DBA)3,毕得,5g,5,g,1,583.8,running_out,sulingyu,20240116
161265-03-8,"4,5-双(二苯基膦)-9,9-二甲基氧杂蒽","(9,9-Dimethyl-9H-xanthene-4,5-diyl)bis(diphenylphosphine)",毕得,25g,25,g,1,114.1,running_out,sulingyu,20240116
230-27-3,苯并(h)喹啉 ,Benzo(h)quinoline,希恩思,5g,5,g,1,51,running_out,shihongwei,20240116
5122-94-1,4-联苯硼酸 ,4-Biphenylboronic acid,希恩思,25g,25,g,1,46,running_out,shihongwei,20240116
918655-03-5,4-(萘-2-)苯硼酸 ,(4-(Naphthalen-2-yl)phenyl)boronic acid,毕得医药,5g,5,g,1,103,running_out,shihongwei,20240116
938-94-3,对甲基异苯丙酸,2-(p-Tolyl)propanoic acid,毕得医药,25 g,25,g,1,45.5,running_out,wangxi,20240116
917-54-4,甲基锂,"	Methyllithium",安耐吉,100 mL,100,mL,1,199,running_out,wangxi,20240116
1191-25-9,6-羟基己酸,6-Hydroxyhexanoic acid,毕得,1g,1,g,1,53.9,not_stocked,admin,20240116
60-32-2,6-氨基己酸,6-Aminocaproic Acid,毕得,10g,10,g,1,15.4,not_stocked,admin,20240116
2117/12/6,4-三甲基甲硅烷基-3-丁炔-1-醇 ,4-Trimethylsilyl-3-butyn-1-ol,毕得,,,,1,74,not_stocked,zhaoxinyi,20240116
88511-27-7,4-氨基-3-碘吡啶, 4-Amino-3-iodopyridine,毕得,10g,10,g,1,100,not_stocked,zhaoxinyi,20240116
,1-环丙甲酰基哌嗪,,毕得,1g,1,g,1,19.6,not_stocked,xuguofeng,20240116
,1-(2-哌嗪-1-基乙酰)吡咯烷,,迈瑞达,250mg,250,mg,1,63,not_stocked,xuguofeng,20240116
39741-62-3,"	L-谷氨酰胺叔丁酯盐酸盐",L-GLUTAMINE TERT-BUTYL ESTER HYDROCHLORIDE,毕得,5g,5,g,1,170,not_stocked,zhaoxinyi,20230117
29166-72-1,"2-叔丁基-1,1,3,3-四甲基胍","2-(tert-Butyl)-1,1,3,3-tetramethylguanidine",毕得医药,5g,5,g,1,26.6,not_stocked,huangyilei,20230117
,,,,,,,1,312,not_stocked,admin,20240117
107-21-1,,Ethylene glycol ,安耐吉,500mL,500,mL,1,18,running_out,pengjing,20240117
106685-40-9,6-(3-(1-金刚烷)-4-甲氧基苯基)-2-甲酸,6-(3-(Adamantan-1-yl)-4-methoxyphenyl)-2-naphthoic acid,毕得,114.1,,,1,1,running_out,wangxi,20240118
719-54-0,N-甲基-9-吖啶酮,10-Methylacridin-9(10H)-one,毕得,109.2,,,1,1,not_stocked,wangxi,20240121
302333-80-8,(4-环丙基苯基)硼酸 ,(4-Cyclopropylphenyl)boronic acid,毕得医药,294,,,1,250,not_stocked,shihongwei,20240121
1527479-23-7,(4-(金刚烷-1-基)苯基)硼酸 ,(4-(Adamantan-1-yl)phenyl)boronic acid,MREDA,444.15,,,1,1,not_stocked,shihongwei,20240121
1470-94-6,5-茚醇,5-INDANOL,欣恒研,242.1,,,1,5,not_stocked,huangyilei,20240121
6272-26-0,6-羟基-2H-苯并呋喃-3-酮,6-Hydroxybenzofuran-3(2H)-one,毕得医药,222.6,,,1,25,not_stocked,huangyilei,20240121
,4-乙酰氧基苯酚,4-Acetoxyphenol,毕得医药,111.3,,,1,1,not_stocked,huangyilei,20240121
3769-41-3,3-苄氧基苯酚, 3-(Benzyloxy)phenol,毕得医药,51.8,,,1,1,not_stocked,huangyilei,20240121
80-46-6,对叔戊基苯酚, 4-tert-Amylphenol,毕得医药,25.9,,,1,25,not_stocked,huangyilei,20240121
10292-61-2,4-环丙苯酚,4-Cyclopropylphenol,毕得医药,245.7,,,1,1,not_stocked,huangyilei,20240121
599-64-4,4-(2-苯基丙-2-基)苯酚, 4-(2-Phenylpropan-2-yl)phenol,毕得医药,16.1,,,1,25,not_stocked,huangyilei,20240121
1073-72-9,4-(甲硫基)苯酚, 4-(Methylthio)phenol,毕得医药,21.7,,,1,5,not_stocked,huangyilei,20240121
108-93-0,环己醇,Cyclohexanol,毕得医药,14.7,,,1,100,not_stocked,yanglicheng,20240122
5029-67-4,2-碘吡啶,2-Iodopyridine,毕得,37.1,,,1,5,not_stocked,wangxi,20240122
33685-54-0,"1,1,2,2氘代四氯乙烷","1,1,2,2-Tetrachloroethane-d2",百灵威J&K,3900,,,1,100,not_stocked,zhaobinzhi,20240123
112-80-1,"	(9Z)-9-十八烯酸","	(9Z)-9-Octadecenoic acid",毕得,178.5,,,1,100,running_out,mengjunhong,20230123
,,,,100.08,,,1,,not_stocked,admin,20230903
125404-00-4,4-(萘-1-基)苯胺, 4-(Naphthalen-1-yl)aniline,毕得医药,1g,1,g,1,21.7,not_stocked,shihongwei,20240124
521-18-6,5α-Androstan-17β-ol-3-one,5α-Androstan-17β-ol-3-one,普西唐,1g,1,g,1,160,not_stocked,shihongwei,20240124
53-86-1,吲哚美辛, Indomethacin,希恩思,5g,5,g,1,18,running_out,shihongwei,20240124
14221-01-3,四(三苯基膦)钯,Pd(Ph3P)4,希恩思,5g,5,g,1,231,running_out,shihongwei,20240124
1508-75-4,托吡卡胺 ,Tropicamide,希恩思,5g,5,g,1,93,running_out,shihongwei,20240124
108-46-3,间苯二酚,,安耐吉,,,,1,18,not_stocked,huangyilei,20240124
102127-34-4,4-溴-3-甲氧基苯酚,4-Bromo-3-methoxyphenol,毕得医药,5g,5,g,1,144.2,not_stocked,huangyilei,20240124
1138-52-9,"3,5-二叔丁基苯酚",,毕得医药,5g,5,g,1,58.8,not_stocked,huangyilei,20240124
3236-71-3,"9,9-二(4-羟苯基)芴","4,4'-(9H-Fluorene-9,9-diyl)diphenol",毕得医药,25g,25,g,1,20.3,not_stocked,huangyilei,20240124
4525-33-1,"焦碳酸二甲酯
",Dimethyl dicarbonate,毕得医药,25g,25,g,1,45,not_stocked,zhuminghui,20240124
67-56-1,甲醇,Methanol,通广,500mL*5,500,ml,5,7,running_out,zhaoxinyi,20240125
1074-82-4,邻苯二甲酰亚胺钾盐,Potassium phthalimide,百灵威,100g,100,g,1,140,running_out,zhaoxinyi,20240125
1421372-67-9,"N1-(2-(二甲基氨基)乙基)-5-甲氧基-N1-甲基-N4-(4-(1-甲基-1H-吲哚-3-基)嘧啶-2-基)-2-硝基苯-1,4-二胺","N1-(2-(Dimethylamino)ethyl)-5-methoxy-N1-methyl-N4-(4-(1-methyl-1H-indol-3-yl)pyrimidin-2-yl)-2-nitrobenzene-1,4-diamine",毕得医药,1g,1,g,1,130,not_stocked,pengsheng,20240125
1421372-94-2,N-(4-氟-2-甲氧基-5-硝基苯基)-4-(1-甲基-1H-吲哚-3-基)嘧啶-2-胺,N-(4-Fluoro-2-methoxy-5-nitrophenyl)-4-(1-methyl-1H-indol-3-yl)pyrimidin-2-amine,毕得医药,1g,1,g,1,60,not_stocked,pengsheng,20240125
1421372-66-8,"N1-[2-(二甲基氨基)乙基]-5-甲氧基-N1-甲基-N4-[4-(1-甲基-1H-吲哚-3-基)-2-嘧啶基]-1,2,4-苯三胺","N1-(2-(Dimethylamino)ethyl)-5-methoxy-N1-methyl-N4-(4-(1-methyl-1H-indol-3-yl)pyrimidin-2-yl)benzene-1,2,4-triamine",毕得医药,1g,1,g,1,75,not_stocked,pengsheng,20240125
122833-04-9,2-甲氧基-4-(4-甲基哌嗪-1-基)苯胺,2-Methoxy-4-(4-methylpiperazin-1-yl)aniline,毕得,10g,10,g,1,326.9,not_stocked,sulingyu,20240125
72-18-4,L-缬氨酸,L-Valine,百灵威J&K,25g,25,g,1,85.85,not_stocked,pengjing,20240126
26299-14-9,氯铬酸吡啶盐,PCC,百灵威,100g,100,g,1,195,running_out,zhaoxinyi,20240127
34837-55-3,"苯基溴化硒
","Phenyl hypobromoselenoite
",毕得医药,5g,5,g,1,333,not_stocked,zhuminghui,20240128
66270-36-8,"1,1,1-三氯-2-甲基丙-2-基 氯甲酸酯 ","1,1,1-Trichloro-2-methylpropan-2-yl carbonochloridate",毕得医药,5g,5,g,1,338,not_stocked,zhuminghui,20240128
870-46-2,叔丁氧基甲酰肼, tert-Butyl hydrazinecarboxylate,毕得医药,25g,25,g,1,14,not_stocked,zhuminghui,20240128
297-76-7,"双醋炔诺醇
","Ethynodiol diacetate
",Adamas,1 g*2,1,g,2,86,not_stocked,chengzengrui,20240128
1162-56-7,"6-去氢黄体酮
","Pregna-4,6-diene-3,20-dione
",毕得医药,1 g,1,g,1,120.4,not_stocked,chengzengrui,20240128
18881-04-4,"(S)-顺式-马鞭草烯醇
","(S)-CIS-VERBENOL
",乐研,1 g,1,g,1,147,not_stocked,chengzengrui,20240128
24512-63-8,"栀子苷
","Geniposide
",毕得医药,1 g,1,g,1,149.1,not_stocked,chengzengrui,20240128
25187-00-2,"(2-碘苯基)(苯基)甲酮
","(2-Iodophenyl)(phenyl)methanot_stocked	",毕得医药,5g,5,g,1,319.9,not_stocked,chengzengrui,20240128
13047-06-8,"2-溴苯甲酮	","(2-Bromophenyl)(phenyl)methanot_stocked	",毕得医药,10g,10,g,1,161.7,not_stocked,chengzengrui,20240128
138984-26-6,四己内酰胺二铑(II),Dirhodium(II) tetrakis(caprolactam),毕得医药,100mg,100,mg,1,258.3,not_stocked,chengzengrui,20240128
434-13-9,"	石胆酸","	LITHOCHOLIC ACID",百灵威,5g,5,g,1,395.25,running_out,zhaoxinyi,20240130
2117/12/6,4-三甲基甲硅烷基-3-丁炔-1-醇 ,4-Trimethylsilyl-3-butyn-1-ol,毕得,25g,25,g,1,299.6,running_out,pengjing,20240218
1310-73-2,氢氧化钠,Sodium Hydroxide,通广,500g,500,g,1,9.5,running_out,pengjing,20240218
5467-74-3,4-溴苯硼酸,(4-Bromophenyl)boronic acid,毕得医药,100g,100,g,1,210.07,running_out,shihongwei,20240218
953040-54-5,"1-甲基-3-(4,4,5,5-四甲基-1,3,2-二氧硼杂环戊烷-2-基)-1H-吡咯 ",N-Methylpyrrole-3-boronic acid pinacol ester,毕得医药,1g,1,g,1,124.6,running_out,shihongwei,20240218
98437-23-1,苯并[b]噻吩-2-基硼酸,Benzo[b]thien-2-ylboronic acid,希恩思,5g,5,g,1,34.45,not_stocked,shihongwei,20240218
141981-64-8,2-硼酸蒽,2-ANTHRACENEBORONIC ACID,希恩思,1g,1,g,1,70.2,running_out,shihongwei,20240218
100622-34-2,9-蒽硼酸,9-Anthraceneboronic acid,希恩思,5g,5,g,1,26,running_out,shihongwei,20240218
113893-08-6,苯并噻吩-3-硼酸,Benzothiophene-3-boronic acid,希恩思,5g,5,g,1,104,not_stocked,shihongwei,20240218
317830-83-4,苯并呋喃-3-硼酸,BENZOFURAN-3-BORONIC ACID,希恩思,1g,1,g,1,100.1,not_stocked,shihongwei,20240218
71-36-3,正丁醇,n-butyl alcohol,通广,500ml,500,mL,1,20,running_out,admin,20240218
109-99-9,四氢呋喃,Tetrahydrofuran,通广,AR 500ML*3,,,1,38,running_out,huangyilei,20240219
109-69-3,1-氯丁烷,1-Chlorobutane,通广,250mL,250,mL,1,32.2,running_out,sunyichen,20240219
920-66-1,六氟异丙醇,"1,1,1,3,3,3-Hexafluoro-2-propanol",毕得,500 g,500,g,1,177.1,running_out,wangxi,20240219
937-14-4,间氯过氧苯甲酸,m-Chloroperoxybenzoic acid,安耐吉,100G,100,g,1,119,running_out,mengjunhong,20240220
19989-67-4,6-苯并噻唑甲醛,"6-Benzothiazolecarboxaldehyde(8CI,9CI)",毕得,1 g,1,g,1,352.8,not_stocked,wangxi,20240220
91619-38-4,3-(1-吡咯基磺酰)苯胺,1-[(3-Aminophenyl)sulfonyl]pyrrolidine,MREDA,1 g,1,g,1,324,not_stocked,sulingyu,20240220
6274-18-6,"3-氨基-N,N-二甲基苯磺酰胺","3-Amino-N,N-dimethylbenzenesulfonamide",毕得,1 g,1,g,1,139.3,not_stocked,sulingyu,20240220
608523-94-0,N-叔丁基-3-氨基苯磺酰胺,N-tert-Butyl 3-Aminophenylsulfonamide,毕得,1g,1,g,1,58.8,not_stocked,sulingyu,20240220
459434-40-3,N-甲基-3-氨基苯磺酰胺,3-Amino-N-methylbenzenesulfonamide,毕得,1g,1,g,1,156.1,not_stocked,sulingyu,20240220
68621-88-5,(3-氨基苯基)氨基甲酸叔丁酯,tert-Butyl (3-aminophenyl)carbamate,毕得,10g,10,g,1,37.8,not_stocked,sulingyu,20240220
1689-02-7,吡咯烷-1-磺酰氯,Pyrrolidine-1-sulfonyl chloride,毕得,1g,1,g,1,49,not_stocked,sulingyu,20240220
10438-96-7,甲基氨基磺酰氯,N-Methylsulfamoyl chloride,毕得,1g,1,g,1,231.7,not_stocked,sulingyu,20240220
10147-37-2,2-丙烷磺酰氯,2-Propanesulfonyl chloride,毕得,5g,5,g,1,77,not_stocked,sulingyu,20240220
146651-75-4,2-氨基苯基氨基甲酸叔丁酯,tert-Butyl (2-aminophenyl)carbamate,毕得,10g,10,g,1,84.7,not_stocked,sulingyu,20240220
954268-81-6,2-氨基-N-(叔丁基)苯磺酰胺,2-Amino-N-(tert-butyl)benzenesulfonamide,毕得,1g,1,g,1,254.8,not_stocked,sulingyu,20240220
98489-77-1,2-氨基-N-乙基苯磺酰胺,2-Amino-N-ethylbenzenesulfonamide,毕得,1g,1,g,1,326.2,not_stocked,sulingyu,20240220
163460-75-1,1-(2-氨基苯基砜)吡咯烷,2-(Pyrrolidin-1-ylsulfonyl)aniline,罗恩,1g,1,g,1,109.9,not_stocked,sulingyu,20240220
54468-86-9,"2-氨基-N,N-二甲基苯磺酰胺","2-Amino-N,N-dimethylbenzenesulfonamide",毕得,1g,1,g,1,80.5,not_stocked,sulingyu,20240220
76697-50-2,2-(异丙基磺酰基)苯胺,1-Amino-2-(isopropylsulphonyl)benzene,毕得,1g,1,g,1,23.1,not_stocked,sulingyu,20240220
66270-36-8,"1,1,1-三氯-2-甲基丙-2-基 氯甲酸酯 ","1,1,1-Trichloro-2-methylpropan-2-yl carbonochloridate",毕得医药,25g,25,g,1,1234,not_stocked,zhuminghui,20240220
620-08-6,"4-甲氧基吡啶
","4-Methoxypyridine
",jk,25 g,25,g,1,550,running_out,zhuminghui,20240220
610-72-0,"2,5- 二甲基苯甲酸","	2,5-Dimethylbenzoic acid
	",jk,10g,10,g,1,32,running_out,zhuminghui,20240220
7757-82-6,无水硫酸钠,anhydrous sodium sulfate,通广,500g*10,500,g,10,9.5,running_out,pengjing,20240220
579514-75-3,4-氟-3-硝基苯甲酸叔丁酯,tert-Butyl 4-fluoro-3-nitrobenzoate,毕得,5 g,5,g,1,1167.6,not_stocked,xingyihong,20240221
453-71-4,4-氟-3-硝基苯甲酸,4-Fluoro-3-nitrobenzoic acid,毕得,25g,25,g,1,27.3,not_stocked,xingyihong,20240221
7159-36-6,4-异喹啉甲酸,Isoquinoline-4-carboxylic acid,毕得,10g,10,g,1,526.4,running_out,xingyihong,20240221
64-19-7,乙酸,Acetic acid,sigma,100ML,100,mL,1,360.9,not_stocked,xuguofeng,20240221
728-81-4,3- (三氟甲基) 二苯酮,3-(TRIFLUOROMETHYL)BENZOPHEnot_stocked,乐研,5 g,5,g,1,186.9,not_stocked,wangxi,20240221
38222-83-2,"2,6-二叔丁基-4-甲基吡啶
","2,6-Di-Tert-butyl-4-methylpyridine",毕得,10g,10,g,1,111.3,not_stocked,chengzengrui,20240221
4255-62-3,"4,4-二甲基环己酮
","4,4-Dimethylcyclohexanot_stocked
",毕得,10g,10,g,1,74.9,not_stocked,chengzengrui,20240221
7761-88-8,"硝酸银
","Silver nitrate
",通广,25g,25,g,1,150,running_out,chengzengrui,20240221
546-93-0,碳酸镁 ,Magnesium carbonate,jk,100g,100,g,1,72,not_stocked,zhuminghui,20240221
29703-01-3,碳酸氢铯 ,Cesium bicarbonate,毕得,5g,5,g,1,395,not_stocked,zhuminghui,20240221
2090-64-4,碳酸氢镁 ,Magnesium Hydrogen Carbonate,伊诺凯,100g,100,g,1,34,not_stocked,zhuminghui,20240221
13194-60-0,3-氯-4-硝基吡啶?,3-Chloro-4-nitropyridine,毕得,5g,5,g,1,246.4,not_stocked,xingyihong,20240222
13091-23-1,4-氯-3-硝基吡啶,4-Chloro-3-nitropyridine,毕得,10g,10,g,1,59.5,not_stocked,xingyihong,20240222
95-76-1,"3,4-二氯苯胺","3,4-Dichloroaniline",安耐吉,25g,25,g,1,22.5,not_stocked,xingyihong,20240222
3983-19-5,碳酸氢钙 ,Calcium bicarbonate,mreda,500g,500,g,1,40,not_stocked,zhuminghui,20240222
29703-01-3,碳酸氢铯 ,Cesium bicarbonate,毕得,100g,100,g,1,1800,not_stocked,zhuminghui,20240225
91619-38-4,3-(1-吡咯基磺酰)苯胺,3-(1-PYRROLIDINYLSULFONYL)ANILINE,源叶,1g,1,g,1,364.6,not_stocked,sulingyu,20240225
40604-49-7,2-氯-6-羟基萘,2-Chloro-6-naphthol,毕得医药,250mg,250,mg,1,186.2,not_stocked,huangyilei,20240225
831-82-3,4-苯氧基苯酚,4-Phenoxyphenol,毕得医药,25g,25,g,1,19.6,running_out,huangyilei,20240225
269410-21-1,"6-(4,4,5,5-四甲基-1,3,2-二氧杂硼杂环戊烷-2-基)萘-2-醇","6-(4,4,5,5-Tetramethyl-1,3,2-dioxaborolan-2-yl)naphthalen-2-ol",毕得医药,1g,1,g,1,46.9,not_stocked,huangyilei,20240225
173194-95-1,6-羟基-2-萘硼酸,(6-Hydroxynaphthalen-2-yl)boronic acid,毕得医药,5g,5,g,1,105.7,not_stocked,huangyilei,20240225
581-43-1,"2,6-萘二酚","2,6-Naphthalenediol",毕得医药,5g,5,g,1,58.5,not_stocked,huangyilei,20240225
52927-22-7,6-氰基-2-萘酚,6-Hydroxy-2-naphthonitrile,毕得医药,5g,5,g,1,46.2,not_stocked,huangyilei,20240225
78119-82-1,6-羟基-2-萘甲醛,6-Hydroxy-2-naphthaldehyde,毕得医药,5g,5,g,1,79.8,not_stocked,huangyilei,20240225
3900-45-6,6-甲氧基-2-乙酰萘,2-Acetyl-6-methoxynaphthalene,毕得医药,25g,25,g,1,22.4,not_stocked,huangyilei,20240225
17295-11-3,6-羟基-2-萘甲酸甲酯, Methyl 6-hydroxy-2-naphthoate,毕得医药,5g,5,g,1,51.8,not_stocked,huangyilei,20240225
135-76-2,6-羟基萘-2-磺酸钠,Sodium 6-hydroxynaphthalene-2-sulfonate,毕得医药,25g,25,g,1,23.1,not_stocked,huangyilei,20240225
7647-01-0,盐酸,hydrochloric acid,现代东方,500mL*6,500,ml,6,14,running_out,pengjing,20240226
28920-43-6,氯甲酸-9-芴基甲酯,"	(9H-Fluoren-9-yl)methyl carbonochloridate",毕得医药,100G,100,g,1,105.7,not_stocked,mengjunhong,20240226
100-43-6,4-乙烯基吡啶,4-Vinylpyridine,百灵威J&K,25mL,25,mL,1,181.05,not_stocked,mengjunhong,20240226
16921-91-8,六氟磷酸亚硝酰,Nitrosonium hexafluorophosphate,3AChem,1g,1,g,1,199,not_stocked,huangyilei,20240226
1124-64-7,丁基氯化吡啶?,1-Butylpyridinium Chloride,毕得,25g,25,g,1,77.7,not_stocked,sunyichen,20240226
1975/5/8,乙腈,Acetonitrile,通广,4L,4,L,1,190,not_stocked,zhaoxinyi,20240227
,2-碘酰苯甲酸（含稳定剂）,"2-Iodoxybenzoic acid, stabilized",百灵威,10g,10,g,1,79.9,not_stocked,pengsheng,20240227
13248-54-9,氯甲酸环己酯, Cyclohexyl carbonochloridate,毕得,5g,5,g,1,140,not_stocked,zhuminghui,20240228
501-53-1,"氯甲酸苄酯
",Benzyl chloroformate,jk,5g,5,g,1,56,running_out,zhuminghui,20240228
3587-64-2,"	1-甲氧基-2-甲基-2-丙醇","1-METHOXY-2-METHYL-2-PROPANOL
",毕得,5g,5,g,1,117,not_stocked,zhuminghui,20240228
1577-22-6,5-己烯酸,5-HEXENOIC ACID,毕得,250mg,250,mg,1,24,not_stocked,admin,20240228
110-82-7,环己烷,cyclohexane,通广,2.5 L,2.5,L,1,52.5,running_out,pengjing,20240228
7440/5/3,钯/碳,Palladium on carbon,安徽泽升,5g,5,g,1,120,running_out,huwenshu,20240229
1885-14-9,氯甲酸苯酯,Phenyl chloroformate,jk,25g,25,g,1,56,running_out,zhuminghui,20240229
1998/8/8,超干三氟甲苯,"	Benzotrifluoride",伊诺凯,500mL,500,mL,1,150,running_out,zhuminghui,20240229
433-19-2,"1,4-二(三氟甲基)苯 ","1,4-Bis(trifluoromethyl)benzene",毕得,100g,100,g,1,124,running_out,zhuminghui,20240302
112-79-8,(E)-十八碳-9-烯酸,(E)-Octadec-9-enoic acid,毕得医药,5g x 2,5,g,2,199.5,running_out,mengjunhong,20240304
107-41-5,"2-甲基-2,4-戊二醇","
2-Methyl-2,4-pentanediol",sigma,360.45,,,1,100,not_stocked,xingyihong,20240304
141-95-7,丙二酸钠盐一水合,MALONIC ACID DISODIUM SALT,ThermoFisher,241,,,1,25,not_stocked,xingyihong,20240304
21635-88-1,3-氧杂环丁胺,3-Oxetanamine,毕得,1g,1,g,1,31.5,not_stocked,huwenshu,20240304
6291/1/6,环丁胺盐酸盐,Cyclobutanamine hydrochloride,毕得,1g,1,g,1,25.2,running_out,huwenshu,20240304
431-03-8,"2,3-丁二酮","2,3-Butanedione",伊诺凯,100ml,100,mL,1,75.65,running_out,yanglicheng,20240305
552-16-9,,2-nitrobenzoic acid,biosharp,25,,,1,83.15,running_out,juhan,20240228
1871-67-6,"	反-2-辛烯酸",trans-2-Octenoic Acid,阿拉丁,5G,5,g,1,231.92,not_stocked,mengjunhong,20240305
433-19-2,"1,4-二(三氟甲基)苯 ","1,4-Bis(trifluoromethyl)benzene",毕得,1000g,1000,g,1,870,high_usage,zhuminghui,20240305
197958-29-5,2-吡啶硼酸,2-Pyridinylboronic acid,毕得,10g,10,g,1,412.3,running_out,shihongwei,20240305
141981-64-8,2-硼酸蒽,2-ANTHRACENEBORONIC ACID,希恩思,1g,1,g,1,70.2,running_out,shihongwei,20240305
53-16-7,"	雌酚酮","	Estrone",希恩思,5g,5,g,1,35.75,running_out,shihongwei,20240305
56-53-1,二乙基己烯雌酚,Diethylstilbestrol,希恩思,5g,5,g,1,92.3,not_stocked,shihongwei,20240305
106685-40-9,,Adapalene,希恩思,1g,1,g,1,103.35,running_out,shihongwei,20240305
552-16-9,,2-nitrobenzoic acid,毕得,25g,25,g,1,16.8,not_stocked,juhan,20240306
1972-28-7,偶氮二甲酸二乙酯,Diethyl Azodicarboxylate,毕得,100g,100,g,1,91,running_out,mengjunhong,20240306
2378/2/1,全氟叔丁醇,Perfluoro-tert-butanol,毕得,10g,10,g,1,140,running_out,zhuminghui,20240307
1515-14-6,"1,1,1,3,3,3-六氟-2-甲基丙-2-醇 ","1,1,1,3,3,3-Hexafluoro-2-methylpropan-2-ol",毕得,5g,5,g,1,224,not_stocked,zhuminghui,20240307
617-94-7,2-苯异丙醇 ,2-Phenyl-2-propanol,毕得,25g,25,g,1,95,not_stocked,zhuminghui,20240307
718-64-9,"1,1,1,3,3,3-六氟代-2-苯基-2-丙醇 ","1,1,1,3,3,3-Hexafluoro-2-phenylpropan-2-ol",毕得,5g,5,g,1,268,not_stocked,zhuminghui,20240307
32315-10-9,双(三氯甲基)碳酸酯 ,Bis(trichloromethyl) carbonate,毕得,100g,100,g,1,359,running_out,zhuminghui,20240307
417716-92-8,4-(3-氯-4-(3-环丙基脲基)苯氧基)-7-甲氧基喹啉-6-甲酰胺,4-[3-Chloro-4-(cyclopropylaminocarbonyl)aminophenoxy]-7-methoxy-6-quinolinecarboxamide,毕得,1g,1,g,1,308,not_stocked,xuguofeng,20240307
847818-72-8,"N,N-二甲基-4-(4,4,5,5-四甲基-1,3,2-二噁硼烷-2-基)-1H-吡唑-1-丙胺","N,N-dimethyl-3-(4-(4,4,5,5-tetramethyl-1,3,2-dioxaborolan-2-yl)-1H-pyrazol-1-yl)propan-1-amine",毕得,250mg ,250,mg,1,209.3,running_out,xuguofeng,20240307
65272-70-0,"	琼斯试剂",Jones reagent,益之宸,50mL,50,mL,1,297,not_stocked,zhaoxinyi,20240307
10441-41-5,6-乙酰基-2-萘酚,1-(6-Hydroxynaphthalen-2-yl)ethanot_stocked,毕得医药,250mg,250,mg,1,371,not_stocked,huangyilei,20240307
118811-07-7,4-(甲苯-4-磺酰氧)哌啶-1-羧酸叔丁酯,4-(TOLUENE-4-SULFONYLOXY)-PIPERIDINE-1-CARBOXYLIC ACID TERT-BUTYL ESTER,毕得医药,5g,5,g,1,33.6,not_stocked,xuguofeng,20240307
7594-49-2,"2,2,2-三氯-1,1-双(三氟甲基)乙醇, ","2,2,2-Trichloro-1,1-bis(trifluoromethyl)ethanol, 97%",alfa,5g,5,g,1,2200,not_stocked,zhuminghui,20240308
309752-65-6,6-羟基-2-萘甲醇,6-Hydroxy-2-Naphthalenemethanol," 	Adamas",1g,1,g,1,357,not_stocked,huangyilei,20240308
,邻苯二酚,Catechol,银河天虹,100g,100,g,1,27.3,not_found,tangshuyuan,20240308
7783-85-9,六水合硫酸铁铵,"
Ferrous ammonium sulfate hexahydrate",欣恒研,25g,25,g,1,25,not_stocked,tangshuyuan,20240308
136896-92-9,6-乙烯基-2-萘酚,6-Vinylnaphthalen-2-ol,偶合,250mg,250,mg,1,333,not_stocked,huangyilei,20240308
31898-68-7,"2,2-双(三氟甲基)环氧乙烷","	2,2-BIS(TRIFLUOROMETHYL)OXIRANE
	",迈瑞达,10g,10,g,1,400,not_stocked,zhuminghui,20240310
,,2-Aminobenzamide,毕得,100g,100,g,1,16.8,not_stocked,juhan,20240310
538-51-2,N-苄烯苯胺,N-Benzylideneaniline,毕得,5g,5,g,1,42,running_out,huzhibin,20240310
38053-91-7,"2-三甲基硅氧基-1,3-丁二烯","Buta-1,3-dien-2-yloxy)trimethylsilane",毕得,1g,1,g,1,72.1,running_out,huzhibin,20240310
694-53-1,苯硅烷,Phenylsilane,伊诺凯,5ml,5,mL,1,68,running_out,huzhibin,20240310
65272-70-0,"	琼斯试剂",Jones reagent,益之宸,100mL,100,mL,1,393,not_stocked,zhaoxinyi,20240311
3975-77-7,"1-溴-2,4,6-三-叔丁基苯"," 2-Bromo-1,3,5-tri-tert-butylbenzene",毕得,1 g,1,g,1,30.8,not_stocked,wangxi,20240311
13101-83-2,6-氟-2-萘酚,6-Fluoronaphthalen-2-ol,毕得,250mg,250,mg,1,299.6,not_stocked,huangyilei,20240311
2767-91-1,"4-(吡啶-4-基)吗啉
",4-(Pyridin-4-yl)morpholine,毕得,10g,10,g,1,184,not_stocked,zhuminghui,20240312
2767-90-0,1-吡啶-4-哌啶 ,(1-Pyridin-4-yl)piperidine,毕得,25,,,1,77,not_stocked,zhuminghui,20240312
69663-19-0,"N,N-二苯基吡啶-4-胺 ","N,N-Diphenylpyridin-4-amine",merda,100mg,100,mg,1,100,not_stocked,zhuminghui,20240312
13336-31-7,4-甲氧基-1-茚酮,4-METHOXY-1-INDAnot_stocked,毕得,1 g,1,g,1,29.4,not_stocked,wangxi,20240312
507-52-8,2-三氟甲基-2-丙醇," 1,1,1-Trifluoro-2-methylpropan-2-ol",毕得,25g,25,g,1,900,not_stocked,zhuminghui,20240312
874-60-2,对甲基苯甲酰氯,p-Toluoyl chloride,毕得,25g,25,g,1,22.4,not_stocked,huwenshu,20240314
612-23-7,2-硝基苄氯, 2-Nitrobenzyl chloride,aladin,500,,,1,25,running_out,zhuminghui,20240314
66270-36-8,"1,1,1-三氯-2-甲基丙-2-基 氯甲酸酯 ","1,1,1-Trichloro-2-methylpropan-2-yl carbonochloridate",毕得医药,25g,25,g,1,1234,not_stocked,zhuminghui,20240314
,,,伊诺凯,250ml,250,mL,1,400,running_out,zhuminghui,20231222
1737-26-4,1-[4-(三氟甲基)苯基]乙醇,1-[4-(TRIFLUOROMETHYL)PHENYL]ETHANOL,毕得医药,25g,25,g,1,271,not_stocked,huotongyu,20240314
591-51-5,苯基锂,Phenyllithium,MREDA,25 mL,25,mL,1,87.75,running_out,shihongwei,20240315
122306-01-8,2-溴-5-(羟甲基)吡啶 ,(6-Bromopyridin-3-yl)methanol,毕得医药,25 g,25,g,1,296.1,not_stocked,shihongwei,20240315
654664-63-8,三亚苯基-2-硼酸 ,Triphenylen-2-ylboronic acid,MREDA,1g,1,g,1,168.75,running_out,shihongwei,20240315
13360-57-1,"N,N-二甲氨基磺酰氯",Dimethylsulfamoylchloride,毕得,25g,25,g,1,16.1,running_out,sulingyu,20240315
594-44-5,乙基磺酰氯,Ethanesulfonyl chloride,毕得,25g,25,g,1,30.8,running_out,sulingyu,20240315
81-23-2,脱氢胆酸,Dehydrocholic Acid,百灵威,25g,25,g,1,312,running_out,pengjing,20240315
1689-02-7,吡咯烷-1-磺酰氯,Pyrrolidine-1-sulfonyl chloride,毕得,1g,1,g,1,49,not_stocked,sulingyu,20240316
10438-96-7,甲基氨基磺酰氯,N-Methylsulfamoyl chloride,毕得,1g,1,g,1,231.7,not_stocked,sulingyu,20240316
600-22-6,2-氧代丙酸甲酯 ,Methyl 2-oxopropanoate,毕得医药,25g,25,g,1,14.7,not_stocked,shihongwei,20240317
1184-88-9,新戊酸钠,sodium pivalate,希恩思,25g,25,g,1,139,not_stocked,shihongwei,20240317
507-40-4,次氯酸叔丁酯 ,tert-Butyl Hypochlorite,希恩思,100g,100,g,1,177.45,not_stocked,shihongwei,20240317
163222-33-1,依泽替米贝,"Ezetimibe	",希恩思,5g,5,g,1,228.15,running_out,shihongwei,20240317
7281/4/1,苯扎溴铵,"
Benzyldodecyldimethylammonium bromide",毕得医药,10g,10,g,1,18.9,not_stocked,yanglicheng,20240318
8002-43-5,,"
Lecithin",麦克林,5g,5,g,1,31.2,not_stocked,yanglicheng,20240318
56-95-1,醋酸氯己定,Chlorhexidine diacetate salt hydrate,阿拉丁,5g,5,g,1,24.72,not_stocked,yanglicheng,20240318
57-15-8,三氯叔丁醇,Chlorobutanol,阿拉丁,5g,5,g,1,23.92,not_stocked,yanglicheng,20240318
110-44-1,"
(2E,4E)-己-2,4-二烯酸","
Sorbic acid",毕得医药,25 g,25,g,1,17.5,not_stocked,yanglicheng,20240318
131274-22-1,四氟硼酸三叔丁基膦,Tri-tert-butylphosphine tetrafluoroborate,毕得医药,1g*2,1,g,2,14.7,not_stocked,xuguofeng,20240318
60748-47-2,三(二亚苄- BASE丙酮)二钯,Tris(dibenzylideneacetone)dipalladium,毕得医药,1g,1,g,1,131.6,running_out,xuguofeng,20240318
67-56-1,"甲醇, hplc级",Methanol,通广,4L*4,4,l,4,75,running_out,xuguofeng,20240318
157665-52-6,3-氟-4-硝基苯甲酸叔丁酯,tert-Butyl 3-fluoro-4-nitrobenzoate,"
毕得医药",5g,5,g,1,455,not_stocked,xingyihong,20240318
121250-47-3,共轭亚油酸,Conjugated linoleic acid,麦克林,25g,25,g,1,187.2,not_stocked,mengjunhong,20240318
6470-18-4,1-乙酰氨基-7萘酚 ,1-Acetamido-7-hydroxynaphthalene ,希恩思,5g,5,g,1,23,not_stocked,huangyilei,20240318
118-46-7,8-氨基-2-萘酚,8-Amino-2-naphthol,毕得医药,5g,5,g,1,51.8,not_stocked,huangyilei,20240318
18515-11-2,3-甲氧基-2-萘酚, 3-Methoxynaphthalen-2-ol,毕得医药,250mg,250,mg,1,266,not_stocked,huangyilei,20240321
30478-88-7,3-溴萘-2-醇,3-Bromonaphthalen-2-ol,毕得医药,1g,1,g,1,160.3,not_stocked,huangyilei,20240321
17324-04-8,2-羟基-3-甲基萘,3-Methylnaphthalen-2-ol,毕得医药,250mg,250,mg,1,173.6,not_stocked,huangyilei,20240321
7385-87-7,8-溴萘-2-醇,8-Bromonaphthalen-2-ol,毕得医药,250mg,250,mg,1,102.9,not_stocked,huangyilei,20240321
19393-87-4,8-甲基萘-2-醇 , 8-Methylnaphthalen-2-ol,毕得医药,250mg,250,mg,1,140,not_stocked,huangyilei,20240321
57944-44-2,7-乙氧基-2-萘醇,7-Ethoxy-2-naphthalenol,毕得医药,1g,1,g,1,80.5,not_stocked,huangyilei,20240321
26593-50-0,7-甲基萘-2-醇,7-Methylnaphthalen-2-ol,毕得医药,250mg,250,mg,1,167.3,not_stocked,huangyilei,20240321
116230-30-9,7-溴-2-萘酚,7-Bromonaphthalen-2-ol,毕得医药,5g,5,g,1,31.5,not_stocked,huangyilei,20240321
5060-82-2,7-甲氧基-2-萘,7-Methoxynaphthalen-2-ol,毕得医药,5g,5,g,1,109.9,not_stocked,huangyilei,20240321
402-49-3,4-三氟甲基苄溴,4-(TRIFLUOROMETHYL)BENZYL BROMIDE,毕得医药,10g,10,g,1,21.7,not_stocked,huotongyu,20240321
10294-46-9,高氯酸铜,COPPER(II) PERCHLORATE HEXAHYDRATE,乐研,1g,1,g,1,22.4,degraded,tangshuyuan,20240321
53547-60-7,4-甲基-2-吡啶甲醛,4-Methylpicolinaldehyde,毕得,1g,1,g,1,56.7,not_stocked,huwenshu,20240322
55589-47-4,3-甲基吡啶-2-甲醛,3-Methylpicolinaldehyde,毕得,1g,1,g,1,35,not_stocked,huwenshu,20240322
1122-72-1,6-甲基-2-吡啶甲醛,6-Methyl-2-pyridinecarboxaldehyde,毕得,1g,1,g,1,16.1,not_stocked,huwenshu,20240322
507-52-8,2-三氟甲基-2-丙醇," 1,1,1-Trifluoro-2-methylpropan-2-ol",伊诺凯,25gx2,25,g,2,1430,not_stocked,zhuminghui,20240312
17579-79-2,6-甲基萘-2-醇,6-Methylnaphthalen-2-ol,毕得医药,250mg,250,mg,1,261.1,not_stocked,huangyilei,20240323
7260/11/9,3-羟基-2-萘甲酸苯基酯, Phenyl 3-hydroxy-2-naphthoate,阿拉丁,1g,1,g,1,71.92,not_stocked,huangyilei,20240323
7163-25-9,3-羟基-2-萘甲酸乙酯,Ethyl 3-hydroxy-2-naphthoate,毕得医药,1g,1,g,1,44.8,running_out,huangyilei,20240323
6470-18-4,1-乙酰氨基-7-萘酚 ,1-Acetamido-7-hydroxynaphthalene ,安耐吉,1g,1,g,1,26.1,not_stocked,huangyilei,20240324
92-77-3,3-羟基-N-苯基-2-萘甲酰胺,3-Hydroxy-N-phenyl-2-naphthamide,毕得医药,25g,25,g,1,30.1,not_stocked,huangyilei,20240324
32131-17-2,尼龙66粉末,NYLON66,希恩思,100g,100,g,1,87.75,not_stocked,admin,20240325
7260/11/9,3-羟基-2-萘甲酸苯基酯, Phenyl 3-hydroxy-2-naphthoate,欣恒研,1g,1,g,1,119,not_stocked,huangyilei,20240325
22328-43-4,"	2,5-二甲基苯甲酰氯","Benzoyl chloride, 2,5-dimethyl",罗恩,1g,1,g,1,307,not_stocked,zhuminghui,20240325
620-08-6,4-甲氧基吡啶,4-Methoxypyridine,欣恒研,5g,5,g,1,29,not_found,tangshuyuan,20240325
1801765-04-7,"(3S,4S)-8-(6-氨基-5-((2-氨基-3-氯吡啶基-4-基)硫代)吡嗪-2-基)-3-甲基-2-氧杂-8-氮杂螺[4.5]癸-4-胺","(3S,4S)-8-(6-amino-5-((2-amino-3-chloropyridin-4-yl)thio)pyrazin-2-yl)-3-methyl-2-oxa-8-azaspiro[4.5]decan-4-amine 2,2,2-trifluoroacetate",毕得,25 mg,25,mg,1,665,not_stocked,xuguofeng,20240325
477600-75-2,"3-((3R,4R)-4-甲基-3-(甲基(7H-吡咯[2,3-D]嘧啶-4-基)胺基)哌啶-1-基)-3-氧代丙腈","3-((3R,4R)-4-methyl-3-(methyl(7H-pyrrolo[2,3-d]pyrimidin-4-yl)amino)piperidin-1-yl)-3-oxopropanenitrile",毕得,100mg,100,mg,1,243.6,not_stocked,xuguofeng,20240325
13965-03-2,双(三苯基膦)二氯化钯(II),Dichlorobis(triphenylphosphine)palladium(II),百灵威J&K,5g,5,g,1,411,running_out,huzhibin,20240325
1950/2/2,地塞米松,Dexamethasone,索莱宝,100mg,100,mg,1,192,not_stocked,xuguofeng,20240326
37928-17-9,"5-甲基-3,4-二苯基-异噁唑 ","5-Methyl-3,4-diphenylisoxazole",毕得医药,5g,5,g,1,53.2,not_stocked,shihongwei,20240327
198904-31-3,阿扎那韦,Atazanavir,希恩思,5g,5,g,1,174,not_stocked,shihongwei,20240327
2687-43-6,苄氧基胺盐酸盐,O-Benzylhydroxylamine hydrochloride  ,希恩思,100g,100,g,1,74,not_stocked,shihongwei,20240327
329-15-7,4-三氟甲基苯甲酰氯,"alpha,alpha,alpha-Trifluoro-o-toluoyl chloride ",希恩思,25g,25,g,1,52,not_stocked,shihongwei,20240327
55453-87-7,伊索克酸,Isoxepac ,希恩思,5g,5,g,1,16,not_stocked,shihongwei,20240327
1628-89-3,2-甲氧基吡啶,2-Methoxypyridine,毕德,25g,25,g,1,16.8,not_stocked,admin,20240327
280-57-9,"1,4-二氮杂双环[2,2,2]辛烷","1,4-Diazabicyclo[2.2.2]octane",毕得医药,100g,100,g,1,25.2,running_out,huangyilei,20240327
7778-53-2,磷酸钾,Potassium phosphate,毕得医药,100g,100,g,1,17.5,running_out,huangyilei,20240327
5779-94-2,"2,5-二甲基苯甲醛"," 2,5-Dimethylbenzaldehyde",毕得医药,5g,5,g,1,102,not_stocked,zhuminghui,20240328
5893-66-3,"	草酸铜","Cupric oxalate
",阿拉丁,10,,,1,49,not_stocked,zhuminghui,20240328
112-79-8,(E)-十八碳-9-烯酸,(E)-Octadec-9-enoic acid,毕得医药,5g x 2,5,g,2,199.5,running_out,mengjunhong,20240328
507-52-8,2-三氟甲基-2-丙醇," 1,1,1-Trifluoro-2-methylpropan-2-ol",伊诺凯,25gx2,25,g,2,1340,running_out,zhuminghui,20240329
16881-71-3,"4'-甲氧基[1,1'-联苯]-4-醇"," 4'-Methoxy-[1,1'-biphenyl]-4-ol",毕得医药,1g,1,g,1,348.6,not_stocked,huangyilei,20240331
3228/2/2,4-异丙基-3-甲基苯酚,4-Isopropyl-3-methylphenol,毕得医药,25g,25,g,1,22.4,not_stocked,huangyilei,20240331
22824-31-3,"5,5,8,8-四甲基-5,6,7,8-四氢萘-2-酚","5,5,8,8-Tetramethyl-5,6,7,8-tetrahydronaphthalen-2-ol",MREDA,1g,1,g,1,459,not_stocked,huangyilei,20240401
145-50-6,α-萘酚醌苯基甲烷 ,p-Naphtholbenzein,MREDA,5g,5,g,1,130.5,not_stocked,huangyilei,20240401
1357923-33-1,2-(氮杂环丁烷-3-基)丙-2-醇盐酸盐,2-Azetidin-3-yl-propan-2-ol hydrochloride,毕得,250mg,250,mg,1,57.4,not_stocked,xuguofeng,20240401
10294-46-9,六水合高氯酸铜,COPPER(II) PERCHLORATE HEXAHYDRATE,sigma,5g,5,g,1,475.32,running_out,tangshuyuan,20240301
6452-47-7,甲胺基甲酰氯,Methylcarbamic chloride,毕得,5g,5,g,1,28,not_stocked,sulingyu,20240401
19307-13-2,7-羟基萘-1-甲腈,7-Hydroxynaphthalene-1-carbonitrile,毕得医药,250mg,250,mg,1,294,not_stocked,huangyilei,20240401
2252-62-2,2-(4-(三氟甲基)苯基)丙-2-醇,4-(TRIFLUOROMETHYL)PHENYL DIMETHYL CARBINOL,乐研,1g*2,1,g,2,133,not_stocked,huotongyu,20240401
,,,,,,,1,,not_stocked,admin,
111300-06-2,反-4-BOC-氨基环己醇,BOC-TRANS-4-AMINOCYCLOHEXANOL,伊诺凯,10g,10,g,1,180,not_stocked,zhuminghui,20240402
95-65-8,"3,4-二甲基苯酚"," 3,4-Dimethylphenol",安耐吉,25g,25,g,1,32,degraded,huangyilei,20240402
99-89-8,4-异丙基苯酚,4-Isopropylphenol,安耐吉,25g,25,g,1,55,degraded,huangyilei,20240402
,2-苯基乙醇,Phenethyl alcohol,希恩思,100g,100,g,1,20,running_out,shihongwei,20240402
98-88-4,苯甲酰氯 ,Benzoyl Chloride,Adamas,100g,100,g,1,18.75,running_out,shihongwei,20240402
1508-75-4,托吡卡胺 ,Tropicamide,希恩思,25g,25,g,1,502,running_out,shihongwei,20240402
144060-53-7,非布索坦,Febuxostat,希恩思,5g,5,g,1,51,not_stocked,shihongwei,20240402
13429-83-9,(-)-樟脑酸,"	(1S)-(-)-Camphanic acid",希恩思,5g,5,g,1,53,running_out,shihongwei,20240402
30964-00-2,"6-庚炔酸
",6-Heptynoic acid,毕得医药,10g,10,g,1,164.5,not_stocked,chengzengrui,20240402
383-70-0,"2-(2,2,2-三氟乙酰氨基)乙酸
","(2,2,2-Trifluoroacetyl)glycine
",毕得医药,5g,5,g,1,57.4,not_stocked,chengzengrui,20240402
4530-20-5,"N-Boc-甘氨酸
","Boc-Gly-OH
",毕得医药,25 g,25,g,1,17.5,running_out,chengzengrui,20240402
,"1,2-二氯乙烷
",DCE,通广,AR 500ML*5,,,1,12,running_out,chengzengrui,20240402
1829-26-1,"1-乙酰氧基-1,2-苯碘酰-3-(1H)-酮","1-Acetoxy-1,2-benziodoxol-3-(1H)-one",毕得医药,5g,5,g,1,385.7,not_stocked,chengzengrui,20240402
244187-81-3,"1,3-双(2,6-二异丙基苯基)咪唑-2-亚基","1,3-BIS(2,6-DI-I-PROPYLPHENYL)IMIDAZOL-2-YLIDENE
",安耐吉,250mg ,250,mg,1,90,not_stocked,chengzengrui,20240402
4648-54-8,"叠氮基三甲基硅烷
","Trimethylsilyl azide AR
",阿拉丁,100mL,100,mL,1,411.92,running_out,chengzengrui,20240402
,,,Amethyst,,,,1,123.25,running_out,admin,20240402
54010-75-2,三氟甲烷磺酸锌,Zinc trifluoromethanesulfonate,安耐吉,25g,25,g,1,72,running_out,huangyilei,20240402
19393-87-4,8-甲基萘-2-醇,8-Methylnaphthalen-2-ol,乐研,250mg,250,mg,1,140,running_out,huangyilei,20240403
1416881-52-1,"2,4,5,6-四咔唑基-1,3-二氰基苯","2,4,5,6-Tetra(9H-carbazol-9-yl)-1,3-Dicyanobenzene",毕得,250 mg,250,mg,1,77,not_stocked,wangxi,20240403
676525-77-2,"(4,4'-二叔丁基-2,2'-联吡啶)双[(2-吡啶基)苯基]铱(III)六氟磷酸盐", [Ir(dtbbpy)(ppy)2]PF6,毕得,100mg,100,mg,1,89.6,not_stocked,wangxi,20240403
154229-19-3,阿比特龙 ,Abiraterone,MREDA,5g,5,g,1,162,not_stocked,shihongwei,20240404
6313-33-3,甲脒盐酸盐,Formimidamide hydrochloride,毕得医药,10 g,10,g,1,23.1,not_stocked,zhaobinzhi,20240404
13041-63-9,4-羟基-1-萘甲酸甲酯,Methyl 4-hydroxy-1-naphthoate,MREDA,250mg,250,mg,1,411.3,not_stocked,huangyilei,20240405
315-53-7,1-羟基-4-氟萘,4-Fluoronaphthalen-1-ol,毕得医药,1g,1,g,1,144.9,not_stocked,huangyilei,20240405
36159-76-9,4-苯基-1-萘酚,4-Phenylnaphthalen-1-ol,毕得医药,250mg,250,mg,1,318.5,not_stocked,huangyilei,20240405
3669-52-1,4-乙酰基-1-萘酚 ,4-Acetyl-1-naphthol,MREDA,250mg,250,mg,1,190.35,not_stocked,huangyilei,20240405
605-62-9,4-硝基-1-萘酚, 4-Nitronaphthalen-1-ol,毕得医药,1g,1,g,1,21.7,not_stocked,huangyilei,20240405
7770-45-8,4-羟基-1-萘甲醛, 4-Hydroxy-1-naphthaldehyde,毕得医药,1g,1,g,1,86.8,not_stocked,huangyilei,20240405
10240-08-1,4-甲基-1-萘酚, 4-Methylnaphthalen-1-ol,毕得医药,250mg,250,mg,1,233.8,not_stocked,huangyilei,20240405
546-67-8,四乙酸铅,Lead(IV) acetate,阿拉丁,25g,25,g,1,181.52,not_stocked,chengzengrui,20240407
70384-51-9,"三[2-(2-甲氧基乙氧基)乙基]胺
",Tris(2-(2-methoxyethoxy)ethyl)amine,毕得医药,5g,5,g,1,21.7,not_stocked,chengzengrui,20240407
1160861-53-9,"二叔丁基(2',4',6'-三异丙基-3,6-二甲氧基-[1,1'-联苯基]-2-基)膦","Di-tert-butyl(2',4',6'-triisopropyl-3,6-dimethoxy-[1,1'-biphenyl]-2-yl)phosphine
",毕得医药,1g,1,g,1,140,not_stocked,chengzengrui,20240407
471-25-0,"丙炔酸
",Propiolic acid,Amethyst,5g,5,g,1,96.05,not_stocked,chengzengrui,20240407
13007-92-6,"六羰基铬(0)
",Chromium(0) hexacarbonyl,毕得医药,5g,5,g,1,172.2,not_stocked,chengzengrui,20240407
420-37-1,三甲基氧鎓四氟硼酸,Trimethyloxonium tetrafluoroborate,伊诺凯,25g,25,g,1,103.2,running_out,chengzengrui,20240407
106-95-6,3-溴丙烯,Allyl bromide,伊诺凯,100g,100,g,1,40,running_out,chengzengrui,20240407
2937-50-0,氯甲酸烯丙酯,Allyl chloroformate,Amethyst,25 g,25,g,1,49.3,not_stocked,chengzengrui,
577-19-5,2-溴硝基苯,2-溴硝基苯,安耐吉,25 g,25,g,1,44,not_stocked,chengzengrui,
938-33-0,8-甲氧基喹啉,,毕得,1g,1,g,1,25.2,not_stocked,wangxi,20240407
1998/8/8,三氟甲苯,Benzotrifluoride,泰坦,500mL,500,mL,1,333,running_out,zhuminghui,20240408
7757-82-6,硫酸钠,"Sodium sulfate
	",通广,500gx50,500,g,50,18,not_stocked,zhuminghui,20240408
14221-01-3,四(三苯基膦)钯,Tetrakis(triphenylphosphine)palladium,毕得医药,10g,10,g,1,496.3,running_out,huangyilei,20240408
938-33-0,8-甲氧基喹啉,,乐研,1g,1,g,1,25.2,not_stocked,wangxi,20240408
2270-20-4,5-苯基戊酸,5-Phenylvaleric Acid,毕得,5 g,5,g,1,74.9,not_stocked,wangxi,20240408
1801765-40-7,"(3S,4S)-8-(6-氨基-5-((2-氨基-3-氯吡啶基-4-基)硫代)吡嗪-2-基)-3-甲基-2-氧杂-8-氮杂螺[4.5]癸-4-胺","?(3S,4S)-8-(6-Amino-5-((2-amino-3-chloropyridin-4-yl)thio)pyrazin-2-yl)-3-methyl-2-oxa-8-azaspiro[4.5]decan-4-amine",毕得,25mg,25,mg,1,665,running_out,xuguofeng,20240408
118811-07-7,4-(甲苯-4-磺酰氧)哌啶-1-羧酸叔丁酯?,1-Boc-4-(Tosyloxy)piperidine,毕得,25g,25,g,1,107.1,running_out,xuguofeng,20240408
753-90-2,2，2，2-三氟乙基胺,"2,2,2-TRIFLUOROETHYLAMINE",安耐吉,5g,5,g,1,30,not_found,xuguofeng,20240408
2854-16-2,1-氨基-2-甲基-2-丙醇,1-Amino-2-methylpropan-2-ol,安耐吉,1g,1,g,1,19.2,not_found,xuguofeng,20240408
100-58-3,苯基溴化镁 ,"Phenylmagnesium bromide, 1.0 M solution in THF",百灵威J&K,100mL,100,mL,1,104,running_out,shihongwei,20240409
1759-53-1,环丙甲酸,Cyclopropanecarboxylic acid,毕得,10g,10,g,1,11.9,not_stocked,sulingyu,20240410
612-24-8,2-硝基苯甲腈, 2-Nitrobenzonitrile,毕得,5g,5,g,1,44.8,not_stocked,huzhibin,20240410
131274-22-1,四氟硼酸三叔丁基膦,Tri-tert-butylphosphine tetrafluoroborate,毕得,1g*2,1,g,2,14.7,running_out,xuguofeng,20240410
60748-47-2,三(二亚苄- BASE丙酮)二钯,Tris(dibenzylideneacetone)dipalladium,毕得,5g,5,g,1,560,running_out,xuguofeng,20240410
371-40-4,4-氟苯胺,4-Fluoroaniline,安耐吉,25g,25,g,1,20,running_out,huwenshu,20240411
937-14-4,间氯过氧苯甲酸,m-Chloroperoxybenzoic acid,"安耐吉	",25g,25,g,1,32,running_out,huzhibin,20240411
67-66-3,三氯甲烷,"	Chloroform",通广,500mlx10,500,ml,10,15,running_out,zhuminghui,20240412
60-29-7,乙醚,Diethyl ether AR,通广,500mlx5,500,ml,5,17,running_out,zhuminghui,20240412
65-85-0,苯甲酸,Benzoic acid,jk,25g,25,g,1,147,running_out,zhuminghui,20240412
1798-82-9,4环丙基苯甲酸,4-Cyclopropylbenzoic acid,毕得,250mg,250,mg,1,149,not_stocked,zhuminghui,20240412
720-73-0,4-甲基联苯甲酸,"	4'-METHYLBIPHENYL-4-CARBOXYLIC ACID
",毕得,1g,1,g,1,106,not_stocked,zhuminghui,20240412
1075-49-6,"	4-乙烯基苯甲酸","	4-Vinylbenzoic acid
",jk,1g,1,g,1,346,not_stocked,zhuminghui,20240412
4242-18-6,"5,6,7,8-四氢-1-萘甲酸","	5,6,7,8-Tetrahydronaphthalene-1-carboxylic acid
",毕得,2G,2,g,1,21,running_out,zhuminghui,20240412
153559-49-0,"4-(1-(3,5,5,8,8-五甲基-5,6,7,8-四氢-2-萘基)乙烯基)苯甲酸 
","4-(1-(3,5,5,8,8-Pentamethyl-5,6,7,8-tetrahydronaphthalen-2-yl)vinyl)benzoic acid",毕得,250mg,250,mg,1,340,not_stocked,zhuminghui,20240412
81-49-2,,"?1-Amino-2,4-dibromoanthraquinot_stocked",毕得,25g,25,g,1,304.5,running_out,pengsheng,20240412
,三氟乙酸,Trifluoroacetic acid,安耐吉,25g,25,g,1,30,running_out,admin,20240412
91307-40-3,5-羟基-1萘甲酸甲酯,Methyl 5-hydroxy-1-naphthoate,阿拉丁,250mg,250,mg,1,98.2,not_stocked,huangyilei,20240413
91270-69-8,7-溴-1-羟基萘,7-Bromonaphthalen-1-ol,毕得医药,250mg,250,mg,1,164.5,not_stocked,huangyilei,20240413
91270-68-7,6-溴-1-羟基萘,6-Bromo-1-hydroxynaphthalene,毕得医药,250mg,250,mg,1,127.4,not_stocked,huangyilei,20240413
1188555-99-8,"6,7-二氟萘-1-醇","6,7-Difluoronaphthalen-1-ol",乐研,100mg*2,100,mg,2,137.2,not_stocked,huangyilei,20240413
56820-58-7,7-氯萘-1-醇, 7-Chloronaphthalen-1-ol,毕得医药,250mg,250,mg,1,98,not_stocked,huangyilei,20240413
67247-13-6,7-甲氧基-1-萘酚,7-Methoxynaphthalen-1-ol,乐研,1g,1,g,1,210.7,not_stocked,huangyilei,20240413
3132-92-1,7-氟萘-1-醇,7-Fluoronaphthalen-1-ol,毕得医药,250mg,250,mg,1,91,not_stocked,huangyilei,20240413
22604-07-5,6-甲氧基-1-萘酚, 6-Methoxynaphthalen-1-ol,毕得医药,1g,1,g,1,83.3,not_stocked,huangyilei,20240413
52927-23-8,5-溴-1-萘酚,5-Bromonaphthalen-1-ol,乐研,250mg,250,mg,1,497.7,not_stocked,huangyilei,20240413
527-54-8,"3,4,5-三甲基苯酚","3,4,5-Trimethylphenol",Adamas,1g,1,g,1,151.5,not_stocked,huangyilei,20240413
617-86-7,三乙基硅烷,Triethylsilane,毕得,25 g,25,g,1,14.7,running_out,wangxi,20240414
118-90-1,邻甲基苯甲酸,2-Methylbenzoic acid,毕得医药,25g,25,g,1,14,not_stocked,zhuminghui,20240414
10602-00-3,4-炔基苯甲酸,4-Ethynylbenzoic acid,毕得医药,1g,1,g,1,30,not_stocked,zhuminghui,20240414
169590-42-5,4-(5-(对甲苯基)-3-(三氟甲基)-1H-吡唑-1-基)苯磺酰胺, 4-(5-(p-Tolyl)-3-(trifluoromethyl)-1H-pyrazol-1-yl)benzenesulfonamide,毕得医药,1g,1,g,1,17,not_stocked,zhuminghui,20240414
144701-48-4,4-{[2-正丙基-4-甲基-6-(1-甲基苯并咪唑-2-基)苯并咪唑-1-基]甲基}联苯基-2-羧酸 ,"4'-((1,7'-Dimethyl-2'-propyl-1H,3'H-[2,5'-bibenzo[d]imidazol]-3'-yl)methyl)-[1,1'-biphenyl]-2-carboxylic acid
",毕得医药,5g,5,g,1,27,running_out,zhuminghui,20240414
16116-80-6,4(三甲基硅烷乙炔基)苯甲酸 ,4-((Trimethylsilyl)ethynyl)benzoic acid,百灵威,250mg,250,mg,1,270,not_stocked,zhuminghui,20240414
20029-52-1,4环己基苯甲酸," 4-Cyclohexylbenzoic acid,",百灵威,1g,1,g,1,126,not_stocked,zhuminghui,20240414
93413-62-8,O-去甲文拉法辛, Desvenlafaxine,欣恒研,5g,5,g,1,282.15,not_stocked,shihongwei,20240415
69010-90-8,"N1,N2-二(呋喃-2-基甲基)氧醛酰胺","N,N'-DIFURFURYLOXAMIDE",希恩思,250mg,250,mg,1,15,not_stocked,tangshuyuan,20240415
920366-91-2,"N1,N2-双(2-噻吩甲基)-乙二酰胺","N1,N2-bis(thiophen-2-ylmethyl)oxalamide",MREDA,250mg,250,mg,1,37.35,not_stocked,tangshuyuan,20240415
9004-32-4,羧甲基纤维素钠缓冲液,0.5 % CMC,源叶,500mL,500,mL,1,296.4,not_stocked,pengjing,20240416
121-51-7,3-硝基苯磺酰氯,3-Nitrobenzenesulfonyl chloride,安耐吉,25g,25,g,1,68,not_stocked,sulingyu,20240416
1003-03-8,"
环戊胺",Cyclopentylamine,百灵威,5G,5,g,1,55.25,not_stocked,sulingyu,20240416
2516-34-9,氨基环丁烷,Cyclobutanamine,毕得,1g,1,g,1,34.3,not_stocked,sulingyu,20240416
459434-39-0,N-环丙基-3-氨基苯磺酰胺,N-Cyclopropyl 3-Aminophenylsulfonamide,MACKLIN,1g,1,g,1,409.6,not_stocked,sulingyu,20240416
22184-99-2,3-哌啶磺酰苯胺,1-[(3-Aminophenyl)sulfonyl]piperidine,MREDA,1g,1,g,1,540,not_stocked,sulingyu,20240416
503-29-7,杂氮环丁烷,Azetidine,毕得,1g,1,g,1,135.1,not_stocked,sulingyu,20240416
620-08-6,"4-甲氧基吡啶
","4-Methoxypyridine
",jk,25 g,25,g,1,550,running_out,zhuminghui,20240416
88284-48-4,2-(三甲基硅基)苯基三氟甲烷磺酸酯,2-(TRIMETHYLSILYL)PHENYL TRIFLUOROMETHANESULFONATE,希恩思,25g,25,g,1,423,running_out,shihongwei,20240417
4151-80-8,"4,4'-联苯基二硼酸","4,4'-Biphenyldiboronic acid",希恩思,5g,5,g,1,112,not_stocked,shihongwei,20240417
553-26-4,"
4,4'-联吡啶","4,4'-Bipyridine",希恩思,100g,100,g,1,123,running_out,shihongwei,20240417
73183-34-3,联硼酸频那醇酯,Bis(pinacolato)diboron ,毕得医药,100g,100,g,1,91,running_out,shihongwei,20240417
17763-80-3,4-硝基苯酚三氟甲基磺酸酯,4-NITROPHENYL TRIFLUOROMETHANESULFONATE,希恩思,5g,5,g,1,94,not_stocked,shihongwei,20240417
3669-52-1,4-乙酰基-1-萘酚, 4-Acetyl-1-naphthol,MREDA,250mg,250,mg,1,211.05,running_out,huangyilei,20240417
13041-63-9,4-羟基-1-萘甲酸甲酯,Methyl 4-hydroxy-1-naphthoate,MREDA,250mg,250,mg,1,411.3,running_out,huangyilei,20240417
135062-02-1,"	瑞格列奈","Repaglinide
",毕得,1g,1,g,1,88,not_stocked,zhuminghui,20240418
536-66-3,"4-异丙基苯甲酸
",4-Isopropylbenzoic acid,毕得,5g,5,g,1,19,not_stocked,zhuminghui,20240418
330-12-1,4-(三氟甲氧基)苯甲酸, 4-(Trifluoromethoxy)benzoic acid,毕得,1g,1,g,1,17,not_stocked,zhuminghui,20240418
10134-95-9,苯并[b]噻吩-4-甲酸 ,Benzo[b]thiophene-4-carboxylic acid,毕得,1g,1,g,1,348,not_stocked,zhuminghui,20240418
90924-06-4,1-甲基-4-吲哚甲酸 ,1-Methyl-4-indolecarboxylic Acid,毕得,1g,1,g,1,263,not_stocked,zhuminghui,20240418
166599-84-4,苯并呋喃-4-甲酸, Benzofuran-4-carboxylic acid,毕得,250mg,250,mg,1,266,not_stocked,zhuminghui,20240418
7250-53-5,"喹啉-5-羧酸
",Quinoline-5-carboxylic acid,毕得,1g,1,g,1,42,not_stocked,zhuminghui,20240418
2786/5/2,"二苯并[b,d]呋喃-4-羧酸 ","Dibenzo[b,d]furan-4-carboxylic acid",毕得,1g,1,g,1,161,not_stocked,zhuminghui,20240418
2786/8/5,"二苯并[b,d]噻吩-4-羧酸 ","Dibenzo[b,d]thiophene-4-carboxylic acid",毕得,1g,1,g,1,53,not_stocked,zhuminghui,20240418
6091-44-7,哌啶盐酸盐,Piperidine hydrochloride,百灵威,100G,100,g,1,185.3,not_stocked,sulingyu,20240418
91053-39-3,硅藻土 ,Celite ,MREDA,500g,500,g,1,16.65,running_out,huangyilei,20240418
13446-18-9,硝酸镁 六水合物,Magnesium nitrate hexahydrate,伊诺凯,250g,250,g,1,81,not_stocked,zhaobinzhi,20240423
811-98-3,氘代甲醇-d4,Methanol-d4,J&K,0.6 mL*10,0.6,ml,10,138,not_stocked,pengjing,20240419
7647-14-5,氯化钠,Sodium Chloride,上海泰坦,500gx3,500,g,3,9,common_public,huzhibin,20240419
144-55-8,碳酸氢钠,"Sodium Bicarbonate	",上海泰坦,500gx2,500,g,2,13.6,common_public,huzhibin,20240419
91053-39-3,硅藻土,"Kiesslguhr	",上海泰坦,500gx2,500,g,2,17.25,common_public,huzhibin,20240419
16726-67-3,"5-溴-1-萘甲酸
",5-Bromo-1-naphthoic acid,毕得,1g,1,g,1,37,not_stocked,zhuminghui,20240419
573-03-5,"4-氟-1-萘甲酸
",4-Fluoro-1-naphthoic acid,毕得,1g,1,g,1,38,not_stocked,zhuminghui,20240419
1013-04-3,"4-氯-1-萘甲酸
",4-Chloro-1-naphthoic acid,毕得,1g,1,g,1,245,not_stocked,zhuminghui,20240419
55720-22-4,5-苊甲酸 ,5-Acenaphthenecarboxylic acid,毕得,1g,1,g,1,405,not_stocked,zhuminghui,20240419
16650-55-8,4-溴-1-萘甲酸 ,4-Bromo-1-naphthalenecarboxylic acid,毕得,1g,1,g,1,28,not_stocked,zhuminghui,20240419
13041-62-8,4-甲氧基-1-萘甲酸, 4-Methoxy-1-naphthoic acid,毕得,1g,1,g,1,19,not_stocked,zhuminghui,20240419
4488-40-8,4-甲基-1-萘甲酸, 4-Methyl-1-naphthoic acid,毕得,1g,1,g,1,16,not_stocked,zhuminghui,20240419
21426-90-4,4-(甲氧基羰基)-1-萘甲酸 ,4-(Methoxycarbonyl)-1-naphthoic aciD,毕得,250mg,250,mg,1,256,not_stocked,zhuminghui,20240419
1486-51-7,"4-(苄氧基)苯甲酸
",4-(Benzyloxy)benzoic acid,毕得,5g,5,g,1,28,not_stocked,zhuminghui,20240419
2215-77-2,,4-Phenoxybenzoic acid,毕得,5g,5,g,1,14,not_stocked,zhuminghui,20240419
5731-15-7,4-羧基对三联苯,"
4-Carboxy-p-terphenyl",伊诺凯,250mg,250,mg,1,319,not_stocked,zhuminghui,20240419
108662-49-3,2-氯-6-氟苯并咪唑,2-Chloro-6-fluoro-1H-benzo[d]imidazole,乐研,250mg,250,mg,1,42,not_stocked,huwenshu,20240419
214147-60-1,2-氯-1H-苯并[d]咪唑-1-羧酸叔丁酯,tert-Butyl2-chloro-1H-benzo[d]imidazole-1-carboxylate,乐研,100mg,100,mg,1,21,not_stocked,huwenshu,20240419
84946-20-3,1-(4-氟苄基)-2-氯苯并咪唑,2-Chloro-1-(4-fluorobenzyl)-1H-benzo[d]imidazole,毕得,5g,5,g,1,46.2,not_stocked,huwenshu,20240419
43181-78-8,1-苄基-2-氯-1H-苯并[d]咪唑,1-Benzyl-2-chloro-1H-benzo[d]imidazole,乐研,100mg,100,mg,1,25.2,not_stocked,huwenshu,20240419
172603-05-3,3-(Boc-氨基)哌啶,3-Boc-aminopiperidine,乐研,5g,5,g,1,32.9,not_stocked,huwenshu,20240419
850649-61-5,苯甲酸阿格列汀中间体2,Alogliptin,乐研,50mg,50,mg,1,51.75,not_stocked,huwenshu,20240419
13196-11-7,6-羟基苯并呋喃,Benzofuran-6-ol,毕得医药,250mg,250,mg,1,519.4,not_stocked,huangyilei,20240421
3610/2/4,苯并[b]噻吩-4-醇,Benzo[b]thiophen-4-ol,毕得医药,250mg,250,mg,1,172.2,not_stocked,huangyilei,20240421
19301-39-4,苯并[b]噻吩-6-醇,Benzo[b]thiophen-6-ol,MREDA,250mg,250,mg,1,336.6,not_stocked,huangyilei,20240421
7556-37-8,1-甲基-1H-吲哚-4-醇,1-Methyl-1H-indol-4-ol,毕得医药,250mg,250,mg,1,88.9,not_stocked,huangyilei,20240421
898746-82-2,6-羟基-1H-吲哚-1-甲酸叔丁酯, tert-Butyl 6-hydroxy-1H-indole-1-carboxylate,毕得医药,250mg,250,mg,1,193.2,not_stocked,huangyilei,20240421
20279-16-7,3-羟基二苯并呋喃,"Dibenzo[b,d]furan-3-ol",罗恩,1g,1,g,1,341,not_stocked,huangyilei,20240421
33483-06-6,"二苯并[b,d]呋喃-1-醇","Dibenzo[b,d]furan-1-ol",毕得医药,1g,1,g,1,183.4,not_stocked,huangyilei,20240421
1560648-02-3,"4-(4,4,5,5-四甲基-1,3,2-二氧杂环戊硼烷-2-基)-1-萘酚","4-(4,4,5,5-Tetramethyl-1,3,2-dioxaborolan-2-yl)naphthalen-1-ol",毕得医药,1g,1,g,1,294,not_stocked,huangyilei,20240421
596-01-0,"3,3-双(4-羟基萘-1-基)异苯并呋喃-1(3H)-酮","3,3-Bis(4-hydroxynaphthalen-1-yl)isobenzofuran-1(3H)-one",毕得医药,5g,5,g,1,110.6,not_stocked,huangyilei,20240421
110-05-4,过氧化二叔丁基,Di-tert-butyl peroxide,伊诺凯,25 mL,25,mL,1,28,running_out,wangxi,20240422
421-83-0,三氟甲磺酰氯,"	Trifluoromethanesulfonyl chloride",麦克林,1 g,1,g,1,43.2,running_out,wangxi,20240422
20826-03-3,5-甲氧基烟酸,5-Methoxynicotinic acid,毕得医药,250mg,250,mg,1,29.4,not_stocked,xingyihong,20240422
27828-71-3,5-羟基-3-吡啶甲酸,5-Hydroxynicotinic acid,毕得医药,5g,5,g,1,21,not_stocked,xingyihong,20240422
231291-22-8,6-三氟甲基烟酸,6-(Trifluoromethyl)nicotinic acid,毕得医药,5g,5,g,1,51.1,not_stocked,xingyihong,20240422
131747-43-8,2-三氟甲基烟酸,2-Trifluoromethylnicotinic acid,毕得医药,5g,5,g,1,72.1,not_stocked,xingyihong,20240422
73027-79-9,"4,6-二氯烟酸","4,6-Dichloronicotinic acid",毕得医药,5g,5,g,1,32.2,not_stocked,xingyihong,20240422
3222-49-9,5-甲基烟酸,5-Methylnicotinic acid,毕得医药,10g,10,g,1,23.1,not_stocked,xingyihong,20240422
20826-04-4,3-溴-5-吡啶羧酸,3-Bromo-5-pyridine carboxylic acid,毕得医药,10g,10,g,1,17.5,not_stocked,xingyihong,20240422
16205-46-2,"吡唑并[1,5-a]吡啶-3-羧酸","Pyrazolo[1,5-a]pyridine-3-carboxylic acid",毕得医药,250mg,250,mg,1,38.5,not_stocked,xingyihong,20240422
30529-70-5,2-氯-6-甲基烟酸?,2-Chloro-6-methylnicotinic acid,毕得医药,5g,5,g,1,25.2,not_stocked,xingyihong,20240422
2942-59-8,2-氯烟酸,2-Chloronicotinic acid,毕得医药,25g,25,g,1,14.7,not_stocked,xingyihong,20240422
3222-47-7,6-甲基吡啶-3-甲酸,6-Methylnicotinic acid,毕得医药,5g,5,g,1,18.9,not_stocked,xingyihong,20240422
6311-35-9,6-溴烟酸,6-Bromonicotinic acid,毕得医药,5g,5,g,1,28,not_stocked,xingyihong,20240422
10177-31-8,4-甲氧基烟酸,4-Methoxynicotinic acid,毕得医药,1g,1,g,1,193.2,not_stocked,xingyihong,20240422
364-73-8,2-氟-5-溴硝基苯,5-Bromo-2-fluoronitrobenzene,毕得医药,5g,5,g,1,14,not_stocked,xingyihong,20240422
38202-27-6,"O-(2,4,6-三甲基苯磺酰基)乙酰羟肟酸乙酯",Ethyl N-(mesitylsulfonyl)oxyacetimidate,毕得医药,5g,5,g,1,47.6,not_stocked,sunyichen,20240422
145100-51-2,"2-[N,N-双(三氟甲烷磺酰)氨基]-5-氯吡啶","2-[N,N-Bis(Trifluoromethylsulphonyl)amino]-5-chloropyridine",毕得医药,10g,10,g,1,70,not_stocked,chengzengrui,20240422
375-72-4,全氟丁基磺酰氟,"1,1,2,2,3,3,4,4,4-Nonafluorobutane-1-sulfonyl fluoride",毕得医药,25g,25,g,1,23.1,not_stocked,chengzengrui,20240422
12380-79-9,"铋酸钠二水合物
",Sodium bismuthate dihydrate,毕得医药,5g,5,g,1,22.4,running_out,chengzengrui,20240422
546-67-8,"四乙酸铅
",Lead(IV) acetate,阿拉丁,25g,25,g,1,181.52,running_out,chengzengrui,20240422
17341-93-4,"氯甲酸-2,2,2-三氯乙酯
","2,2,2-Trichloroethyl Chloroformate",Adamas,25g,25,g,1,82.5,running_out,chengzengrui,20240422
7400-27-3,"叔丁基肼盐酸盐
",tert-Butylhydrazine hydrochloride,毕得医药,25g,25,g,1,14,not_stocked,chengzengrui,20240422
6294-89-9,肼基甲酸甲酯,Methyl hydrazinecarboxylate,毕得医药,25g,25,g,1,14,not_stocked,chengzengrui,20240422
35661-51-9,9-芴基甲基肼基甲酸酯,(9H-Fluoren-9-yl)methyl hydrazinecarboxylate,毕得医药,25g,25,g,1,88.2,not_stocked,chengzengrui,20240422
2835-77-0,2-氨基二苯甲酮,2-Aminobenzophenot_stocked,Adamas,25 g,25,g,1,25.5,running_out,chengzengrui,20240422
613-94-5,苯甲酰肼,"Benzohydrazide
",毕得医药,100g,100,g,1,40.6,not_stocked,chengzengrui,20240422
88497-27-2,3-氨基-6-溴哒嗪 ,3-Amino-6-bromopyridazine,毕得医药,5G,5,g,1,126,running_out,xuyue,20240423
86-55-5,"
萘甲酸",1-Naphthoic acid,jk,25g,25,g,1,108,running_out,zhuminghui,20240423
6636-55-1,6-氯吡啶-2-甲酸甲酯 ,Methyl 6-chloropicolinate,毕得医药,10g,10,g,1,25.9,running_out,xuyue,20240423
92-54-6,N-苯基哌嗪, 1-Phenylpiperazine,毕得医药,10g,10,g,1,15.4,not_stocked,xuyue,20240423
403-31-6,4'-氟-2-羟基苯乙酮,4'-Fluoro-2-hydroxyacetophenot_stocked,希思思,1g,1,g,1,257,not_stocked,xuyue,20240423
473719-41-4,"(R)-N-(1-(3-(4-乙氧基苯基)-4-氧代-3,4-二氢吡啶并[2,3-D]嘧啶-2-基)乙基)-N-(吡啶-3-基甲基)-2-(4-(三氟甲氧基)苯基)乙酰胺","N-[(1R)-1-[3-(4-Ethoxyphenyl)-3,4-dihydro-4-oxopyrido[2,3-d]pyrimidin-2-yl]ethyl]-N-(3-pyridinylmethyl)-4-(trifluoromethoxy)benzeneacetamide;Benzeneacetamide",毕得医药,10mg,10,mg,1,655,not_stocked,xuguofeng,20240423
918655-03-5,4-(萘-2-)苯硼酸, (4-(Naphthalen-2-yl)phenyl)boronic acid,毕得医药,5g,5,g,1,104.3,running_out,shihongwei,20240423
34784-02-6,3-溴异喹啉 ,3-Bromoisoquinoline,毕得医药,1g,1,g,1,86.1,running_out,shihongwei,20240423
107351-82-6,2-溴-5-苯基吡啶 ,2-Bromo-5-phenylpyridine,毕得医药,1g,1,g,1,100.1,running_out,admin,20240423
3510-66-5,2-溴-5-甲基吡啶,2-Bromo-5-methylpyridine,希恩思,25g,25,g,1,39,running_out,admin,20240423
163222-33-1,依泽替米贝,Ezetimibe,希恩思,5g,5,g,1,307,running_out,admin,20240423
207915-99-9,"N,N,N’,N’-四甲基氯甲脒六氟磷酸盐","N,N,N’,N’-Tetramethylchloroformamidinium-hexafluorophosphate,",伊诺凯,1g,1,g,1,,not_stocked,xuyue,20240423
507-52-8,2-三氟甲基-2-丙醇," 1,1,1-Trifluoro-2-methylpropan-2-ol",伊诺凯,25gx2,25,g,2,1430,not_stocked,zhuminghui,20240312
110-58-7,正戊胺, Amylamine,Adamas,5ml,5,mL,1,19.5,running_out,huzhibin,20240423
142253-55-2,1-N-Boc-3-吖丁啶羧酸,1-N-Boc-3-Azetidinecarboxylic acid,毕得,10g,10,g,1,62.3,not_stocked,xuguofeng,20240424
108-19-0,缩二脲,Biuret,乐研,25g,25,g,1,38.5,not_stocked,mengjunhong,20240424
2538-68-3,"吩嗪-1-羧酸
",Phenazine-1-carboxylic acid,毕得,1g,1,g,1,313.6,not_stocked,zhuminghui,20240424
725-14-4,4'-甲氧基联苯基-4-羧酸," 4'-Methoxy-[1,1'-biphenyl]-4-carboxylic acid",毕得,1g,1,g,1,114,not_stocked,zhuminghui,20240424
620-08-6,4-甲氧基吡啶,4-Methoxypyridine,欣恒研,10g,10,g,1,54.15,running_out,tangshuyuan,20240425
486460-21-3,"3-(三氟甲基)-5,6,7,8-四氢-[1,2,4]三唑并[4,3-a]吡嗪","3-(Trifluoromethyl)-5,6,7,8-tetrahydro-[1,2,4]triazolo[4,3-a]pyrazine",乐研,1g,1,g,1,108.5,not_stocked,xuguofeng,20240425
848192-96-1,3-三氟甲基-3-吖啶醇盐酸盐,3-(trifluoromethyl)azetidin-3-ol hydrochloride,毕得,250mg,250,mg,1,56,not_stocked,xuguofeng,20240425
683-60-3,异丙醇钠,Sodium isopropoxide,阿拉丁,5g,5,g,1,148.12,not_stocked,huangyilei,20240425
24980-41-4,聚己内酯,Polycaprolactone,希恩思,25g,25,g,1,20,not_stocked,admin,20240426
204376-55-6,"
FMOC-哌啶-4-酮",FMOC-哌啶-4-酮 1-Fmoc-4-piperidone,毕德,1g,1,g,1,42,not_stocked,sunyichen,20240426
2471-70-7,"6-甲氧基-2-萘甲酸
",6-Methoxy-2-naphthoic acid,毕得,5g,5,g,1,102,not_stocked,zhuminghui,20240426
1975-44-6,5-硝基-萘-1-羧酸 ,5-Nitro-naphthalene-1-carboxylicacid,毕得,250mg,250,mg,1,410,not_stocked,zhuminghui,20240426
36112-61-5,6-甲氧基萘甲酸 ,6-Methoxy-1-naphthoic acid,毕得,1g,1,g,1,145,not_stocked,zhuminghui,20240426
16650-52-5,5-氯-1-萘甲酸 ,5-chloro-1-naphthoic acid,毕得,250mg,250,mg,1,720,not_stocked,zhuminghui,20240426
51934-39-5,7-溴萘-1-羧酸 ,7-Bromo-1-naphthoic acid,毕得,250mg,250,mg,1,175,not_stocked,zhuminghui,20240426
1993/9/4,2-萘甲酸, 2-Naphthoic acid,毕得,10g,10,g,1,14,not_stocked,zhuminghui,20240426
5773-80-8,6-溴-2-萘甲酸, 6-Bromo-2-naphthoic acid,毕得,"5g
",5,g,1,37.8,not_stocked,zhuminghui,20240426
613-08-1,2-蒽甲酸 ,2-Anthracenecarboxylic Acid,毕得,1g,1,g,1,270.2,not_stocked,zhuminghui,20240426
7568/8/3,6-(甲氧基羰基)-2-萘酸, 6-(Methoxycarbonyl)-2-naphthoic acid,毕得,1g,1,g,1,170,not_stocked,zhuminghui,20240426
1013-83-8,5-溴-2-萘甲酸 ,5-Bromo-2-naphthoic acid,毕得,1g,1,g,1,67,not_stocked,zhuminghui,20240426
5042-97-7,6-氯萘-2-羧酸 ,6-Chloro-2-naphthoic acid,毕得,250mg,250,mg,1,260,not_stocked,zhuminghui,20240426
5043/1/6,6-氟-2-萘甲酸 ,6-Fluoro-2-naphthoic acid,毕得,250mg,250,mg,1,349.3,not_stocked,zhuminghui,20240426
33627-01-9,6-乙酰基-2-萘甲酸 ,6-Acetyl-2-naphthoic acid,毕得,"250mg
",250,mg,1,228.9,not_stocked,zhuminghui,20240426
1998/8/8,三氟甲苯,Benzotrifluoride,泰坦,500mL,500,mL,1,333,running_out,zhuminghui,20240426
850649-61-5,阿格列汀,Alogliptin,阿拉丁,10mg,10,mg,1,32.68,not_stocked,huwenshu,20240427
668270-12-0,利拉利汀,Linagliptin,阿拉丁,10mg,10,mg,1,24.1,not_stocked,huwenshu,20240427
760937-92-6,特利列汀,Teneligliptin,TargetMol,2mg,2,mg,1,139,not_stocked,huwenshu,20240427
865759-25-7,曲格列汀,Trelagliptin,MREDA,5mg,5,mg,1,89,not_stocked,huwenshu,20240427
,"R)-3-氨基-1-(3-(三氟甲基)-5,6-二氢[1,2,4]三唑并[4,3-a]吡嗪-7(8H)-基)-4-(2,4,5-三氟苯基)丁-1-酮","(R)-3-Amino-1-(3-(trifluoromethyl)-5,6-dihydro-[1,2,4]triazolo[4,3-a]pyrazin-7(8H)-yl)-4-(2,4,5-trifluorophenyl)butan-1-one",毕得,100mg,100,mg,1,49,not_stocked,huwenshu,20240427
93703-24-3,"8-溴-3-甲基-3,7-二氢-嘌呤-2,6-二酮","8-Bromo-3-methyl-1H-purine-2,6(3H,7H)-dione",毕得,1g,1,g,1,19.6,not_stocked,huwenshu,20240427
666816-98-4,"8-溴-7-(2-丁炔基)-3,7-二氢-3-甲基-1H-嘌呤-2，6-二酮","8-Bromo-7-(but-2-yn-1-yl)-3-methyl-1H-purine-2,6(3H,7H)-dione",毕得,5g,5,g,1,31.5,not_stocked,huwenshu,20240427
361442-04-8,沙克列汀,Saxagliptin,罗恩,5mg,5,mg,1,43.5,not_stocked,huwenshu,20240427
421-83-0,三氟甲磺酰氯,"	Trifluoromethanesulfonyl chloride",偶合,25 g,25,g,1,196,running_out,wangxi,20240428
70-34-8,"2,4-二硝基氟苯","2,4-Dinitrofluorobenzene",伊诺凯,25g,25,g,1,51.2,running_out,admin,20240428
577967-89-6,2-氯-6-羟基-喹啉,2-Chloroquinolin-6-ol,毕得医药,1g,1,g,1,59.5,not_stocked,huangyilei,20240429
613-21-8,2-甲基喹啉-6-醇, 2-Methylquinolin-6-ol,乐研,250mg,250,mg,1,176.4,not_stocked,huangyilei,20240429
13669-57-3,3-溴-6-羟基喹啉,3-Bromoquinolin-6-ol,乐研,250mg,250,mg,1,250.6,not_stocked,huangyilei,20240429
696612-04-1,3-氯喹啉-6-醇,3-Chloroquinolin-6-ol,乐研,250mg,250,mg,1,499.1,not_stocked,huangyilei,20240429
6972-86-7,6-羟基喹啉-3-甲酸乙酯,Ethyl 6-hydroxyquinoline-3-carboxylate,乐研,250mg,250,mg,1,182.7,not_stocked,huangyilei,20240429
84174-71-0,7-溴喹啉-6-醇,7-Bromoquinolin-6-ol,毕得医药,250mg,250,mg,1,327.6,not_stocked,huangyilei,20240429
358-23-6,三氟甲烷磺酸酐,Trifluoromethanesulfonic anhydride,希恩思,100 g,100,g,1,110,running_out,shihongwei,20240430
694-59-7,吡啶-N-氧化物,Pyridine 1-oxide,毕得医药,25g,25,g,1,75.6,running_out,xingyihong,20240501
22205-45-4,硫化亚铜,Copper(i)sulfide,毕得医药,5g,5,g,1,22.4,not_stocked,xingyihong,20240501
1999-64-0,6-乙基-2-萘酚,6-Ethylnaphthalen-2-ol,毕得医药,250mg,250,mg,1,226.1,not_stocked,huangyilei,20240501
17295-12-4,6-羟基-2-萘酸乙酯,Ethyl 6-hydroxy-2-naphthoate,毕得医药,1g,1,g,1,60.2,not_stocked,huangyilei,20240501
86639-52-3,"S)-4,11-二乙基-4,9-二羟基-1H-吡喃并[3',4':6,7]吲哚嗪并[1,2-b]喹啉-3,14(4H,12H)-二酮"," (S)-4,11-Diethyl-4,9-dihydroxy-1H-pyrano[3',4':6,7]indolizino[1,2-b]quinoline-3,14(4H,12H)-dione
",毕得医药,1g,1,g,1,158.2,not_stocked,huangyilei,20240501
19685-09-7,"(S)-4-乙基-4,9-二羟基-1H-吡喃并[3',4':6,7]吲哚并[1,2-b]喹啉-3,14(4H,12H)-二酮","(S)-4-Ethyl-4,9-dihydroxy-1H-pyrano[3',4':6,7]indolizino[1,2-b]quinoline-3,14(4H,12H)-dione
",毕得医药,1g,1,g,1,80.5,not_stocked,huangyilei,20240501
7758-89-6,"氯化亚铜
",Copper(I) chloride AR,sigma,25g,25,g,1,533,not_stocked,zhuminghui,20240502
7440-50-8,"铜
",Copper AR,sigma,25g,25,g,1,186,not_stocked,zhuminghui,20240502
4221/3/8,5-羟基戊醛,5-Hydroxypentanal,乐研,5g,5,g,1,271.6,not_stocked,mengjunhong,20240502
17857-14-6,(3-羧丙基)三苯基溴化膦,3-Carboxypropyltriphenylphosphoniumbromide,乐研,100G,100,g,1,110.6,not_stocked,mengjunhong,20240502
57042-08-7,反-3-己烯二酸二乙酯,Diethyl trans-3-Hexenedioate,阿拉丁,1g,1,g,1,80.26,not_stocked,mengjunhong,20240502
29703-01-3,碳酸氢铯 ,Cesium bicarbonate,sigma,25g,25,g,1,1000,reorder,zhuminghui,20240503
95901-05-6,7-羟基-2-萘甲酸甲酯,Methyl 7-hydroxy-2-naphthoate,毕得医药,250mg,250,mg,1,263.2,not_stocked,huangyilei,20240503
91307-40-3,5-羟基-1萘甲酸甲酯, Methyl 5-hydroxy-1-naphthoate,安耐吉,1g,1,g,1,316,not_stocked,huangyilei,20240503
30159-70-7,3-(羟甲基)萘-2-醇,3-(Hydroxymethyl)Naphthalen-2-Ol,Adamas,250mg,250,mg,1,283,not_stocked,huangyilei,20240503
26100-51-6,聚乳酸,Polylactic acid,罗恩,100 g,100,g,1,130.6,not_stocked,zhaobinzhi,20240506
7705-08-0,"三氯化铁
",Ferric chloride,JK,5G,5,g,1,99,not_stocked,zhuminghui,20240506
10544-50-0,"	八硫杂环辛烷","	Cyclic octaatomic sulfur",毕得,1 g,1,g,1,129.5,not_stocked,wangxi,20240506
20817-72-5,柱头孢烯酮（豆固酮）,"	Stigmastadienot_stocked",阿拉丁,1g,1,g,1,491.32,not_stocked,mengjunhong,20240506
95-54-5,邻苯二胺 ,o-Phenylenediamine,jk,100g,100,g,1,242,not_stocked,zhuminghui,20240506
26042-64-8,六氟锑酸银 ,Silver hexafluoroantimonate,jk,1g,1,g,1,94,not_stocked,zhuminghui,20240506
107504-08-5,5-氟吡啶-2-羧酸 ,5-Fluoro-2-picolinic acid,毕得,5g,5,g,1,57.4,running_out,xuyue,20240506
530-93-8,"1,2,3,4-四氢-2-萘酮 ",2-Tetralone,伊诺凯,5g,5,g,1,303,not_stocked,xuyue,20240506
74-95-3,二溴甲烷,Dibromomethane (stabilized with BHT),Adamas,25g,25,g,1,17,running_out,huangyilei,20240506
38053-91-7,"2-三甲基硅氧基-1,3-丁二烯 ","(Buta-1,3-dien-2-yloxy)trimethylsilane",毕得,2g,2,g,1,144.2,not_stocked,xuyue,20240507
22367-82-4,3-甲基苯并呋喃-2-羧酸乙酯,Ethyl 3-methylbenzofuran-2-carboxylate,毕得,25g,25,g,1,303.8,running_out,sulingyu,20240507
2785-87-7,2-甲氧基-4-丙基苯酚,2-methoxy-4-n-propylphenol,毕得,25g,25,g,1,21,not_stocked,zhuminghui,20240507
1975/5/8,乙腈（HPLC）,Acetonitrile,通广,4L,4,L,1,190,running_out,pengjing,20240507
546-67-8,"四乙酸铅
",Lead(IV) acetate,jk,100g,100,g,1,520,running_out,zhuminghui,20240508
3240-34-4,碘苯二乙酸,(Diacetoxyiodo)benzene,"毕得	",200g,200,g,1,160,running_out,zhuminghui,20240508
659-18-7,"硼酸三(2,2,2-三氟乙基)酯","Tris(2,2,2-trifluoroethyl)borate",乐研,5 g,5,g,1,182,not_stocked,wangxi,20240509
12650-69-0,莫匹罗星,"	Mupirocin",毕得,5g,5,g,1,224.7,running_out,mengjunhong,20240509
13735-81-4,1-苯基-1-三甲基硅氧乙烯, Trimethyl[(1-phenylvinyl)oxy]silane,毕得,5g,5,g,1,58.1,not_stocked,huangyilei,20240509
288251-82-1,5-氨基-2-(4-甲基哌嗪-1-基)苯甲腈,5-Amino-2-(4-methylpiperazin-1-yl)benzonitrile,毕得,100mg,100,mg,1,461.3,not_stocked,sulingyu,20240510
16154-72-6,1-(4-氨基-2-氯苯基)-4-甲基哌嗪,3-Chloro-4-(4-methylpiperazin-1-yl)benzenamine,乐研,1g,1,g,1,126.7,not_stocked,sulingyu,20240510
23491-48-7,5-(4-甲基哌嗪)-2-硝基苯胺,5-(4-Methyl-1-piperazinyl)-2-nitroaniline,乐研,10g,10,g,1,278.6,not_stocked,sulingyu,20240510
608523-94-0,"3-氨基-N-(1,1-二甲基乙基)苯磺酰胺","3-Amino-N-(1,1-dimethylethyl)benzenesulfonamide",乐研,10g,10,g,1,436.1,not_stocked,sulingyu,20240510
1975/5/8,乙腈（HPLC）,acetonitrile hplc,通广,4L,4,L,1,190,running_out,yanglicheng,20240510
130-16-5,5-氯-8-羟基喹啉,Cloxiquine,乐研,10g,10,g,1,21,not_stocked,huangyilei,20240511
5541-67-3,8-羟基-5-甲基喹啉,5-Methylquinolin-8-ol,毕得医药,1g,1,g,1,170.8,not_stocked,huangyilei,20240511
1198-14-7,5-溴喹啉-8-醇,5-Bromoquinolin-8-ol,毕得医药,1g,1,g,1,72.8,not_stocked,huangyilei,20240511
10136-57-9,5-(氯甲基)喹啉-8-醇,5-(CHLOROMETHYL)QUINOLIN-8-OL HYDROCHLORIDE,源叶,250mg,250,mg,1,473.8,not_stocked,huangyilei,20240511
2598-31-4,1-(8-羟基喹啉-5-基)乙酮 ,1-(8-Hydroxyquinolin-5-yl)ethanot_stocked,毕得医药,250mg,250,mg,1,487.9,not_stocked,huangyilei,20240511
4053-44-5,5-(羟基甲基)喹啉-8-醇,5-(Hydroxymethyl)quinolin-8-ol,毕得医药,250mg,250,mg,1,313.6,not_stocked,huangyilei,20240511
22049-19-0,5-(乙氧基甲基)喹啉-8-醇,5-(Ethoxymethyl)quinolin-8-ol,罗恩,250mg,250,mg,1,426.12,not_stocked,huangyilei,20240511
22205-45-4,硫化亚铜,Copper(i)sulfide,欣恒研,5g,5,g,1,52.25,not_stocked,xingyihong,20240512
536-80-1,亚碘酰苯,?Iodosobenzene,毕得,5g,5,g,1,47.6,running_out,pengsheng,20240512
141556-45-8,"1,3-双(2,4,6-三甲基苯基)氯化咪唑"," 1,3-Dimesityl-1H-imidazol-3-ium chloride",毕得医药,1g,1,g,1,18.2,running_out,tanhui,20240512
534-17-8,碳酸铯 ,Cesium carbonate,毕得医药,10g,10,g,1,25.2,degraded,tanhui,20240512
538-75-0,二环己基碳二亚胺," N,N-Dicyclohexylcarbodiimide",毕得医药,25g,25,g,1,14,degraded,tanhui,20240512
109-99-9,四氢呋喃 ,"Tetrahydrofuran, 99.9%, SuperDry, stabilized with 250 ppm BHT, J&KSeal",毕得医药,100ml,100,mL,1,31,running_out,tanhui,20240512
2592-95-2,1-羟基苯并三唑 ,"1H-Benzo[d][1,2,3]triazol-1-ol",毕得医药,25g,25,g,1,17.5,degraded,tanhui,20240512
35657-36-4,O-对硝基苯甲酰基羟胺,O-(4-Nitrobenzoyl)hydroxylamine,毕得医药,25g,25,g,1,117.6,not_stocked,huangyilei,20240512
99493-93-3,(S)-1-(4-三氟甲基苯基)乙醇,(S)-1-[4-(TRIFLUOROMETHYL)PHENYL]ETHANOL,毕得医药,5g,5,g,1,841.4,not_stocked,huotongyu,20240513
76155-79-8,(R)-1-(4-三氟甲基苯基)乙醇,(R)-1-[4-(TRIFLUOROMETHYL)PHENYL]ETHANOL,毕得医药,"5g
",5,g,1,576.8,not_stocked,huotongyu,20240513
1445-91-6,S-(-)-苯乙醇,(S)-(-)-1-PHENYLETHANOL,毕得医药,25g,25,g,1,91,not_stocked,huotongyu,20240513
1517-69-7,(R)-(+)-1-苯基乙醇,(R)-(+)-1-Phenylethanol,毕得医药,25g,25,g,1,79.1,not_stocked,huotongyu,20240513
1638-22-8,,4-Butylphenol ,jk,5g,5,g,1,216,not_stocked,zhuminghui,20240514
491-35-0,4-甲基喹啉,4-methylquinoline,罗恩,5 g,5,g,1,45.5,running_out,wangxi,20240515
67-56-1,甲醇 ,Methanol,通广,AR500ML,,,1,7,running_out,huangyilei,20240515
491-35-0,4-甲基喹啉,4-methylquinoline,安耐吉,5 g,5,g,1,68,not_stocked,wangxi,20240517
534-17-8,碳酸铯,Cesium carbonate,毕得,100G,100,g,1,208.6,running_out,mengjunhong,20240517
67-64-1,丙酮,"	Acetone",通广,2.5 L x 4 = 10 L,,,1,65,running_out,mengjunhong,20240517
22049-19-0,5-(乙氧基甲基)喹啉-8-醇,5-(Ethoxymethyl)quinolin-8-ol,偶合,250mg,250,mg,1,431,not_stocked,huangyilei,20240517
491-35-0,4-甲基喹啉,4-methylquinoline,Acmec,5 g,5,g,1,86.4,not_stocked,wangxi,20240517
89171-23-3,四(五氟苯基)硼酸钾,Potassium tetrakis(pentafluorophenyl)borate, 麦克林,5 g,5,g,1,165.59,not_stocked,wangxi,20240517
333-27-7,三氟甲磺酸甲酯,Methyl trifluoromethanesulfonate,毕得,25 g,25,g,1,39.9,running_out,wangxi,20240517
63485-73-4,3-甲基-7-羟基异喹啉,3-Methylisoquinolin-7-ol,MREDA,250mg,250,mg,1,486.5,not_stocked,huangyilei,20240518
850197-67-0,1-氯-6-羟基异喹啉,1-Chloroisoquinolin-6-ol,毕得医药,250mg,250,mg,1,237.3,not_stocked,huangyilei,20240518
15463-09-9,4-甲基喹啉-7-醇,4-Methylquinolin-7-ol,偶合,250mg,250,mg,1,392,not_stocked,huangyilei,20240518
181950-57-2,4-氯-7-羟基喹啉,4-Chloro-7-hydroxyquinoline,毕得医药,1g,1,g,1,199.5,not_stocked,huangyilei,20240518
375358-19-3,2-氯喹啉-7-醇,2-Chloroquinolin-7-ol,毕得医药,1g,1,g,1,314.3,not_stocked,huangyilei,20240518
205448-31-3,7-羟基-4-氯-6-甲氧基喹啉,4-Chloro-6-methoxyquinolin-7-ol,毕得医药,1g,1,g,1,133.7,not_stocked,huangyilei,20240518
165112-03-8,2-甲基-7-羟基喹啉,2-Methylquinolin-7-ol,毕得医药,250mg,250,mg,1,172.2,not_stocked,huangyilei,20240518
94790-35-9,"N,N,N',N'-四甲基氯代脲六氟磷酸盐"," N-(Chloro(dimethylamino)methylene)-N-methylmethanaminium hexafluorophosphate(V)
",毕得医药,100g,100,g,1,83.3,not_stocked,huangyilei,20240518
448-61-3,"2,4,6-三苯基吡喃鎓四氟硼酸盐 ","2,4,6-Triphenylpyrylium tetrafluoroborate",毕得,10 g,10,g,1,137.2,running_out,wangxi,20240519
22205-45-4,硫化亚铜,Copper(i)sulfide,毕得医药,5g,5,g,1,25.6,not_stocked,xingyihong,20240519
31785-68-9,9-氮杂双环[3.3.1]壬烷-N-氧基自由基,9-Azabicyclo[3.3.1]nonanen-oxyl,乐研,1 g,1,g,1,241.5,not_stocked,wangxi,20240520
98-92-0,烟酰胺,Nicotinamide,欣恒研,25g,25,g,1,36,not_stocked,xingyihong,20240520
8068/5/1,木质素 碱性,Lignin (Alkaline) AR,阿拉丁,25g,25,g,1,47,not_stocked,zhuminghui,20240520
9005-53-2,木质素脱碱,Lignin (dealkaline) AR,阿拉丁,25g,25,g,1,98,not_stocked,zhuminghui,20240520
16726-67-3,"5-溴-1-萘甲酸
",5-Bromo-1-naphthoic acid,毕得,25g,25,g,1,725,not_stocked,zhuminghui,20240520
607-42-1,1-蒽羧酸, 1-Anthracenecarboxylic Acid,MREDA,200mg,200,mg,1,333,not_stocked,zhuminghui,20240520
16650-52-5,5-氯-1-萘甲酸 ,5-chloro-1-naphthoic acid,MREDA,250mg,250,mg,1,720,not_stocked,zhuminghui,20240520
6315-19-1,6-甲基萘-1-羧酸 ,6-Methylnaphthalene-1-carboxylic acid,罗恩,250mg,250,mg,1,668,not_stocked,zhuminghui,20240520
36112-61-5,6-甲氧基萘甲酸 ,6-Methoxy-1-naphthoic acid,毕得,1g,1,g,1,145.6,not_stocked,zhuminghui,20240520
4096-20-2,N-苯基哌啶,N-Phenylpiperidine,毕得,5 g,5,g,1,144.9,running_out,wangxi,20240521
5339-85-5,"2-氨基苯乙醇
","2-Aminophenethyl alcohol
",ACMEC,25g,25,g,1,179.35,not_stocked,chengzengrui,20240522
52670-38-9,"2-氨基苯乙炔
","	2-ETHYNYLANILINE",乐研,10g,10,g,1,403.2,running_out,chengzengrui,20240522
105838-14-0,N-BOC-O-对甲苯磺酰基-羟胺,N-Boc-O-tosylhydroxylamine,乐研,5g,5,g,1,200.2,not_stocked,chengzengrui,20240522
887144-97-0,"3,3-二甲基-1-(三氟甲基)-1,2-苯并碘氧杂戊环","3,3-Dimethyl-1-(trifluoromethyl)-1,2-benziodoxole",毕得,5g,5,g,1,357,not_stocked,chengzengrui,20240522
20570-96-1,"苄基肼 二盐酸盐
",Benzylhydrazine dihydrochloride,ACMEC,25g,25,g,1,164.9,not_stocked,chengzengrui,20240522
773-64-8,"2,4,6-三甲基苯磺酰氯
","2-Mesitylenesulfonyl chloride	",毕得,100g,100,g,1,63,running_out,chengzengrui,20240522
36016-38-3,"N-羟基氨基甲酸叔丁酯
",N-tert-Butoxycarbonylhydroxylamine,毕得,100g,100,g,1,91.7,running_out,chengzengrui,20240522
342-24-5,"邻氟二苯甲酮
",2-Fluorobenzophenot_stocked,毕得,10g,10,g,1,47.6,running_out,chengzengrui,20240522
109-99-9,"四氢呋喃
","etrahydrofuran, 99.9%, SuperDry, stabilizer free, J&Kseal, with molecular sieves",,500mL*2,500,ml,2,42,running_out,chengzengrui,20240522
1227040-87-0,"(4-(1,2,2-三苯基乙烯基)苯基)硼酸","(4-(1,2,2-Triphenylvinyl)phenyl)boronic acid",毕得,1 g,1,g,1,406,not_stocked,chengzengrui,20240522
502-41-0,,Cycloheptanol,毕得,5g,5,g,1,25.9,not_stocked,yanglicheng,20240522
49845-33-2,"2,4-二氯-5 硝基嘧啶","2,4-Dichloro-5-nitropyrimidine",欣恒研,10g,10,g,1,99.75,not_stocked,xingyihong,20240522
1460-02-2,"3,5-三叔丁基苯 ","1,3,5-Tri-tert-butylbenzene",欣恒研,5g,5,g,1,27.55,not_stocked,shihongwei,20240523
4352-42-5,1-环己基-1-丁醇 ,1-Cyclohexyl-1-butanol,欣恒研,1g,1,g,1,67,not_stocked,shihongwei,20240523
920-66-1,"	六氟异丙醇","	HFIP
",毕得,500G,500,g,1,177.1,running_out,admin,20240523
16083-94-6,"1,2,2,3,4,4六甲基膦1-氧化物 ","1,2,2,3,4,4 Hexamethylphosphetane 1-oxide",阿拉丁,100mg,100,mg,1,418.78,not_stocked,shihongwei,20240523
533-58-4,2-碘苯酚,2-Iodophenol,希思思,25g,25,g,1,64,not_stocked,shihongwei,20240524
163222-33-1,依泽替米贝,Ezetimibe,希恩思,5g,5,g,1,228,running_out,shihongwei,20240524
13057-17-5,溴甲基甲基醚,Bromomethyl methyl ether,希思思,25g,25,g,1,67,not_stocked,shihongwei,20240524
15086-94-9,溶剂红 43,EOSIN Y,希思思,5g,5,g,1,16,not_stocked,shihongwei,20240524
540-80-7,亚硝酸叔丁酯,"	tert-Butyl nitrite",希思思,25g,25,g,1,23,running_out,shihongwei,20240524
88495-63-0,青蒿琥酯,Artesunate,希思思,5G,5,g,1,49,not_stocked,shihongwei,20240524
21256-18-8,奥沙普秦,Oxaprozin,希思思,5g,5,g,1,22,not_stocked,shihongwei,20240524
68373-14-8,舒巴坦酸,Sulbactam,希思思,5g,5,g,1,39,not_stocked,shihongwei,20240524
109-66-0,正戊烷,"	Pentane",通广,2.5Lx2,2.5,l,2,278,running_out,zhuminghui,20240524
10217-52-4,水合肼,"	Hydrazinium hydroxide solution
	",通广,500ml,500,mL,1,125,running_out,zhuminghui,20240524
60-29-7,"乙醚
",Diethyl ether AR,通广,500ml,500,mL,1,17,running_out,zhuminghui,20240524
507-52-8,2-三氟甲基-2-丙醇," 1,1,1-Trifluoro-2-methylpropan-2-ol",伊诺凯,25gx2,25,g,2,1430,not_stocked,zhuminghui,20240524
530-62-1,"N,N'-羰基二咪唑",,毕得,500g,500,g,1,125,running_out,zhuminghui,20240524
620-08-6,"4-甲氧基吡啶
","4-Methoxypyridine
",jk,25 g,25,g,1,550,running_out,zhuminghui,20240220
140-89-6,乙基黄原酸钾 ,Potassium ethyl xanthogenate,安耐吉,25g,25,g,1,28.8,not_stocked,shihongwei,20240527
98-92-0,烟酰胺,Nicotinamide,源叶,25g,25,g,1,12,not_stocked,xingyihong,20240527
157665-52-6,3-氟-4-硝基苯甲酸叔丁酯,tert-Butyl 3-fluoro-4-nitrobenzoate,毕得医药,5g*2,5,g,2,455,running_out,xingyihong,20240527
7719/9/7,氯化亚砜,Thionyl chloride,"
安耐吉",500,,,1,46.4,running_out,xingyihong,20240527
14128-54-2,四氘铝酸锂,Lithium Tetradeuterioaluminate,Adamas,1g,1,g,1,362.25,running_out,mengjunhong,20240527
2243-79-0,(2-硝基苯基)(苯基)甲酮 ,(2-Nitrophenyl)(phenyl)methanot_stocked,毕得医药,1g,1,g,1,487.2,not_stocked,shihongwei,20240527
17496-14-9,2-甲基茚满-1-酮,2-METHYL-1-INDAnot_stocked,毕得医药,1gx2,1,g,2,44.8,running_out,tangshuyuan,20240527
,4-氯苯丙酮,4'-Chloropropiophenot_stocked,毕得医药,25g,25,g,1,15.4,running_out,tangshuyuan,20240527
38078-09-0,(二乙氨基)三氟化硫(DAST), Diethylaminosulfurtrifluoride,乐研,25g,25,g,1,44.1,running_out,huangyilei,20240527
4053-44-5,5-(羟基甲基)喹啉-8-醇,5-(Hydroxymethyl)quinolin-8-ol,毕得医药,250mg,250,mg,1,313.6,running_out,huangyilei,20240528
580-20-1,7-羟基喹啉,Quinolin-7-ol,毕得医药,5g,5,g,1,58.8,running_out,huangyilei,20240528
81-23-2,脱氢胆酸,Dehydrocholic Acid,百灵威,25g,25,g,1,312,running_out,pengjing,20240528
3846-73-9,4-甲基-8-羟基喹啉,4-Methylquinolin-8-ol,毕得医药,250mg,250,mg,1,107.8,not_stocked,huangyilei,20240528
139399-63-6, 4-溴-8-羟基喹啉,4-bromoquinolin-8-ol,阿拉丁,250mg,250,mg,1,157.52,not_stocked,huangyilei,20240528
57334-36-8,4-氯-8-羟基喹啉,4-Chloroquinolin-8-ol,偶合,250mg,250,mg,1,564,not_stocked,huangyilei,20240528
762-42-5,丁炔二酸二甲酯,Dimethyl acetylenedicarboxylate,JK,25g,25,g,1,86.7,running_out,xuguofeng,20240529
50712-68-0,2-甲基-4-氯苯腈,4-CHLORO-2-METHYLBENZONITRILE,毕得,25g,25,g,1,158.2,running_out,xuguofeng,20240529
52214-84-3,环丙贝特 ,Ciprofibrate,罗恩,5g,5,g,1,53.6,not_stocked,shihongwei,20240529
882-09-7,2-(4-氯苯氧基)异丁酸,Clofibric acid,希思思,25,,,1,21,not_stocked,shihongwei,20240529
25812-30-0,吉非罗齐,Gemfibrozil,希思思,25,,,1,55,not_stocked,shihongwei,20240529
75-16-1,甲基溴化镁 ,Methylmagnesium bromide,jk,100 mL,100,mL,1,55,running_out,shihongwei,20240529
196603-96-0,4-(4-溴-2-氟苯胺基)-7-羟基-6-甲氧基喹唑啉,4-(4-Bromo-2-fluoroanilino)-7-hydroxy-6-methoxyquinazoline,乐研,1g,1,g,1,163.8,not_stocked,huangyilei,20240529
7651-83-4,7-羟基异喹啉, Isoquinolin-7-ol,毕得医药,1g,1,g,1,91,not_stocked,huangyilei,20240529
7651-82-3,6-羟基异喹啉,Isoquinolin-6-ol,毕得医药,1g,1,g,1,63,not_stocked,huangyilei,20240529
850197-67-0,1-氯-6-异羟基喹啉, 1-Chloroisoquinolin-6-ol,乐研,250mg,250,mg,1,237.3,not_stocked,huangyilei,20240529
55687-04-2,2-氯喹喔啉-6-醇,2-Chloroquinoxalin-6-ol,乐研,250mg,250,mg,1,615.3,not_stocked,huangyilei,20240529
7467-91-6,6-羟基喹喔啉,Quinoxalin-6-ol,毕得医药,1g,1,g,1,220.5,not_stocked,huangyilei,20240529
1975/5/8,乙腈,Acetonitrile HPLC,通广,4L,4,L,1,190,running_out,xuguofeng,20240529
110298-75-4,2-氟-4-甲基-5-硝基苯酚,2-Fluoro-4-methyl-5-nitrophenol,乐研,100mg,100,mg,1,407.4,not_stocked,sulingyu,20240530
22510-08-3,2-氟-5-硝基苯酚,2-Fluoro-5-nitrophenol,乐研,1g,1,g,1,23.1,not_stocked,sulingyu,20240530
,10%钯碳(55%的水),Palladiumonactivatedcarbon(10%)(wettedwithca.55%Water),乐研,10g,10,g,1,302.4,not_stocked,sulingyu,20240530
83341-28-0,5-氟-4-甲基-2-硝基苯酚,5-Fluoro-4-methyl-2-nitrophenol,乐研,1g,1,g,1,389.9,not_stocked,sulingyu,20240530
446-36-6,5-氟-2-硝基苯酚,5-Fluoro-2-nitrophenol,乐研,25g,25,g,1,27.3,not_stocked,sulingyu,20240530
1380575-45-0,2-异丙氧基-5-甲基-4-(哌啶-4-基)苯胺二盐酸盐,2-Isopropoxy-5-methyl-4-(piperidin-4-yl)anilinedihydrochloride,乐研,1g,1,g,1,47.6,not_stocked,sulingyu,20240530
165112-03-8,2-甲基-7-羟基喹啉,2-Methylquinolin-7-ol,毕得医药,250mg,250,mg,1,172.2,running_out,huangyilei,20240530
617-86-7,三乙基硅烷,Triethylsilane,乐研,32.2,,,1,100,running_out,wangxi,20240530
5750-76-5,"2,4,5-三氯嘧啶","2,4,5-Trichloropyrimidine",乐研,100g,100,g,1,175.7,not_stocked,sulingyu,20240530
29892-37-3,氯(二甲基硫化)金(I) ,Chloro(dimethylsulfide)gold(I),毕得,250mg,250,mg,1,245.7,not_stocked,xuyue,20240530
10108-87-9,十烷基三甲基氯化铵,Decyltrimethylammonium chloride,欣恒研,5g,5,g,1,69,not_stocked,admin,20240530
182410-00-0,磺丁基-β-环糊精钠盐,SBE-β-CD,毕得,100g,100,g,1,307.3,running_out,xuguofeng,20240531
532-55-8,苯甲酰基异硫氰酸酯 ,Benzoyl isothiocyanate,伊诺凯,100g,100,g,1,249.7,running_out,xuyue,20240604
15086-94-9,曙红,Solvent Red 43,毕得医药,25g,25,g,1,23.1,not_stocked,zhaobinzhi,20240606
10387-40-3,硫代乙酸钾,Potassium thioacetate  ,希恩思,25g,25,g,1,12,not_stocked,shihongwei,20240604
112-79-8,(E)-十八碳-9-烯酸,(E)-Octadec-9-enoic acid,毕得,5 g * 2 = 10 g,,,1,439.6,running_out,mengjunhong,20240605
2206-26-0,  ,Acetonitrile-d3,"	乐研",10*0.6mL,0.6,ml,10,256.67,not_stocked,mengjunhong,20240606
627-18-9,3-溴-1-丙醇,3-Bromopropan-1-ol,乐研,25g,25,g,1,23.8,running_out,mengjunhong,20240606
928-90-5,己-5-炔-1-醇,Hex-5-yn-1-ol,乐研,10g,10,g,1,221.2,running_out,mengjunhong,20240606
109-66-0,正戊烷,"	Pentane",通广,2.5Lx2,2.5,l,2,278,running_out,zhuminghui,
149104-90-5,"4-乙酰基苯硼酸
","4-Acetylphenylboronic acid
",毕得医药,10g,10,g,1,65,running_out,zhuminghui,
204841-19-0,3-乙酰苯硼酸 ,"
3-Acetylphenylboronic acid

",毕得医药,5g,5,g,1,65,not_stocked,zhuminghui,
28611-39-4,"4-(N,N-二甲氨基)苯硼酸", 4-(Dimethylamino)phenylboronic,毕得医药,5g,5,g,1,520,not_stocked,zhuminghui,
186498-02-2,4-(4-吗啉基)苯硼酸 ,(4-Morpholinophenyl)boronic acid,毕得医药,5g,5,g,1,193,not_stocked,zhuminghui,
5122-94-1,4-联苯硼酸 ,"[1,1'-Biphenyl]-4-ylboronic acid",毕得医药,10g,10,g,1,23,running_out,zhuminghui,
321-21-1,2-甲基-4-氟苯甲酸,"
4-Fluoro-2-methylbenzoic acid

",毕得医药,5g,5,g,1,21,not_stocked,zhuminghui,
,4-氯-2-甲基苯甲酸,"
4-Chloro-2-methylbenzoic acid
",毕得医药,5g,5,g,1,26,not_stocked,zhuminghui,
6245-57-4,"4-甲氧基-2-甲基苯甲酸

","4-Methoxy-2-methylbenzoic acid
",毕得医药,5g,5,g,1,46,not_stocked,zhuminghui,
1975-53-7,"4-氰基-2-甲基苯甲酸
","4-Cyano-2-methylbenzoic acid
",毕得医药,1g,1,g,1,52,not_stocked,zhuminghui,
133232-58-3,"4-碘-2-甲基苯甲酸
","4-Iodo-2-methylbenzoic acid
",毕得医药,1g,1,g,1,120,not_stocked,zhuminghui,
55860-35-0,4-乙酰基-2-甲基苯甲酸,4-Acetyl-2-methylbenzoic acid,毕得医药,1g,1,g,1,39,not_stocked,zhuminghui,
908247-44-9,"4-(环丙基炔基)-2-甲基苯甲酸
",4-(Cyclopropylethynyl)-2-methylbenzoic acid,吉至生化,250mg,250,mg,1,259,not_stocked,zhuminghui,
57830-13-4,"2-甲基-4-苯氧基苯甲酸
","2-Methyl-4-phenoxybenzoic acid
",毕得医药,250mg,250,mg,1,845,not_stocked,zhuminghui,
17819-91-9,"4-(苄氧基)-2-甲基苯甲酸
","4-(Benzyloxy)-2-methylbenzoicacid AR
",皓鸿生物,250mg,250,mg,1,133,not_stocked,zhuminghui,
126747-14-6,"
4-氰基苯硼酸
","4-Cyanophenylboronic acid
",毕得医药,10g,10,g,1,50,running_out,zhuminghui,
91053-39-3,硅藻土,"Kiesslguhr	",迈瑞达,500g,500,g,1,18.5,common_public,zhuminghui,20240419
,亚硝酸钠,,TCI,300g,300,g,1,156,running_out,pengsheng,20240608
81-49-2,,"1-Amino-2,4-dibromoanthraquinot_stocked",毕得,25gx2,25,g,2,335,running_out,pengsheng,20240608
7651-86-7,4-羟基菲,Phenanthren-4-ol,毕得医药,250mg,250,mg,1,445.2,not_stocked,huangyilei,20240608
33155-90-7,10-羟基苯并[h]喹啉, Benzo[h]quinolin-10-ol,毕得医药,1g,1,g,1,25.2,not_stocked,huangyilei,20240608
484-17-3,9-羟基菲,Phenanthren-9-ol,毕得医药,1g,1,g,1,275.8,not_stocked,huangyilei,20240608
39748-90-8,2-羟基三亚苯,Triphenylen-2-ol,毕得医药,250mg,250,mg,1,261.1,not_stocked,huangyilei,20240608
5315-79-7,1-羟基芘,1-Hydroxypyrene,毕得医药,5g,5,g,1,58.1,not_stocked,huangyilei,20240608
605-87-8,3-菲醇,Phenanthren-3-ol,毕得医药,250mg,250,mg,1,551.6,not_stocked,huangyilei,20240608
613-14-9,2-羟基蒽,Anthracen-2-ol,毕得医药,1g,1,g,1,257.6,not_stocked,huangyilei,20240608
1401-69-0,泰洛星,Tylosin,Adamas,1g * 2 = 2 g,,,1,106.5,not_stocked,mengjunhong,20240610
86-93-1,1-苯基-1H-四唑-5(2H)-硫酮,1-Phenyl-1H-tetrazole-5(2H)-thione,毕得医药,100g,100,g,1,112,not_stocked,mengjunhong,20240610
40949-94-8,双(三甲基硅烷基)氨基钾,Potassium bis(trimethylsilyl)amide,阿拉丁,100ml (1 M in THF),,,1,117.52,not_stocked,mengjunhong,20240610
1070-89-9,双(三甲基硅烷基)氨基钠,Sodium bis(trimethylsilyl)amide,阿拉丁,100ml (1 M in THF),,,1,146.32,not_stocked,mengjunhong,20240610
17455-13-9,18-冠-6,"	18-Crown-6",毕得医药,100g,100,g,1,59.5,not_stocked,mengjunhong,20240610
79917-90-1,1-丁基-3-甲基氯化咪唑鎓,3-Butyl-1-methyl-1H-imidazol-3-ium chloride,毕得医药,100g,100,g,1,44.8,not_stocked,sunyichen,20240610
867-13-0,膦酰基乙酸三乙酯?,Triethyl phosphonoacetate,百灵威,25g,25,g,1,76.5,not_stocked,sunyichen,20240610
,水杨酸,Salicylic acid,伊诺凯,25g,25,g,1,9.75,degraded,yanglicheng,20240610
,无水甲酸,Formic acid,通广,500g,500,g,1,86.1,degraded,yanglicheng,20240610
98524-19-7,(±)9-HODE,(±)9-HODE,迈瑞达,"
100μg",,,1,2665.6,not_stocked,xuguofeng,20240611
937-14-4,间氯过氧苯甲酸,m-Chloroperoxybenzoic acid,安耐吉,100G,100,g,1,78.4,running_out,mengjunhong,20240611
115262-00-5,(氯二氟甲基)三甲基硅烷,(Chlorodifluoromethyl)trimethylsilane,毕得医药,1g,1,g,1,221.9,not_stocked,wangxi,20240612
91053-39-3,硅藻土,Diatomaceous earth,乐研,1kg*2,1,kg,2,58.8,running_out,shihongwei,20240612
7647-14-5,氯化钠,,Greagent,500g*16,500,g,16,9,running_out,yanglicheng,
10294-46-9,六水合高氯酸铜,COPPER(II) PERCHLORATE HEXAHYDRATE,sigma,5g,5,g,1,475.32,running_out,tangshuyuan,20240612
7727-21-1,过硫酸钾,Potassium Persulfate,伊诺凯,25g,25,g,1,23.25,running_out,yanglicheng,20240612
93-35-6,7-羟基-2H-1-苯并吡喃-2-酮,7-Hydroxy-2H-chromen-2-one,毕得医药,25g,25,g,1,88.9,running_out,huangyilei,20240612
110-46-3,亚硝酸异戊酯," Isopentyl nitrite, 98%",百灵威J&K,100ML,100,mL,1,294.95,running_out,huangyilei,20240612
1968/12/2,"超干N,N-二甲基甲酰胺","N,N-Dimethylformamide",安耐吉,500ml,500,mL,1,75,not_stocked,xingyihong,20240614
63676-22-2,2-(4-羟苯基)苯并[b]噻吩-6-醇,2-(4-Hydroxyphenyl)benzo[b]thiophene-6-ol,MREDA,250mg,250,mg,1,686,not_stocked,huangyilei,20240615
19301-39-4,苯并[b]噻吩-6-醇,Benzo[b]thiophen-6-ol,罗恩,250mg*2,250,mg,2,,running_out,huangyilei,20240615
13599-84-3,6-羟基苯并噻唑,6-Hydroxybenzothiazole,罗恩,1g,1,g,1,97.45,not_stocked,huangyilei,20240615
507-19-7,2溴2甲基丙烷,2-Bromo-2-methylpropane,J&K,25G,25,g,1,66.3,not_stocked,sulingyu,20240616
,频哪醇,"	Pinacol",欣恒研,25G,25,g,1,49,not_stocked,tangshuyuan,20240616
10294-33-4,三溴化硼,"	Boron tribromide",罗恩,25G,25,g,1,39.9,not_stocked,tangshuyuan,20240616
1868-53-7,二溴氟甲烷,Dibromofluoromethane ,MREDA,55,,,1,1,not_stocked,tangshuyuan,20240616
108-24-7,乙酸酐,Acetic anhydride,校内库房（国药）,500 ml,500,mL,1,58,running_out,admin,20240617
294-62-2,环十二烷,Cyclododecane,毕得医药,5g,5,g,1,66.5,not_stocked,huzhibin,20240617
123-91-1,"超干1,4-二氧六环","1,4-Dioxane, 99.8%, extra dry, with molecular sieves, Water≤50 ppm, resealable bottle",innochem,500mL,500,mL,1,127.2,running_out,huzhibin,20240617
28923-39-9,镍(II)溴化乙烯二醇二甲基醚络合物,Nickel(II) bromide ethylene glycol dimethyl ether complex,毕得医药,5g,5,g,1,67.9,running_out,huzhibin,20240617
7631-86-9,石英砂,Silicon Dioxide,Greagent,500g*16,500,g,16,20,running_out,sunyichen,20240618
847818-55-7,1-甲基-1H-吡唑-4-硼酸,1-Methyl-1H-pyrazole-4-boronic acid,毕得,98,,,1,5,running_out,xuguofeng,20240618
631-61-8,醋酸铵,Ammoniumacetate ,乐研,500 g,500,g,1,21,running_out,wangxi,20240618
908247-44-9,"4-(环丙基炔基)-2-甲基苯甲酸
",4-(Cyclopropylethynyl)-2-methylbenzoic acid,罗恩,250mg,250,mg,1,400,not_stocked,zhuminghui,
507-52-8,2-三氟甲基-2-丙醇ol, 2-Trifluoromethyl-2-propan,伊诺凯,50g,50,g,1,3000,running_out,zhuminghui,
22246-18-0,"7-羟基-3,4-二氢喹诺酮","7-Hydroxy-3,4-dihydroquinolin-2(1H)-one",毕得医药,25g,25,g,1,44.1,not_stocked,huangyilei,20240618
957204-30-7,6-羟基吲哚-1-羧酸叔丁酯, tert-Butyl 6-hydroxyindoline-1-carboxylate,毕得医药,1g,1,g,1,266.7,not_stocked,huangyilei,20240618
94411-96-8,"1-甲基-1,2,3,4-四氢喹啉-7-醇"," 1-Methyl-1,2,3,4-tetrahydroquinolin-7-ol",毕得医药,1g,1,g,1,350.7,not_stocked,huangyilei,20240618
43141-69-1,二丁基氨基苯酚,"N,N-Dibutyl-3-aminophenol",毕得医药,25g,25,g,1,161.7,not_stocked,huangyilei,20240618
1973/5/2,"3-(((4,5-二氢-1H-咪唑-2-基)甲基)(对甲苯基)氨基)苯酚盐酸盐","3-(((4,5-Dihydro-1H-imidazol-2-yl)methyl)(p-tolyl)amino)phenol ",毕得医药,1g,1,g,1,893.2,not_stocked,huangyilei,20240618
115704-83-1,"1,1,7,7-四甲基-2,3,6,7-四氢-1H,5H-吡啶[3,2,1-ij]喹啉-8-醇 ","1,1,7,7-Tetramethyl-1,2,3,5,6,7-hexahydropyrido[3,2,1-ij]quinolin-8-ol",毕得医药,5g,5,g,1,71.4,not_stocked,huangyilei,20240618
27292-50-8,3-哌啶基苯酚, 3-(Piperidin-1-yl)phenol,毕得医药,1g,1,g,1,209.3,not_stocked,huangyilei,20240618
41175-50-2,"1,2,3,5,6,7-六氢吡啶并[3,2,1-ij]喹啉-8-醇"," 1,2,3,5,6,7-Hexahydropyrido[3,2,1-ij]quinolin-8-ol",毕得医药,5g,5,g,1,111.3,not_stocked,huangyilei,20240618
27292-49-5,3-吗啉苯酚,3-Morpholinophenol,毕得医药,1g,1,g,1,47.6,not_stocked,huangyilei,20240618
119-31-3,3-(二甲胺基)-4-甲基苯酚,3-(Dimethylamino)-4-methylphenol,毕得医药,250mg,250,mg,1,363.3,not_stocked,huangyilei,20240618
99-07-0,3-(二甲氨基)苯酚, 3-Dimethylaminophenol,毕得医药,5g,5,g,1,21.7,not_stocked,huangyilei,20240618
58212-15-0,1-(3-羟基苯基)吡咯烷-2-one,1-(3-hydroxyphenyl)pyrrolidin-2-one,MREDA,100mg*2,100,mg,2,227,not_stocked,huangyilei,20240618
1401-69-0,泰洛星,Tylosin,innochem,1g * 2 = 2 g,,,1,231.4,running_out,mengjunhong,20240619
109-66-0,正戊烷,Pentane,通广,500ML,500,mL,1,16,common_public,huzhibin,20240619
358-23-6,三氟甲磺酸酐,Trifluoromethanesulfonic anhydride,"毕得医药	",25g,25,g,1,42.7,running_out,huzhibin,20240619
135062-02-1,"(S)-2-乙氧基-4-[2-[[3-甲基-1-[2-(1-哌啶)苯基]丁基]氨基]-2-氧乙基]苯甲酸 
",(S)-2-Ethoxy-4-(2-((3-methyl-1-(2-(piperidin-1-yl)phenyl)butyl)amino)-2-oxoethyl)benzoic acid,"毕得医药	",1g,1,g,1,97,running_out,zhuminghui,20240619
169590-42-5,4-(5-(对甲苯基)-3-(三氟甲基)-1H-吡唑-1-基)苯磺酰胺, 4-(5-(p-Tolyl)-3-(trifluoromethyl)-1H-pyrazol-1-yl)benzenesulfonamide,"毕得医药	",25g,25,g,1,66,running_out,zhuminghui,20240619
17496-14-9,2-甲基-1-茚满酮,2-Methyl-1-indanot_stocked,"毕得医药	",5g,5,g,1,195.3,running_out,huzhibin,20240619
811-98-3,氘代甲醇-d4,Methanol-d4,伊诺凯,0.6 mL*10,0.6,ml,10,224,not_stocked,admin,20240419
63428-13-7,泰万菌素,Tylvalosin tartrate,毕得医药,25G,25,g,1,224.7,not_stocked,mengjunhong,20240620
420-04-2,氰胺,Cyanamide,百灵威,25 g,25,g,1,58.65,not_stocked,wangxi,20240620
485-72-3,7-羟基-3-(4-甲氧基苯基)-4H-苯并吡喃-4-酮,7-Hydroxy-3-(4-methoxyphenyl)-4H-chromen-4-one,毕得医药,25g,25,g,1,135.1,running_out,huangyilei,20240620
93-51-6,2-甲氧基-4-甲基苯酚, 2-Methoxy-4-methylphenol,毕得医药,25g,25,g,1,21.7,not_stocked,huangyilei,20240620
1125-78-6,"5,6,7,8-四氢-2-萘酚","5,6,7,8-Tetrahydro-2-naphthol",毕得医药,5g,5,g,1,37.8,not_stocked,huangyilei,20240620
713-68-8,3-苯氧基苯酚,3-Phenoxyphenol,乐研,1g,1,g,1,187.6,not_stocked,huangyilei,20240620
102-29-4,单乙酸间苯二酚酯, Resorcinol Monoacetate,Adamas,5g,5,g,1,60,not_stocked,huangyilei,20240620
,3-(甲硫基)苯酚 ,3-(Methylthio)phenol,罗恩,250mg,250,mg,1,154.1,not_stocked,huangyilei,20240620
417717-21-6,"4-(3-氯-4-(3-环丙基脲基)苯氧基)-7-甲氧基喹啉-6-羧酸 
","4-(3-Chloro-4-(3-cyclopropylureido)phenoxy)-7-methoxyquinoline-6-carboxylic acid
货号BD00864752",毕得,250mg,250,mg,1,1386,not_stocked,zhuminghui,20240620
135062-02-1,"(S)-2-乙氧基-4-[2-[[3-甲基-1-[2-(1-哌啶)苯基]丁基]氨基]-2-氧乙基]苯甲酸 
",(S)-2-Ethoxy-4-(2-((3-methyl-1-(2-(piperidin-1-yl)phenyl)butyl)amino)-2-oxoethyl)benzoic acid,毕得,25g,25,g,1,66,not_stocked,zhuminghui,20240620
169590-42-5,4-(5-(对甲苯基)-3-(三氟甲基)-1H-吡唑-1-基)苯磺酰胺 ,4-(5-(p-Tolyl)-3-(trifluoromethyl)-1H-pyrazol-1-yl)benzenesulfonamide,毕得,1g,1,g,1,97,not_stocked,zhuminghui,20240620
19694-02-1,"1-芘羧酸
",1-Pyrenecarboxylic acid,毕得,1G,1,g,1,95,not_stocked,zhuminghui,20240620
3468/1/7,3-甲基-4-氧代-2-苯基-4H-1-苯并吡喃-8-羧酸 ,3-Methyl-4-oxo-2-phenyl-4H-chromene-8-carboxylic acid,毕得,25g,25,g,1,46,not_stocked,zhuminghui,20240620
811-98-3,氘代甲醇-d4,methanol-d4,百灵威,2x（10x0.6 mL）,0.6,ml,20,138,not_stocked,wangxi,20240622
2206-27-1,氘代二甲基亚砜-d6,Dimethyl sulfoxide-d6,百灵威,2x（10x0.55 mL）,0.55,ml,20,105,running_out,wangxi,20240622
141556-45-8,"1,3-双(2,4,6-三甲基苯基)氯化咪唑 ","1,3-Bis(2,4,6-trimethylphenyl)imidazolium chloride","	安耐吉",5G,5,g,1,87.2,degraded,tanhui,20240623
2468-56-6,,,毕得,1g,1,g,1,100.8,not_stocked,pengsheng,20240623
,高纯二氧化碳-5N,,北京环宇京辉京城气体科技有限公司,40L,40,L,1,750,not_stocked,tanhui,20240623
2592-95-2,1羟基苯并三唑 ,1-Hydroxybenzotriazole (HOBT),Accela,"	25g",25,g,1,22.5,degraded,tanhui,20240623
534-17-8,碳酸铯 ,"Cesium carbonate, 99%",百灵威J&K,25G,25,g,1,125.8,not_stocked,tanhui,20240623
538-75-0,"N,N'二环己基碳二亚胺"," N,N'-Dicyclohexylcarbodiimide, 99%",百灵威J&K,25g,25,g,1,58.65,not_stocked,tanhui,20240623
545-06-2,三氯乙腈,Trichloroacetonitrile,Adamas,25g,25,g,1,29,not_stocked,huangyilei,20240623
86891-03-4,水合乙酰丙酮钠,Sodium acetylacetonate hydrate,罗恩,50g,50,g,1,271,not_stocked,huangyilei,20240623
118090-09-8,2-巯基苯并噻唑,Benzo[d]thiazole-2-thiol,毕得医药,25g,25,g,1,56.7,not_stocked,huangyilei,20240623
309-88-6,"N,N-二乙基-1,1,2,3,3,3-六氟丙烷-1-胺","N,N-Diethyl-1,1,2,3,3,3-hexafluoropropan-1-amine",乐研,5g,5,g,1,133.7,not_stocked,huangyilei,20240623
1724-39-6,环十二醇,Cyclododecanol,毕得医药,25g,25,g,1,84,not_stocked,huangyilei,20240623
6638-79-5,二甲羟胺盐酸盐,"N,O-Dimethylhydroxylamine hydrochloride",毕得医药,100g,100,g,1,39.2,not_stocked,huangyilei,20240623
313-67-7,"8-甲氧基-6- 硝基菲并[3,4-d][1,3]二氧杂环戊烷-5-羧酸 ","8-Methoxy-6-nitrophenanthro[3,4-d][1,3]dioxole-5-carboxylic acid",毕得医药,250mg,250,mg,1,988,not_stocked,zhuminghui,20240623
118939-08-5,2-甲基-4-(甲硫基)苯甲酸 ,2-Methyl-4-(methylthio)benzoic,毕得,1g,1,g,1,58,not_stocked,zhuminghui,20240623
139481-59-7,"1-((2'-(2H-四唑-5-基)-[1,1'-联苯]-4-基)甲基)-2-乙氧基-1H-苯并[d]咪唑-7-羧酸 
","1-((2'-(2H-Tetrazol-5-yl)-[1,1'-biphenyl]-4-yl)methyl)-2-ethoxy-1H-benzo[d]imidazole-7-carboxylic acid",毕得,1g,1,g,1,113,not_stocked,zhuminghui,20240623
895542-09-3,"3''-(叔丁基)-4'-(2-羟基乙氧基)-4''-(吡咯烷-1-基)-[1,1':3',1''-三苯基]-4-羧酸 
","3''-(tert-Butyl)-4'-(2-hydroxyethoxy)-4''-(pyrrolidin-1-yl)-[1,1':3',1''-terphenyl]-4-carboxylic acid",毕得,1g,1,g,1,814,not_stocked,zhuminghui,20240623
529-23-7,2-氨基苯甲醛,2-Aminobenzaldehyde,毕得,10g,10,g,1,126.7,running_out,huzhibin,20240624
49669-13-8,2-乙酰基-6-溴吡啶,2-Acetyl-6-bromopyridine,毕得,10g,10,g,1,76.3,not_stocked,huzhibin,20240624
86-59-9,"8-喹啉甲酸
",Quinoline-8-carboxylic acid,毕得,1g,1,g,1,21,not_stocked,zhuminghui,20240624
61563-43-7,8-异喹啉甲酸 ,Isoquinoline-8-carboxylic acid,毕得,1g,1,g,1,129,not_stocked,zhuminghui,20240624
27810-64-6,异喹啉-5-甲酸, Isoquinoline-5-carboxylic acid,毕得,1g,1,g,1,101,not_stocked,zhuminghui,20240624
6954-55-8,芴4甲酸 ,Fluorene-4-carboxylic acid,jk,250mg,250,mg,1,550,not_stocked,zhuminghui,20240624
1076-88-6,"3,4,5-三甲基苯甲酸 ","3,4,5-Trimethylbenzoic acid",毕得,250mg,250,mg,1,471,not_stocked,zhuminghui,20240624
3463/3/4,3-(甲硫基)苯酚 ,3-(methylsulfanyl)benzenol,麦克林,250mg,250,mg,1,221,reorder,huangyilei,20240624
1943-83-5,氯乙基异氰酸酯,2-Chloroethyl isocyanate,欣恒研,5g,5,g,1,132,not_stocked,xingyihong,20240626
347174-05-4,Ferrostatin-1,Ferrostatin-1,麦克林,100mg,100,mg,1,569.6,not_stocked,pengsheng,20240626
148893-10-1,HATU,"O-(7-Azabenzotriazol-1-yl)-N,N,N,N-tetramethyluroniumhexafluorophosphate",乐研,25g,25,g,1,63,running_out,huangqianqian,20240627
459-31-4,3-(4-氟苯基)丙酸,3-(4-Fluorophenyl)propanoic acid,毕得,1g,1,g,1,16.1,running_out,huangqianqian,20240627
2019-34-3,3-(4-氯苯基)丙酸,3-(4-Chlorophenyl)propanoic acid,毕得,5g,5,g,1,23.8,running_out,huangqianqian,20240627
1643-30-7,3-(4-溴苯基)丙酸,3-(4-Bromophenyl)propanoic acid,毕得,1g,1,g,1,15.4,running_out,huangqianqian,20240627
1643-26-1,3-(2-氟苯基)丙酸,3-(2-Fluorophenyl)propionic acid,毕得,1g,1,g,1,18.9,running_out,huangqianqian,20240627
1643-28-3,邻氯苯丙酸(3-(2-氯苯基)丙酸),3-(2-Chlorophenyl)propionic acid,毕得,1g,1,g,1,16.1,running_out,huangqianqian,20240627
15115-58-9,3-(2-溴苯基)丙酸,3-(2-Bromophenyl)propionic acid,毕得,1g,1,g,1,18.2,not_stocked,huangqianqian,20240627
458-45-7,3-(3-氟苯基)丙酸,3-(3-Fluorophenyl)propionic acid,毕得,1g,1,g,1,21,running_out,huangqianqian,20240627
21640-48-2,3-(3-氯苯基)丙酸,3-(3-Chlorophenyl)propanoic acid,毕得,1g,1,g,1,19.6,running_out,huangqianqian,20240627
42287-90-1,3-(3-溴苯基)丙酸,3-(3-Bromophenyl)propanoic acid,毕得,1g,1,g,1,16.1,running_out,huangqianqian,20240627
772-14-5,(R)-3-苯基丁酸,(R)-3-Phenylbutanoic acid,毕得,100mg,100,mg,1,247.1,not_stocked,huangqianqian,20240627
1505-50-6,4-甲基苯丙酸,3-(p-Tolyl)propionic Acid,毕得,5g,5,g,1,30.8,not_stocked,huangqianqian,20240627
3751-48-2,3-(3-甲基苯基)丙酸,3-(3-Methylphenyl)propionic acid,毕得,100mg,100,mg,1,35,not_stocked,huangqianqian,20240627
1208-64-6,3-(4-(叔丁基)苯基)丙酸,3-(4-(tert-Butyl)phenyl)propanoic acid,毕得,250mg,250,mg,1,23.8,not_stocked,huangqianqian,20240627
1811-85-4,"3-(2,4-二甲基苯基)丙酸","3-(2,4-Dimethylphenyl)propanoic acid",毕得,100mg,100,mg,1,58.1,not_stocked,huangqianqian,20240627
65642-94-6,1-溴二苯并噻吩," 1-Bromodibenzo[b,d]thiophene",毕得,"	1g",1,g,1,216,not_stocked,zhuminghui,20240627
71939-50-9,"(3R,5aS,6R,8aS,9R,10S,12R,12aR)-3,6,9-Trimethyldecahydro-3H-3,12-epoxy[1,2]dioxepino[4,3-i]isochromen-10-ol
","(3R,5aS,6R,8aS,9R,10S,12R,12aR)-3,6,9-三甲基十氢-3H-3,12-环氧[1,2]二氧杂庚环[4,3-i]异苯并吡喃-10- 醇 ",毕得,5g,5,g,1,86,not_stocked,zhuminghui,20240627
6908-41-4,4-(羟甲基)苯甲酸甲酯, Methyl 4-(hydroxymethyl)benzoate,毕得,25g,25,g,1,46,not_stocked,zhuminghui,20240627
3006-96-0,4-羟甲基苯甲酸 ,4-(Hydroxymethyl)benzoic acid,毕得,10g,10,g,1,39,not_stocked,zhuminghui,20240627
19217-50-6,3-甲氧基-4-甲基苯酚,3-Methoxy-4-methylphenol,乐研,250mg,250,mg,1,311.5,not_stocked,huangyilei,20240627
13196-11-7,6-羟基苯并呋喃, Benzofuran-6-ol,毕得医药,250mg,250,mg,1,571.2,running_out,huangyilei,20240627
36443-80-8,1-苄基-3-甲基咪唑氯盐,1-Benzyl-3-Methylimidazolium Chloride,MREDA,25g,25,g,1,81,running_out,sunyichen,20240628
9008-66-6,尼龙6/10,nylon6/10,MREDA,5g,5,g,1,25,not_stocked,admin,20240628
3779-42-8,3-溴丙基三甲基溴化铵 ,3-Bromopropyltrimethylammonium,欣恒研,25G,25,g,1,83,not_stocked,shihongwei,20240629
1994/7/5,辛弗林 ,Synephrine,希恩思,5.0g,5,g,1,65.65,not_stocked,huangyilei,20240630
75151-82-5,N-(3-羟基苯基)新戊酰胺,N-(3-Hydroxyphenyl)pivalamide,毕得医药,1g,1,g,1,345.1,not_stocked,huangyilei,20240630
70500-72-0,7-羟基喹啉-2(1H)-酮 ,7-Hydroxyquinolin-2(1H)-one,毕得医药,5g,5,g,1,32.2,not_stocked,huangyilei,20240630
52351-75-4,"6-甲氧基二氢吲哚-2,3-二酮"," 6-Methoxyindoline-2,3-dione",毕得医药,5g,5,g,1,121.1,not_stocked,huangyilei,20240630
3743-28-0,N-(3-羟基苯基)苯甲酰胺, N-(3-Hydroxyphenyl)benzamide,毕得医药,1g,1,g,1,262.5,not_stocked,huangyilei,20240630
13040-21-6,3-丙烯酰胺基-苯酚,N-(3-Hydroxyphenyl)acrylamide,毕得医药,1g,1,g,1,104.3,not_stocked,huangyilei,20240630
19962-06-2,(3-羟基苯基)氨基甲酸叔丁酯,tert-Butyl (3-hydroxyphenyl)carbamate,毕得医药,5g,5,g,1,48.3,not_stocked,huangyilei,20240630
621-42-1,N-(3-羟基苯基)乙酰胺,N-(3-Hydroxyphenyl)acetamide,毕得医药,25g,25,g,1,32.9,not_stocked,huangyilei,20240630
471-25-0,"丙炔酸
",Propiolic Acid,百灵威,25g,25,g,1,355.3,running_out,chengzengrui,20240701
1945-84-2,"2-炔基吡啶
","2-Ethynylpyridine
",毕得医药,5g,5,g,1,98,running_out,chengzengrui,20240701
901-93-9,"醋酸雌酮
","Estrone Acetate
",阿拉丁,1g,1,g,1,338.44,not_stocked,chengzengrui,20240701
91-60-1,2-萘硫酚,2-Naphthalenethiol,乐研,10 g,10,g,1,129.5,running_out,wangxi,20240701
106-49-0,对甲苯胺,p-Toluidine,迈瑞达,25 g,25,g,1,14.5,running_out,wangxi,20240701
623-08-5,,N-METHYL-P-TOLUIDINE,乐研,25 g,25,g,1,21.7,running_out,wangxi,20240701
773-01-3,"2,4,6-三甲基吡喃鎓四氟硼酸盐","2,4,6-TRIMETHYLPYRYLIUM TETRAFLUOROBORATE",毕得,5 g,5,g,1,79.1,not_stocked,wangxi,20240701
40397-98-6,"异氰酸2,5-二甲基苯酯","	2,5-DIMETHYLPHENYL ISOCYANATE
",伊诺凯,5 g,5,g,1,115,not_stocked,zhuminghui,20240701
95-78-3,"	2,5-二甲基苯胺","	2,5-Dimethylaniline
",jk,100g,100,g,1,104,degraded,zhuminghui,20240701
6175-45-7,"2,2-二乙氧基苯乙酮","2,2-Diethoxyacetophenot_stocked",毕得,100g,100,g,1,145.6,not_stocked,huwenshu,20240702
79-19-6,硫代氨基脲,Thiosemicarbazide,乐研,100g,100,g,1,30.1,not_stocked,huwenshu,20240702
486-66-8,7-羟基-3-(4-羟基苯基)-4H-苯并吡喃-4-酮,7-Hydroxy-3-(4-hydroxyphenyl)-4H-chromen-4-one,毕得医药,25g,25,g,1,34.3,not_stocked,huangyilei,20240702
82640-04-8,盐酸雷洛昔芬,Raloxifene hydrochloride,欣恒研,1g,1,g,1,198,not_stocked,huangyilei,20240702
830-79-5,"2,4,6-三甲氧基苯甲醛","2,4,6-Trimethoxybenzaldehyde",毕得医药,10g,10,g,1,38.5,not_stocked,huzhibin,20240703
2700-30-3,"N,N-二异丙基甲酰胺","N,N-Diisopropylformamide",毕得医药,10g,10,g,1,21.7,not_stocked,huzhibin,20240703
163222-33-1,"(3R,4S)-1-(4-氟苯基)-3((S)-(3-(4-氟苯基)-3-羟基丙基)-4-(4-羟基苯基)氮杂环丁烷-2-酮"," (3R,4S)-1-(4-Fluorophenyl)-3-((S)-3-(4-fluorophenyl)-3-hydroxypropyl)-4-(4-hydroxyphenyl)azetidin-2-one
",毕得医药,1g,1,g,1,81.9,running_out,huangyilei,20230703
133745-75-2,N-氟代双苯磺酰胺,N-Fluorobenzenesulfonimide,毕得医药,100g,100,g,1,46.9,not_stocked,yanglicheng,20240704
999-97-3,六甲基二硅氮烷,Hexamethyldisilazane,百灵威J&K,100ML,100,mL,1,102,running_out,huzhibin,20240704
131-62-4,"1-羟基-1,2-苯碘酰-3(1H)-酮",1-Hydroxy-2-oxa-1-ioda(III)indan-3-one,希恩思,5gx2,5,g,2,124,not_stocked,huzhibin,20240707
1493-13-6,三氟甲磺酸,Trifluoromethanesulfonic acid,安耐吉,25g,25,g,1,30,running_out,huzhibin,20240707
935-14-8,,,乐研,5g,5,g,1,186.2,not_stocked,zhaobinzhi,20240708
1976/5/1,三氟乙酸,Trifluoroacetic acid,百灵威,100G,100,g,1,51,running_out,sulingyu,20240708
112-79-8,(E)-十八碳-9-烯酸,(E)-Octadec-9-enoic acid,毕得,25G,25,g,1,906.5,not_stocked,mengjunhong,20240708
22367-82-4,3-甲基苯并呋喃-2-羧酸乙酯,Ethyl 3-methylbenzofuran-2-carboxylate,毕得医药,100g,100,g,1,1213.8,not_stocked,huotongyu,20240708
1493-27-2,2-氟硝基苯, 1-Fluoro-2-nitrobenzene,毕得医药,500g,500,g,1,67.2,not_stocked,huotongyu,20240708
7440/5/3,钯/碳?," Palladium on carbon, 5% Pd (dry basis), reduced, wetted with 55% H2O",毕得医药,10g,10,g,1,466.65,not_stocked,huotongyu,20240708
1976/5/1,三氟乙酸 ,"	Trifluoroacetic acid",毕得医药,500ml,500,mL,1,294.4,not_stocked,huotongyu,20240708
7084/11/9,"N1-((乙基亚氨基)亚甲基)-N3,N3-二甲基丙烷-1,3-二胺x盐酸盐",edci,毕得医药,500g,500,g,1,226.1,not_stocked,huotongyu,20240708
7311-64-0,3-溴噻吩-2-甲酸,3-Bromothiophene-2-carboxylic acid,毕得医药,100g,100,g,1,363.3,not_stocked,huotongyu,20240708
115-96-8,三(2-氯乙基)磷酸酯,Tris(2-chloroethyl) phosphate,麦克林,25g,25,g,1,23.2,not_stocked,pengjing,20240708
67385-09-5,2-巯基乙基Boc胺,tert-Butyl (2-mercaptoethyl)carbamate,毕得医药,5g,5,g,1,93.8,not_stocked,pengjing,20240708
2513-33-9,"2-(2,4-二羟基苯甲酰基)苯甲酸 ","2-(2,4-Dihydroxybenzoyl)benzoic acid",毕得医药,1g,1,g,1,312.9,not_stocked,pengjing,20240708
59817-32-2,间羟基苯基哌嗪 ,3-(Piperazin-1-yl)phenol,毕得医药,5g,5,g,1,79.8,not_stocked,pengjing,20240708
357927-50-5,"2-溴-4-氟吡啶
","2-Bromo-4-fluoropyridine
",毕得医药,5 g,5,g,1,93.1,running_out,chengzengrui,20240709
89488-29-9,"2-溴-4-甲氧基吡啶
",2-Bromo-4-methoxypyridine,毕得医药,5 g,5,g,1,228.2,running_out,chengzengrui,20240709
935-02-4,"3-苯基丙炔腈
","3-Phenylpropiolonitrile
",毕得医药,1 g,1,g,1,252,not_stocked,chengzengrui,20240709
14220-64-5,"双(苯腈)氯化钯
",Bis(benzonitrile)palladium chloride,毕得医药,1 g,1,g,1,189.7,running_out,chengzengrui,20240709
1514-82-5,"2-溴-3,3,3-三氟丙烯","2-Bromo-3,3,3-trifluoro-1-propene",乐研,25 g,25,g,1,23.8,not_stocked,chengzengrui,20240709
23680-40-2,"3-溴丙炔酸甲酯
",Methyl3-bromopropynoate,乐研,1 g,1,g,1,124.6,not_stocked,chengzengrui,20240709
79424-03-6,"4,4,4-三氟-2-丁炔乙酯","Ethyl 4,4,4-trifluorobut-2-ynoate",毕得医药,1 g,1,g,1,98.7,not_stocked,chengzengrui,20240709
142-45-0,"炔二羧酸
",Acetylenedicarboxylic acid,Adamas,25 g,25,g,1,132,not_stocked,chengzengrui,20240709
52670-38-9,"2-氨基苯炔
",2-Ethynylaniline,"毕得医药	",25g,25,g,1,1005.2,running_out,chengzengrui,20240709
864725-62-2,"4-(5-(3,5-二氯苯基)-5-(三氟甲基)-4,5-二氢异恶唑-3-基)-2-甲基苯甲酸
"," 4-(5-(3,5-Dichlorophenyl)-5-(trifluoromethyl)-4,5-dihydroisoxazol-3-yl)-2-methylbenzoic acid","毕得医药	",1g,1,g,1,230,not_stocked,zhuminghui,20240709
4472-41-7,"N,N-二甲基甲酰胺-d7","	N,N-DIMETHYLFORMAMIDE-D7",安耐吉,2x 0.55 mL）,,,1,253,not_stocked,wangxi,20240709
52522-40-4,三(二亚苄基丙酮)二钯/氯仿加合物, Tris(dibenzylideneacetone)dipalladium-chloroform,毕得,5g,5,g,1,487.9,not_stocked,zhuminghui,20240709
76006-33-2,2-甲基-3-溴苯甲酸 ,3-Bromo-2-methylbenzoic acid,毕得,25g,25,g,1,53,not_stocked,zhuminghui,20240709
611-00-7,"2,4-二溴苯甲酸"," 2,4-Dibromobenzoic acid",毕得,25g,25,g,1,282,not_stocked,zhuminghui,20240709
72287-26-4,"[1,1-双(二苯基磷)二茂铁]二氯化钯 [1,1'-Bis(diphenylphosphino)ferrocene]dichloropalladium(II)","	[1,1'-Bis(diphenylphosphino)ferrocene]dichloropalladium(II)	",毕得,5g,5,g,1,443,running_out,zhuminghui,20240709
7697-27-0,2-溴-4-甲基苯甲酸, 2-Bromo-4-methylbenzoic acid,毕得,25g,25,g,1,114,not_stocked,zhuminghui,20240709
3375-31-3,醋酸钯,Palladium(II) acetate,毕得,250mg,250,mg,1,81.7,running_out,sunyichen,20240709
7084/11/9,"	1-(3-二甲氨基丙基)-3-乙基碳二亚胺盐酸盐",EDCI,毕得,100G X 2 = 200G,,,1,51.1,degraded,mengjunhong,20240710
63428-13-7,泰万菌素,Tylvalosin tartrate,毕得,25G,25,g,1,224.7,running_out,mengjunhong,20240710
301-10-0,2乙基己酸锡(II),"	Tin(II) 2-ethylhexanoate,",百灵威,25g,25,g,1,51.85,not_stocked,admin,20240710
75-16-1,甲基溴化镁 ,Methylmagnesium bromide,安耐吉,100mL,100,mL,1,146,not_stocked,shihongwei,20240710
7446-70-0,三氯化铝 ,Aluminum chloride,Amethyst,100g,100,g,1,39.95,running_out,shihongwei,20240710
7719/12/2,氯化磷(III) ,Phosphorus trichloride,安耐吉,100mL,100,mL,1,36,not_stocked,shihongwei,20240710
1975/9/2,超干二氯甲烷 ,Dichloromethane,安耐吉,500mL,500,mL,1,58,not_stocked,shihongwei,20240710
109-99-9,四氢呋喃 ,"Tetrahydrofuran, 99.9%, SuperDry, stabilized with 250 ppm BHT, J&KSeal",百灵威J&K,100mL,100,mL,1,31,running_out,tanhui,20240712
13775-53-6,六氟铝酸三钠,Sodium hexafluoroaluminate(III),毕得,100g,100,g,1,19.6,not_stocked,sunyichen,20240712
1133123-02-0,2-碘-4-溴苯甲酸 ,4-Bromo-2-iodobenzoic acid,毕得,25g,25,g,1,251,not_stocked,zhuminghui,20240712
14024-61-4,二(乙酰丙酮)钯(II)," Palladium(II) 2,4-pentanedionate",毕得,1g,1,g,1,217,not_stocked,zhuminghui,20240712
7315-96-0,"-1,5-二羧酸 ","Naphthalene-1,5-dicarboxylic acid",毕得,1220,,,1,250,not_stocked,zhuminghui,20240712
63297-02-9,"3,3'-二甲基-[1,1'-联苯]-4,4'-二羧酸 ","3,3'-Dimethyl-[1,1'-biphenyl]-4,4'-dicarboxylic acid",毕得,819,,,1,1,not_stocked,zhuminghui,20240712
645-96-5,"	苯硒酚",PHENYLSELENOL,毕得,1 g,1,g,1,154,not_stocked,wangxi,20240713
20279-16-7,"8-氧杂三环[7.4.0.0,2,7]十三烷-1(9),2(7),3,5,10,12-六烯-5-醇","Dibenzo[b,d]furan-3-ol",伊诺凯,1g,1,g,1,370.5,not_stocked,huangyilei,20240713
93-05-0,N.N-二乙基对苯二胺,"N,N-Diethyl-p-phenylenediamine",毕得医药,5g,5,g,1,66.5,not_stocked,huangyilei,20240713
123-51-3,异戊醇, 3-Methyl-1-Butanol,Adamas,100ml,100,mL,1,14,not_stocked,huangyilei,20240713
78-83-1,异丁醇 ,Isobutyl Alcohol,Adamas,100ml,100,mL,1,14,not_stocked,huangyilei,20240713
1003-04-9,,,毕得医药,25g,25,g,1,24.5,not_stocked,zhaobinzhi,20240714
83140-96-9,2-甲基-3-(1H-吡咯-1-基)苯甲酸 ,2-Methyl-3-(1H-pyrrol-1-yl)benzoic acid,毕得医药,250mg,250,mg,1,415.1,not_stocked,zhuminghui,20240714
672310-11-1,芴甲氧羰基-3-哌啶酮,(9H-fluoren-9-yl)methyl3-oxopiperidine-1-carboxylate,迈瑞达,1g,1,g,1,208.5,not_stocked,sunyichen,20240714
3760-52-9,3-吡咯烷酮 盐酸盐,3-Pyrrolidinot_stocked hydrochloride,毕得,5g,5,g,1,56.7,not_stocked,sunyichen,20240714
63148-62-9,二甲基硅油,Dimethylsilicone oil,"
麦克林",1L,1,L,1,221.6,running_out,admin,20240715
920-66-1,"	六氟异丙醇","	HFIP
",毕得,500G,500,g,1,177.1,running_out,admin,20240715
7446-70-0,无水三氯化铝 ,Aluminum chloride,安耐吉,100g,100,g,1,36,running_out,admin,20240715
110-71-4,"	1,2二甲氧基乙烷","1,2-Dimethoxyethane",百灵威J&K,200mL,200,mL,1,74,running_out,mengjunhong,20240715
407-25-0,三氟乙酸酐,Trifluoroacetic anhydride,百灵威J&K,100G,100,g,1,113.05,running_out,mengjunhong,20240715
180516-87-4,4-羧基苯硼酸频那醇酯,"	4-(4,4,5,5-Tetramethyl-1,3,2-dioxaborolan-2-yl)benzoic acid",毕得医药,10g,10,g,1,37.1,not_stocked,mengjunhong,20240715
501-53-1,氯甲酸苄酯,Benzyl chloroformate,百灵威J&K,25G,25,g,1,56.1,running_out,mengjunhong,20240715
3999-55-1,"反式-1,2-环丙二羧酸二乙酯","	trans-Diethyl cyclopropane-1,2-dicarboxylate",毕得医药,10g,10,g,1,215.6,not_stocked,mengjunhong,20240715
608140-12-1,1-甲基-1-丙基哌啶-1-鎓 双三氟甲基磺酰亚胺盐,1-Methyl-1-propylpiperidin-1-ium bis((trifluoromethyl)sulfonyl)amide,毕德医药,5g,5,g,1,354.2,not_stocked,admin,20240716
109-61-5,"
氯甲酸正丙酯",Propyl chloroformate,"
Acmec",25g,25,g,1,38.4,not_stocked,zhaobinzhi,20240716
448-61-3,"2,4,6-三苯基吡喃鎓四氟硼酸盐 ","2,4,6-Triphenylpyrylium tetrafluoroborate",毕得,25 g,25,g,1,338.1,running_out,wangxi,20240716
174501-65-6,1-丁基-3-甲基咪唑鎓四氟硼酸盐 ,3-Butyl-1-methyl-1H-imidazol-3-ium tetrafluoroborate,毕得医药,25g,25,g,1,25.2,running_out,admin,20240717
143314-16-3,1-乙基-3-甲基咪唑鎓四氟硼酸盐,1-Ethyl-3-methylimidazolium tetrafluoroborate,毕得医药,5g,5,g,1,62,not_stocked,admin,20240717
507-52-8,2-三氟甲基-2-丙醇," 1,1,1-Trifluoro-2-methylpropan-2-ol",伊诺凯,25gx2,25,g,2,2800,not_stocked,zhuminghui,20240717
60-29-7,"乙醚
",Diethyl ether AR,通广,500ml,500,mL,1,17,running_out,zhuminghui,20240717
67-66-3,三氯甲烷,"	Chloroform",通广,500mlx10,500,ml,10,15,running_out,zhuminghui,20240717
2369/11/1,5-氟-2-硝基苯胺,5-Fluoro-2-nitroaniline,毕得,25g,25,g,1,32.9,not_stocked,sulingyu,20240719
700-37-8,4-氯-2-氟硝基苯,4-Chloro-2-fluoro-1-nitrobenzene,毕得,5g,5,g,1,27.3,not_stocked,sulingyu,20240719
120381-42-2,5-氟-N-甲基-2-硝基苯胺,5-Fluoro-N-methyl-2-nitroaniline,乐研,1g,1,g,1,245.7,not_stocked,sulingyu,20240719
54664-61-8,"Cis-3,5-二乙酰氧基-1-环戊烯","(1R,3S)-rel-Cyclopent-4-ene-1,3-diyl diacetate",毕得医药,1,,,1,108.5,not_stocked,chengzengrui,20240719
1976/5/1,"三氟乙酸
","Trifluoroacetic acid, 99%",Amethyst,100 g,100,g,1,51,running_out,chengzengrui,20240719
4648-54-8,"叠氮基三甲基硅烷
",Trimethylsilyl azide,阿拉丁,100 mL,100,mL,1,411.92,running_out,chengzengrui,20240719
,"硅藻土
","Kieselguhr AR
",通广,1000 g*2,1000,g,2,55,running_out,chengzengrui,20240719
423-39-2,"1-碘代氟代丁烷
",1-Iodononafluorobutane,乐研,25 g,25,g,1,34.3,running_out,chengzengrui,20240719
16681-59-7,"1-甲基-2-溴咪唑
","2-Bromo-1-methyl-1H-imidazole
货号1052142-5g",乐研,5 g,5,g,1,300.3,not_stocked,chengzengrui,20240719
3034-53-5,"2-溴噻唑
","2-Bromothiazole
货号1028847-25g",乐研,25 g,25,g,1,21.7,not_stocked,chengzengrui,20240719
34784-02-6,"3-溴异喹啉
",3-Bromoisoquinoline,乐研,1 g,1,g,1,86.1,not_stocked,chengzengrui,20240719
107351-82-6,2-溴-5-苯基吡啶,2-Bromo-5-phenylpyridine,毕得医药,1 g,1,g,1,100.1,not_stocked,chengzengrui,20240719
118289-16-0,2-溴-4-吡啶甲醇,"2-Bromopyridine-4-methanol	",毕得医药,5 g,5,g,1,79.1,not_stocked,chengzengrui,20240719
7598-35-8,"4-氨基-2-溴吡啶
","2-Bromopyridin-4-amine
",毕得医药,5 g,5,g,1,73.5,not_stocked,chengzengrui,20240719
149806-06-4,"6-溴吡啶-3-甲醛
",6-Bromonicotinaldehyde,毕得医药,5 g,5,g,1,33.6,not_stocked,chengzengrui,20240719
1000342-68-6,"4-溴-1H-吡咯并[3,2-c]吡啶
","4-Bromo-1H-pyrrolo[3,2-c]pyridine",毕得医药,1 g,1,g,1,378.7,not_stocked,chengzengrui,20240719
50488-34-1,"2-溴-4-(叔丁基)吡啶
",2-Bromo-4-(tert-butyl)pyridine,毕得医药,1 g*2,1,g,2,65.8,not_stocked,chengzengrui,20240719
75-16-1,"甲基溴化镁
","Methylmagnesium bromide, 3.0 M solution in 2-MeTHF, J&KSeal",百灵威,100 mL,100,mL,1,133,running_out,chengzengrui,20240719
89089-18-9,"3-溴-6-氯哒嗪
",3-Bromo-6-chloropyridazine,毕得医药,1 g,1,g,1,184.1,not_stocked,chengzengrui,20240719
16882-08-9,"4,4'-(乙炔-1,2-二基)二苯甲酸二甲酯 ","Dimethyl 4,4'-(ethyne-1,2-diyl)dibenzoate",毕得医药,1 g,1,g,1,353.5,not_stocked,chengzengrui,20240719
620-08-6,"4-甲氧基吡啶
","4-Methoxypyridine
",jk,25 g,25,g,1,550,running_out,zhuminghui,
,,,,,,,1,,not_stocked,admin,
620-08-6,"4-甲氧基吡啶
","4-Methoxypyridine
",tci,25 g,25,g,1,192,running_out,zhuminghui,
578-39-2,4-羟基-2-甲基苯甲酸, 4-Hydroxy-2-methylbenzoic acid,毕得,25g,25,g,1,237,not_stocked,zhuminghui,
2785-98-0,"2,5-二甲氧基苯甲酸
","2,5-Dimethoxybenzoic acid",毕得,25g,25,g,1,100,not_stocked,zhuminghui,
102-56-7,,"2,5-Dimethoxyaniline",毕得,100g,100,g,1,40,not_stocked,zhuminghui,
53-16-7,雌酚酮 ,Estrone,jk,5g,5,g,1,487,running_out,zhuminghui,20240720
572-09-8,"2R,3R,4S,5R,6R)-2-(乙酰氧基甲基)-6-溴四氢-2H-吡喃-3,4,5-三乙酸三酯 
","(2R,3R,4S,5R,6R)-2-(Acetoxymethyl)-6-bromotetrahydro-2H-pyran-3,4,5-triyl triacetate",毕得,25g,25,g,1,72,not_stocked,zhuminghui,
41438-18-0,4-羟基-2-甲基苯甲醛 ,4-Hydroxy-2-methylbenzaldehyde,毕得,5g,5,g,1,200,not_stocked,zhuminghui,
20667-12-3,"氧化银(I), ", Silver(I) oxide,伊诺凯,25G,25,g,1,388,not_stocked,zhuminghui,
513-35-9,异戊烯, 2-Methyl-2-butene,伊诺凯,25ml,25,mL,1,38,not_stocked,zhuminghui,
7758-19-2,"亚氯酸钠, "," Sodium chlorite,",伊诺凯,500g,500,g,1,45,not_stocked,zhuminghui,
53-16-7,雌酚酮 ,Estrone,希恩思,5g,5,g,1,36,running_out,huangyilei,20240720
82640-04-8,盐酸雷洛昔芬,Raloxifene hydrochloride,MREDA,1g,1,g,1,29.5,running_out,huangyilei,20240720
1973/5/2,"3-(((4,5-二氢-1H-咪唑-2-基)甲基)(对甲苯基)氨基)苯酚盐酸盐 ","3-(((4,5-Dihydro-1H-imidazol-2-yl)methyl)(p-tolyl)amino)phenol hydrochloride
",毕得医药,1g,1,g,1,893.2,running_out,huangyilei,20240720
768-95-6,1-金刚烷醇,Adamantan-1-ol,毕得医药,100g,100,g,1,50.4,running_out,huangyilei,20240720
700-57-2,2-金刚烷醇,2-Adamantanol,毕得医药,25g,25,g,1,82.6,running_out,huangyilei,20240720
92-54-6,N-苯基哌嗪,1-Phenylpiperazine,毕得医药,100g,100,g,1,60.9,running_out,huangyilei,20240720
57260-71-6,哌嗪-1-羧酸叔丁酯,tert-Butyl piperazine-1-carboxylate,毕得医药,25g,25,g,1,21.7,running_out,huangyilei,20240720
109-01-3,N-甲基哌嗪,1-Methylpiperazine,毕得医药,100g,100,g,1,21.7,running_out,huangyilei,20240720
19745-72-3,4-羟基-Α-氨基苯乙酮盐酸盐,4-hydroxy-alpha-aminoacetophenot_stocked,麦克林,25g,25,g,1,1306.4,not_stocked,huotongyu,20240721
311-28-4,"四丁基碘化铵
",Tetrabutylammonium iodide,jk,25g,25,g,1,115,not_stocked,zhuminghui,
22929-52-8,二氢-3(2H)-呋喃酮,Dihydrofuran-3(2H)-one,毕得,5g,5,g,1,23.1,not_stocked,sunyichen,20240721
623-05-2,对羟基苯甲醇,4-Hydroxybenzyl alcohol,毕得医药,100g,100,g,1,38.5,not_stocked,huangyilei,20240721
1309-64-4,三氧化二锑,Diantimony trioxide,希恩思,25G,25,g,1,20,not_stocked,admin,20240722
51429-74-4,磷钼酸水合物,Phosphomolybdic acid hydrate,欣恒研,10g,10,g,1,67,running_out,admin,20240722
251320-86-2,2-二环己基磷-2'-甲基联苯,2-(Dicyclohexylphosphino)-2'-methylbiphenyl,希恩思,5g,5,g,1,30,not_stocked,shihongwei,20240722
20621-29-8,三氟甲基亚磺酰氯 ,Trifluoromethylsulfinyl Chloride,MREDA,5g,5,g,1,52,running_out,shihongwei,20240722
98977-36-7,N-叔丁氧羰基-3-哌啶酮,1-Boc-3-Piperidinot_stocked,毕得,10g,10,g,1,25.2,not_stocked,sunyichen,20240722
79099-07-3,N-叔丁氧羰基-哌啶-4-酮,1-Boc-4-Piperidinot_stocked,毕得,10g,10,g,1,17.6,running_out,sunyichen,20240722
994-30-9,三乙基氯硅烷,Chlorotriethylsilane,欣恒研,25g,25,g,1,76,not_stocked,yanglicheng,20240722
201802-29-1,4-双(4-甲氧基苯基)氨基苯基硼酸 ,(4-(Bis(4-methoxyphenyl)amino)phenyl)boronic acid,毕得医药,5g,5,g,1,586.6,not_stocked,shihongwei,20240722
775-16-6,1-苄基-3-吡咯烷酮,"1-Benzyl-3-pyrrolidinot_stocked, 97%",百灵威,5g,5,g,1,28.05,not_stocked,sunyichen,20240724
51484-06-1,6-溴-4-氧-4H-色烯-2-羧酸,"	6-BROMOCHROMONE-2-CARBOXYLIC ACID",乐研,1 g,1,g,1,108.5,running_out,pengjing,20240725
106261-48-7,4-(4-甲基哌嗪-1-基甲基)苯甲酸,4-(4-Methylpiperazin-1-ylmethyl)benzoic acid,欣恒研,1g,1,g,1,196.65,running_out,mengjunhong,20240726
88-14-2,2-呋喃甲酸,2-Furoic acid,欣恒研,25G,25,g,1,33.25,not_stocked,mengjunhong,20240726
64-19-7,冰醋酸,Acetic acid,通广,2500mL,2500,mL,1,80,running_out,mengjunhong,20240726
1666-13-3,"	二苯基二硒醚","	Diphenyl diselenide",安耐吉,25gx2,25,g,2,199,running_out,mengjunhong,20240726
53001-22-2,叔丁醇-d10,tert-Butanol-d10,阿拉丁,5g,5,g,1,3353.92,not_stocked,zhaobinzhi,20240729
874-90-8,4-甲氧基氰苯,Anisonitrile,毕得,10 g,10,g,1,23.8,running_out,wangxi,20240806
79099-07-3,N-叔丁氧羰基-哌啶-4-酮,1-Boc-4-Piperidinot_stocked,麦克林,25g,25,g,1,44.8,running_out,sunyichen,20240722
493-33-4,1-(4-羟基-2-甲氧基苯基)乙酮,1-(4-Hydroxy-2-methoxyphenyl)ethanot_stocked,毕得医药,1g,1,g,1,407.4,not_stocked,huangyilei,20240809
42924-53-8,4-(6-甲氧基萘基-2-基)丁-2-酮,4-(6-Methoxynaphthalen-2-yl)butan-2-one,毕得医药,1g,1,g,1,228.9,not_stocked,huangyilei,20240809
55079-83-9,"(2E,4E,6E,8E)-9-(4-甲氧基-2,3,6-三甲基苯基)-3,7-二甲基壬-2,4,6,8-四烯酸"," (2E,4E,6E,8E)-9-(4-Methoxy-2,3,6-trimethylphenyl)-3,7-dimethylnona-2,4,6,8-tetraenoic acid
",毕得医药,1g,1,g,1,160.3,not_stocked,huangyilei,20240809
26787-78-0,阿莫西林 ,Amoxicillin,希恩思,5g,5,g,1,38,not_stocked,huangyilei,20240809
190595-65-4,"(3R,4S)-4-[4-(苄氧基)苯基]-1-(4-氟苯基)-3-[3-(4-氟苯基)-3-氧代丙基]氮杂环丁烷-2-酮","(3R,4S)-4-(4-(Benzyloxy)phenyl)-1-(4-fluorophenyl)-3-(3-(4-fluorophenyl)-3-oxopropyl)azetidin-2-one
",毕得医药,5g,5,g,1,146.3,not_stocked,huangyilei,20240809
404-86-4,天然辣椒碱 ,Capsaicin,希恩思,1g,1,g,1,72,not_stocked,huangyilei,20240809
101-53-1,4-苄基苯酚,4-Benzylphenol,MREDA,1g,1,g,1,32,not_stocked,huangyilei,20240809
3943-97-3,4-羟基肉桂酸甲酯,Methyl 3-(4-hydroxyphenyl)acrylate,毕得医药,5g,5,g,1,21.7,not_stocked,huangyilei,20240809
2321/7/5,荧光素 ,Fluorescein,希恩思,25g,25,g,1,18,not_stocked,huangyilei,20240809
5355-17-9,4-甲氧甲基苯酚,4-(Methoxymethyl)phenol,毕得医药,250mg,250,mg,1,269.5,not_stocked,huangyilei,20240809
10523-68-9,2-金刚烷胺盐酸盐,Adamantan-2-amine hydrochloride,毕得医药,1g,1,g,1,23.8,not_stocked,huangyilei,20240809
434958-85-7,N-Boc-5-羟基吲哚, N-Boc-5-Hydroxyindole,毕得医药,1g,1,g,1,122.5,not_stocked,huangyilei,20240809
18278-34-7,4-羟基-2-甲氧基苯甲醛, 4-Hydroxy-2-methoxybenzaldehyde,毕得医药,5g,5,g,1,93.1,not_stocked,huangyilei,20240809
97-53-0,丁香酚,Eugenol,安耐吉,100g,100,g,1,29.6,not_stocked,huangyilei,20240809
959246-70-9,"9,9-二甲基-9H-芴-2-醇","9,9-Dimethyl-9H-fluoren-2-ol",毕得医药,1g,1,g,1,298.9,not_stocked,huangyilei,20240809
1139-83-9,尿石素B,Urolithin B,普西唐,1g,1,g,1,212,not_stocked,huangyilei,20240809
21911-84-2,3-(苯基氨基)丙酸甲酯,3-Anilinopropanoic acid methyl ester,毕得医药,1g,1,g,1,67.9,not_stocked,tangshuyuan,20240811
37222-66-5,过氧单磺酸钾,Potassium peroxomonosulfate,安耐吉,100g,100,g,1,16,not_stocked,admin,20240811
539-74-2,3-溴丙酸乙酯,Ethyl 3-bromopropionate,欣恒研,5g,5,g,1,49,not_stocked,tangshuyuan,20240811
140-88-5,丙烯酸乙酯,Ethyl acrylate,安耐吉,100ml,100,mL,1,16,not_stocked,tangshuyuan,20240811
107410-07-1,2-甲氧基-5-苯基苯甲酸 ,2-Methoxy-5-phenyl-benzoic acid,毕得,1g,1,g,1,487,not_stocked,zhuminghui,20240812
25045-36-7,2-甲氧基-5-甲基苯甲酸, 2-Methoxy-5-methylbenzoic acid,毕得,1g,1,g,1,27,not_stocked,zhuminghui,20240812
2785-98-0,"2,5-二甲氧基苯甲酸 ","2,5-Dimethoxybenzoic acid",毕得,1g,1,g,1,19,not_stocked,zhuminghui,20240812
3168-59-0,2-甲基-5-甲氧基苯甲酸, 5-Methoxy-2-methylbenzoic acid,毕得,1g,1,g,1,21,not_stocked,zhuminghui,20240812
79669-49-1,5-溴-2-甲基苯甲酸 ,5-Bromo-2-methylbenzoic acid,毕得,25g,25,g,1,25,not_stocked,zhuminghui,20240812
7499-66-3,6-溴-2-氨基萘 ,6-Bromonaphthalen-2-amine,乐研,25g,25,g,1,189.7,not_stocked,shihongwei,20240812
64085-52-5,5-溴-2-碘苯胺,5-Bromo-2-iodoaniline,毕得,25g,25,g,1,212.1,running_out,shihongwei,20240812
201802-67-7,4-硼酸三苯胺,4-(Diphenylamino)phenylboronic acid,希恩思,25g,25,g,1,155,running_out,shihongwei,20240812
6415/7/2,"三(N,N-四亚甲基)磷酰胺",Tri(pyrrolidin-1-yl)phosphine oxide,毕得,5g,5,g,1,25.2,not_stocked,huzhibin,20240812
142-84-7,二正丙胺,Dipropylamine,阿拉丁,100ml,100,mL,1,31.92,running_out,huzhibin,20240813
811-98-3,氘代甲醇-d4,Methanol-d4,伊诺凯,0.6 mL*10,0.6,ml,10,224,running_out,admin,20240813
37116-80-6,3-(4-羟基苯)苯酚, 3-(4-Hydroxyphenethyl)phenol,毕得医药,250mg,250,mg,1,350.7,not_stocked,huangyilei,20240813
4549/2/4,Maculosin,环(脯氨酸一酪氨酸)," 	MREDA",250mg,250,mg,1,649.5,not_stocked,huangyilei,20240813
6399-81-1,三苯基膦氢溴酸盐,Triphenylphosphine hydrobromide,毕得医药,25g,25,g,1,21.7,not_stocked,huangyilei,20240813
14199-15-6,对羟基苯基乙酸甲酯, Methyl 2-(4-hydroxyphenyl)acetate,毕得医药,25g,25,g,1,21.7,not_stocked,huangyilei,20240813
13196-10-6,苯并呋喃-5-醇,Benzofuran-5-ol,乐研,250mg,250,mg,1,333.2,not_stocked,huangyilei,20240813
86-77-1,2-羟基二苯并呋喃 ,2-hydroxydibenzofuran,阿拉丁,1g,1,g,1,45.94,not_stocked,huangyilei,20240813
92-61-5,7-羟基-6-甲氧基-2H-苯并吡喃-2-酮, 7-Hydroxy-6-methoxy-2H-chromen-2-one,毕得医药,250mg,250,mg,1,508.9,not_stocked,huangyilei,20240813
15574-49-9,"5-羟基-1,2-二甲基-1H-吲哚-3-甲酸乙酯"," Ethyl 5-hydroxy-1,2-dimethyl-1H-indole-3-carboxylate",毕得医药,5g,5,g,1,39.2,not_stocked,huangyilei,20240813
198480-21-6,1-(4-(2-(氮杂环庚烷-1-基)乙氧基)苄基)-5-(苄氧基)-2-(4-(苄氧基)苯基)-3-甲基-1H-吲哚,1-(4-(2-(Azepan-1-yl)ethoxy)benzyl)-5-(benzyloxy)-2-(4-(benzyloxy)phenyl)-3-methyl-1H-indole,毕得医药,1g,1,g,1,226.8,not_stocked,huangyilei,20240813
110-54-3,正己烷，HPLC级,n-hexane,通广,500mL,500,mL,1,32,running_out,pengjing,20240814
530-62-1,"N,N'-羰基二咪唑",Di(1H-imidazol-1-yl)methanot_stocked,毕得医药,100g,100,g,1,28,running_out,huangyilei,20240814
10031-26-2,溴化铁(III),Iron(III) bromide,毕得医药,25g,25,g,1,53.2,running_out,huangyilei,20240814
2591-17-5,"S)-2-(6-羟基苯并噻唑-2-基)-4,5-二氢噻唑-4-甲酸"," (S)-2-(6-Hydroxybenzo[d]thiazol-2-yl)-4,5-dihydrothiazole-4-carboxylic acid",毕得医药,1g,1,g,1,539.7,not_stocked,huangyilei,20240814
19217-50-6,3-甲氧基-4-甲基苯酚,3-Methoxy-4-methylphenol,乐研,250mg,250,mg,1,311.5,running_out,huangyilei,20240814
54010-75-2,三氟甲磺酸锌,Zinc(II) trifluoromethanesulfonate,毕德医药,25g,25,g,1,35,running_out,admin,20240815
198481-33-3,醋酸巴多昔芬,Bazedoxifene(acetate)-D,乐研,250mg,250,mg,1,505.4,not_stocked,huangyilei,20240815
65864-64-4,(二氟甲基)三甲基-硅烷,Difluoromethyl)trimethylsilane,毕得,5 G,5,g,1,47.6,running_out,wangxi,20240816
14717-29-4,二环己基氧化膦 ,Dicyclohexylphosphine oxide,毕得,250 mg,250,mg,1,160.3,not_stocked,wangxi,20240816
61-70-1,N-甲基吲哚酮,1-Methylindolin-2-one,毕得,5 g,5,g,1,148.4,not_stocked,wangxi,20240816
599-00-8,氘代三氟乙酸,Trifluoroacetic acid-d,安耐吉,25g,25,g,1,350,not_stocked,admin,20240816
1242412-60-7,"2-(4,4,5,5-四甲基-1,3,2-二氧硼杂环戊烷-2-基)-9H-咔唑"," 2-(4,4,5,5-Tetramethyl-1,3,2-dioxaborolan-2-yl)-9H-carbazole",毕得,5g,5,g,1,117.6,not_stocked,shihongwei,20240816
30516-87-1,"1-((2R,4S,5S)-4-叠氮基-5-(羟甲基)四氢呋喃-2-基)-5-甲基嘧啶-2,4(1H,3H)-二酮","1-((2R,4S,5S)-4-Azido-5-(hydroxymethyl)tetrahydrofuran-2-yl)-5-methylpyrimidine-2,4(1H,3H)-dione
",毕得,1g,1,g,1,39.2,not_stocked,huangyilei,20240817
10347-81-6,马替普林盐酸盐,Maprotiline Hydrochloride,MREDA,1g,1,g,1,76,not_stocked,huangyilei,20240817
19894-97-4,(1R)-(-)-桃金娘,(1R)-(?)-Myrtenol,Adamas,1g,1,g,1,76,not_stocked,huangyilei,20240817
18457-55-1,(S)-(4-(丙-1-烯-2-基)环己-1-烯-1-基)甲醇, (S)-(4-(Prop-1-en-2-yl)cyclohex-1-en-1-yl)methanol,毕得医药,1g,1,g,1,102.2,not_stocked,huangyilei,20240817
78246-49-8,帕罗西汀盐酸盐,Paroxetine HCl,MREDA,1g,1,g,1,50.5,not_stocked,huangyilei,20240817
539-15-1,大麦芽碱 ,Hordenine,希恩思,1g,1,g,1,129,not_stocked,huangyilei,20240817
4064/6/6,"((3aR,5R,5aS,8aS,8bR)-2,2,7,7-四甲基四氢-3aH-双([1,3]二氧杂戊环)[4,5-b:4',5'-d]吡喃-5-基)甲醇","((3aR,5R,5aS,8aS,8bR)-2,2,7,7-Tetramethyltetrahydro-3aH-bis([1,3]dioxolo)[4,5-b:4',5'-d]pyran-5-yl)methanol
",毕得医药,1g,1,g,1,21.7,not_stocked,huangyilei,20240817
850649-61-5,"(R)-2-((6-(3-氨基哌啶-1-基)-3-甲基-2,4-二氧代-3,4-二氢嘧啶-1(2H)-基)甲基)苯甲腈"," (R)-2-((6-(3-Aminopiperidin-1-yl)-3-methyl-2,4-dioxo-3,4-dihydropyrimidin-1(2H)-yl)methyl)benzonitrile
",毕得医药,1g,1,g,1,335.3,not_stocked,huangyilei,20240817
105628-07-7,"六氢-1-(5-异喹啉磺酰基)-1H-1,4-二氮杂卓盐酸盐"," 5-((1,4-Diazepan-1-yl)sulfonyl)isoquinoline hydrochloride",毕得医药,1g,1,g,1,212.1,not_stocked,huangyilei,20240817
100643-71-8,"8-氯-6,11-二氢-11-(4-哌啶烯基)-5H-苯并[5,6]环庚基[1,2-b]吡啶"," 8-Chloro-11-(piperidin-4-ylidene)-6,11-dihydro-5H-benzo[5,6]cyclohepta[1,2-b]pyridine
",毕得医药,1g,1,g,1,20.3,not_stocked,huangyilei,20240817
14028-44-5,硫代色满-4-酮, Thiochroman-4-one,MackIin/麦克林,1g,1,g,1,126.75,not_stocked,huangyilei,20240817
120-29-6,endo-8-甲基-8-氮杂双环[3.2.1]辛-3-醇,endo-8-Methyl-8-azabicyclo[3.2.1]octan-3-ol,毕得医药,5g,5,g,1,19.6,not_stocked,huangyilei,20240817
25602-68-0,"8-氮杂双环[3,2,1]辛-3-酮盐酸盐",Nortropinot_stocked hydrochloride,毕得医药,5g,5,g,1,38.5,not_stocked,huangyilei,20240817
485-35-8,"(1R,5S)-3,11-二氮杂三环[7.3.1.03,8]三癸-5,7-二烯-4-酮 ","(1R,5S)-1,2,3,4,5,6-Hexahydro-8H-1,5-methanopyrido[1,2-a][1,5]diazocin-8-one
",毕得医药,1g,1,g,1,118.3,not_stocked,huangyilei,20240817
128607-22-7,"(Z)-2-(4-(4-氯-1,2-二苯基-1-丁烯-1-基)苯氧基)乙醇"," (Z)-2-(4-(4-Chloro-1,2-diphenylbut-1-en-1-yl)phenoxy)ethan-1-ol",偶合,1g,1,g,1,219,not_stocked,huangyilei,20240817
58186-27-9,"2-(10-羟基癸基)-5,6-二甲氧基-3-甲基环己-2,5-二烯-1,4-二酮 ","2-(10-Hydroxydecyl)-5,6-dimethoxy-3-methylcyclohexa-2,5-diene-1,4-dione
",毕得医药,5g,5,g,1,138.6,not_stocked,huangyilei,20240817
960203-27-4,"1-[2-(2,4-甲基苯硫基)苯基]哌嗪氢溴酸盐","1-(2-((2,4-Dimethylphenyl)thio)phenyl)piperazine hydrobromide",毕得医药,250mg*2,250,mg,2,69.3,not_stocked,huangyilei,20240817
204255-11-8,"(3R,4R,5S)-4-乙酰氨基-5-氨基-3-(戊-3-基氧基)环己-1-烯羧酸乙酯磷酸盐"," (3R,4R,5S)-Ethyl 4-acetamido-5-amino-3-(pentan-3-yloxy)cyclohex-1-enecarboxylate phosphate
",毕得医药,1g,1,g,1,98,not_stocked,huangyilei,20240817
1446-61-3,"((1R,4aS,10aR)-7-异丙基-1,4a-二甲基-1,2,3,4,4a,9,10,10a-八氢菲-1-基)甲胺 "," ((1R,4aS,10aR)-7-Isopropyl-1,4a-dimethyl-1,2,3,4,4a,9,10,10a-octahydrophenanthren-1-yl)methanamine
",毕得医药,10g,10,g,1,21.7,not_stocked,huangyilei,20240817
151-10-0,间苯二甲醚, m-Dimethoxy benzene,欣恒研,10g,10,g,1,59,not_stocked,huangyilei,20240817
2216-69-5,1-萘甲醚,1-Methoxynaphthalene,欣恒研,10g,10,g,1,40,not_stocked,huangyilei,20240817
131707-24-9,6-溴-5-羟基-1-甲基-2-(苯基硫甲基)吲哚-3-甲酸乙酯,"Ethyl 6-bromo-5-hydroxy-1-methyl-2-((phenylthio)methyl)-1H-Indole-3-carboxylate
",毕得医药,5g,5,g,1,68.6,not_stocked,huangyilei,20240817
537-42-8,"(E)-4-(3,5-二甲氧基苯乙烯基)苯酚","(E)-4-(3,5-Dimethoxystyryl)phenol",毕得医药,1g,1,g,1,24.5,not_stocked,huangyilei,20240817
501-92-8,对烯丙基苯酚,4-Allylphenol,毕得医药,250mg,250,mg,1,129.5,not_stocked,huangyilei,20240817
64-17-5,75%乙醇,ethanol,通广,5L,5,L,1,75,running_out,pengjing,20240818
1310-73-2,氢氧化钠,Sodium hydroxide,通广,500 g,500,g,1,9.5,running_out,pengjing,20240818
3483/12/3,DL-二硫苏糖醇(DTT),DL-dithiothreitol,欣恒研,5g,5,g,1,190,running_out,huangyilei,20240818
106685-40-9,6-(3-(1-金刚烷)-4-甲氧基苯基)-2-甲酸,6-(3-(Adamantan-1-yl)-4-methoxyphenyl)-2-naphthoic acid,毕得医药,1g,1,g,1,125.3,running_out,huangyilei,20240818
59643-43-5,"2,6-二-叔丁基-4-甲基吡喃鎓 三氟甲磺酸盐","2,6-Di-tert-butyl-4-methylpyrylium trifluoromethanesulfonate",毕得医药,5g,5,g,1,133,running_out,huangyilei,20240818
68378-96-1,亚硝酸钠-15N, Sodium nitrite-15N,安耐吉,100mg,100,mg,1,262.4,not_stocked,admin,20240819
89488-29-9,"2-溴-4-甲氧基吡啶
",2-Bromo-4-methoxypyridine,毕得,5 g,5,g,1,228.2,running_out,chengzengrui,20240819
1423-60-5,"3-丁炔-2-酮
",3-Butyn-2-One,Adamas,1 g,1,g,1,185.25,not_stocked,chengzengrui,20240819
42201-71-8,"三甲基硅烷丙炔甲酯
",Methyl 3-(trimethylsilyl)propiolate,毕得,1 g,1,g,1,218.4,not_stocked,chengzengrui,20240819
72764-93-3,"3-(2-吡啶基)丙炔酸甲酯
",Methyl 3-(2-Pyridyl)propiolate,毕得,250 mg,250,mg,1,140.7,not_stocked,chengzengrui,20240819
3623-15-2,1-苯基-2-丙炔-1-酮,1-Phenyl-2-propyn-1-one,伊诺凯,1 g,1,g,1,471.2,not_stocked,chengzengrui,20240819
1005500-75-3,"N-乙炔基-N,4-二甲基苯磺酰胺","N-Ethynyl-N,4-dimethylbenzenesulfonamide",Adamas,1 g,1,g,1,117.75,not_stocked,chengzengrui,20240819
34819-86-8,"3,4-二-O-乙酰基-6-脱氧-L-葡萄糖醛","3,4-Di-O-acetyl-6-deoxy-L-glucal",TCI,1 g,1,g,1,405.2,running_out,chengzengrui,20240819
14221-01-3,四(三苯基膦)钯,Tetrakis(triphenylphosphine)palladium,毕得,5g,5,g,1,252,running_out,huzhibin,20240819
13061-96-6,甲基硼酸,Methylboronic acid,毕得,5g,5,g,1,32.2,not_stocked,huzhibin,20240819
1013-83-8,5-溴-2-萘甲酸,5-Bromo-2-naphthoic acid,毕得,5g,5,g,1,247.8,not_stocked,huzhibin,20240819
624-92-0,二甲基二硫,Dimethyl disulfide,"安耐吉	",25g,25,g,1,36.8,running_out,huzhibin,20240819
1529-17-5,三甲基(苯氧基)硅烷,Trimethyl(phenoxy)silane,毕得,5g,5,g,1,60.2,running_out,huzhibin,20240820
610-72-0,"2,5-二甲基苯甲酸
","2,5-Dimethylbenzoic acid",毕得,25g,25,g,1,43,running_out,zhuminghui,20240820
34420-17-2,"2,2-二甲基乙烯基硼酸 ",(2-Methylprop-1-en-1-yl)boronic acid,毕得,5g,5,g,1,307,not_stocked,zhuminghui,20240820
6967-82-4,2-溴-5-甲基苯甲酸, 2-Bromo-5-methylbenzoic acid,毕得,10g,10,g,1,39,not_stocked,zhuminghui,20240820
14559-88-7,苯乙基硼酸 ,Phenethylboronic acid,毕得,5g,5,g,1,52,not_stocked,zhuminghui,20240820
39416-48-3,吡啶鎓三溴化物,Pyridinium Bromide Perbromide,欣恒研,25g,25,g,1,51,running_out,huangyilei,20240820
1980/5/7,双酚A,Bisphenol A,欣恒研,25g,25,g,1,32,running_out,huangyilei,20240820
920-66-1,"1,1,1,3,3,3-六氟丙-2-醇","1,1,1,3,3,3-Hexafluoropropan-2-ol",毕得医药,100g,100,g,1,69.3,running_out,huangyilei,20240820
448-19-1,2-硝基-5-氟苯甲醚,5-Fluoro-2-nitroanisole,毕得医药,100g,100,g,1,81.9,not_stocked,sulingyu,20240821
142-25-6,"N1,N1,N2-三甲基乙烷-1,2-二胺","N1,N1,N2-Trimethylethane-1,2-diamine",毕得医药,5g,5,g,1,30.1,not_stocked,sulingyu,20240821
16940-66-2,硼氢化钠,NaBH4,通广,100G,100,g,1,260,running_out,sulingyu,20240821
6628-86-0,2-硝基-5-氯苯甲醛,5-Chloro-2-nitrobenzaldehyde,毕得医药,25g,25,g,1,70.7,running_out,sulingyu,20240821
531-95-3,(S)-3-(4-羟基苯基)苯并二氢吡喃-7-醇, (S)-3-(4-Hydroxyphenyl)chroman-7-ol,毕得医药,250mg,250,mg,1,339.5,not_stocked,huangyilei,20240821
500-99-2,"3,5-二甲氧基苯酚","3,5-Dimethoxyphenol",毕得医药,1g,1,g,1,27.3,not_stocked,huangyilei,20240821
28478-46-8,4-羟基-2-甲基氧苯甲酸甲酯, Methyl 4-Hydroxy-2-methoxybenzoate,毕得医药,250mg,250,mg,1,209.3,not_stocked,huangyilei,20240821
18113-07-0,4-氯-3-甲氧基苯酚,4-Chloro-3-methoxyphenol,毕得医药,250mg,250,mg,1,72.1,not_stocked,huangyilei,20240821
2628-17-3,4-乙烯基苯酚, 4-Vinylphenol,毕得医药,1g,1,g,1,19.6,not_stocked,huangyilei,20240821
5597-50-2,对羟基苯丙酸甲酯,Methyl 3-(4-hydroxyphenyl)propionate,毕得医药,10g,10,g,1,27.3,not_stocked,huangyilei,20240821
124937-52-6,(R)-2-(3-(二异丙胺基)-1-苯基丙基)-4-甲基苯酚,"(2R,3R)-2,3-二羟基琥珀酸盐 (R)-2-(3-(Diisopropylamino)-1-phenylpropyl)-4-methylphenol (2R,3R)-2,3-dihydroxysuccinate
",毕得医药,1g,1,g,1,106.4,not_stocked,huangyilei,20240821
552-59-0,5-羟基-3-(4-羟基苯基)-7-甲氧基-4H-苯并吡喃-4-酮,5-羟基-3-(4-羟基苯基)-7-甲氧基-4H-苯并吡喃-4-酮,毕得医药,250mg,250,mg,1,221.2,not_stocked,huangyilei,20240821
12650-69-0,莫匹罗星,"	Mupirocin",毕得,5g,5,g,1,247.1,running_out,mengjunhong,20240822
79-34-5,"1,1,2,2-四氯乙烷","1,1,2,2-Tetrachloroethane",百灵威,25ml,25,mL,1,67.15,running_out,huzhibin,20240822
3375-31-3,醋酸钯(II),Palladium(II) acetate,百灵威,1g,1,g,1,298,running_out,huzhibin,20240822
56-85-9,L-谷氨酰胺,L-Glutamine,源叶,5g,5,g,1,11.7,not_stocked,pengjing,20240822
329214-79-1,"3-(4,4,5,5-四甲基-1,3,2-二氧杂硼杂戊环-2-基)吡啶 ","3-(4,4,5,5-Tetramethyl-1,3,2-dioxaborolan-2-yl)pyridine",毕得医药,25,,,1,136.5,not_stocked,shihongwei,20240822
536-74-3,苯乙炔,"	Phenylacetylene",安耐吉,25 mL,25,mL,1,57.6,not_found,wangxi,20240822
59865-13-3,环孢菌素A,Cyclosporin A,毕得医药,5g,5,g,1,289.8,not_stocked,mengjunhong,20240822
79-37-8,草酰氯,Oxalyl Chloride,Adamas,100g,100,g,1,49.5,degraded,huzhibin,20240822
7719/9/7,氯化亚砜,Thionyl chloride,安耐吉,100g,100,g,1,24,running_out,huzhibin,20240822
83-44-3,去氧胆酸,Deoxycholic acid,源叶,5 g,5,g,1,80,running_out,pengjing,20240822
29289-13-2,2-碘-4-甲基苯胺,2-Iodo-4-methylaniline,毕得,5g,5,g,1,41.3,running_out,huzhibin,20240823
61272-76-2,2-碘-4-氟苯胺,4-Fluoro-2-iodoaniline,毕得,5g,5,g,1,30.8,running_out,huzhibin,20240823
19781-86-3,"	8-十六炔","	8-Hexadecyne",阿拉丁,1mL,1,mL,1,326.32,not_stocked,mengjunhong,20240823
22426-14-8,"2-溴-1,10-菲咯啉"," 2-Bromo-1,10-phenanthroline",毕得医药,1g,1,g,1,32.2,not_stocked,shihongwei,20240823
79-37-8,草酰氯,Oxalyl Chloride,阿拉丁,100g,100,g,1,63.92,degraded,huzhibin,20240823
905459-27-0,"[1,3-双(2,6-二异丙基苯)咪唑-2-叉](3-氯吡啶)二氯化钯 
","[1,3-Bis(2,6-Diisopropylphenyl)imidazol-2-ylidene](3-chloropyridyl)palladium(II) dichloride",毕得医药,5g,5,g,1,640,not_stocked,zhuminghui,20240824
62-53-3,苯胺,"	Aniline",jk,100g,100,g,1,53,running_out,zhuminghui,20240824
7647-01-0,盐酸,hydrochloric acid,现代东方,500mL*5,500,ml,5,14,running_out,zhuminghui,20240824
620-08-6,"4-甲氧基吡啶
",4-Methoxypyridine,毕得,100g,100,g,1,186,running_out,zhuminghui,20240824
599-00-8,氘代三氟乙酸,Trifluoroacetic acid-d,安耐吉,25g,25,g,1,350,running_out,admin,20240825
64318-28-1,4-羟基苯乙基氨基甲酸叔丁酯,tert-Butyl 4-hydroxyphenethylcarbamate,毕得医药,1g,1,g,1,28,not_stocked,huangyilei,20240825
88-04-0,"4-氯-3,5-二甲基苯酚","4-Chloro-3,5-dimethylphenol",欣恒研,10g,10,g,1,47,not_stocked,huangyilei,20240825
603-35-0,三苯基膦,Triphenylphosphine,安耐吉,25g,25,g,1,16,running_out,huangyilei,20240825
99-85-4,γ-松油烯,gamma-Terpinene,欣恒研,25ml,25,mL,1,57,running_out,huangyilei,20240825
2350-89-2,"4-乙烯基-1,1'-联苯",4-Vinylbiphenyl,毕得医药,1g,1,g,1,33.6,running_out,huangyilei,20240825
978-86-9,4-三苯甲基苯酚, 4-Tritylphenol,毕得医药,1g,1,g,1,56,running_out,huangyilei,20240825
584-42-9,2-羟基-5-((3-硝基苯基)二氮烯基)苯甲酸钠,"Sodium 2-hydroxy-5-((3-nitrophenyl)diazenyl)benzoate	",毕得医药,100G,100,g,1,71.4,not_stocked,mengjunhong,20240826
10049-08-8,三氯化钌,"	Ruthenium(III) chloride",毕得医药,1 g,1,g,1,92.4,running_out,mengjunhong,20240826
16133-25-8,吡啶-3-磺酰氯 ,PYRIDINE-3-SULFONYL CHLORIDE HYDROCHLORIDE,欣恒研,5g,5,g,1,51,running_out,shihongwei,20240826
75804-28-3,"2,3-二甲基-2,3-丁二胺二盐酸盐 2","3-Dimethyl-2,3-butanediamine Dihydrochloride",TCI,1g,1,g,1,435.5,not_stocked,shihongwei,20240826
22329-76-6,阿魏酸甲酯,"	Methyl ferulate",迈瑞达,5 g,5,g,1,61,not_stocked,wangxi,20240826
6515-37-3,4'-羟基黄烷酮, 4'-Hydroxyflavanot_stocked,aladdin/阿拉丁,250mg,250,mg,1,151.72,not_stocked,huangyilei,20240826
528-43-8,"5,5'-二烯丙基-[1,1'-联苯]-2,2'-二醇","5,5'-Diallyl-[1,1'-biphenyl]-2,2'-diol",毕得医药,5g,5,g,1,62.3,not_stocked,huangyilei,20240826
10309-37-2,补骨脂酚, (+)-Bakuchiol,罗恩,250mg,250,mg,1,281.4,not_stocked,huangyilei,20240826
74772-78-4,"5-(4-羟基苄基)噻唑烷-2,4-二酮","5-(4-Hydroxybenzyl)thiazolidine-2,4-dione",毕得医药,250mg,250,mg,1,289.1,not_stocked,huangyilei,20240826
52522-40-4,三(二亚苄基丙酮)二钯/氯仿加合物, Tris(dibenzylideneacetone)dipalladium-chloroform,毕得,5g,5,g,1,487.9,running_out,zhuminghui,20240827
14221-01-3,四(三苯基膦)钯,Tetrakis(triphenylphosphine)palladium,毕得,10g,10,g,1,496,running_out,zhuminghui,20240827
3375-31-3,醋酸钯,Palladium(II) acetate,毕得,5g,5,g,1,1582,running_out,zhuminghui,20240827
2538-68-3,"吩嗪-1-羧酸
",Phenazine-1-carboxylic acid,毕得,1g,1,g,1,313.6,running_out,zhuminghui,20240827
66086-33-7,"丁炔二酸二叔丁
",Di-Tert-Butyl But-2-Ynedioate,Admas,1 g,1,g,1,392.25,not_stocked,chengzengrui,20240827
3945-69-5,"4-(4,6-二甲氧基三嗪-2-基)-4-甲基吗啉鎓氯化物","4-(4,6-Dimethoxy-1,3,5-triazin-2-yl)-4-methylmorpholin-4-ium chloride",毕得,10 g,10,g,1,39.9,not_stocked,chengzengrui,20240827
89488-29-9,"2-溴-4-甲氧基吡啶
",2-Bromo-4-methoxypyridine,乐研,10 g,10,g,1,433.3,running_out,chengzengrui,20240827
4301-14-8,乙炔基溴化镁,"Ethynylmagnesium bromide, 0.5 M solution in THF, J&KSeal",百灵威J&K,100 mL,100,mL,1,143,running_out,chengzengrui,20240827
246047-72-3,"1,3-双(2,4,6-三甲基苯基)-2-(咪唑烷亚基)(二氯苯亚甲基)(三环己基膦)钌","(1,3-Bis(2,4,6-trimethylphenyl)-2-imidazolidinylidene)dichloro(phenylmethylene)(tricyclohexylphosphine)ruthenium
",毕得,1 g,1,g,1,112.7,not_stocked,chengzengrui,20240827
1968/12/2,"N,N-二甲基甲酰胺",DMF,,500mL,500,mL,1,57,not_stocked,zhuminghui,20240827
620-08-6,"4-甲氧基吡啶
",4-Methoxypyridine,毕得,100gx2,100,g,2,372,running_out,zhuminghui,20240827
10309-37-2,"(S,E)-4-(3,7-二甲基-3-乙烯基辛基-1,6-二烯-1-基)苯酚","(S,E)-4-(3,7-Dimethyl-3-vinylocta-1,6-dien-1-yl)phenol",毕得医药,250mg,250,mg,1,372.4,reorder,huangyilei,20240827
527-54-8,3，4，5-三甲基苯酚,3，4，5-Trimethylphenol,迈瑞达,250mg,250,mg,1,64,not_stocked,huangyilei,20240827
472-41-3,"4-(2,2,4-三甲基色满-4-基)苯酚"," 4-(2,2,4-Trimethylchroman-4-yl)phenol",毕得医药,250mg,250,mg,1,195.3,not_stocked,huangyilei,20240827
,4-(丙-1-烯-2-基)苯酚,4-(Prop-1-en-2-yl)phenol,毕得医药,250mg,250,mg,1,84.7,not_stocked,huangyilei,20240827
866546-09-0,"3-溴-5-氯-1H-吡咯并[2,3-B]吡啶","3-bromo-5-chloro-1H-pyrrolo[2,3-b]pyridine",毕得医药,5g,5,g,1,191.8,not_stocked,xuguofeng,20240828
72287-26-4,DPPF二氯化钯,"[1,1'-Bis(diphenylphosphino)ferrocene]dichloropalladium(II)",毕得医药,1g,1,g,1,98.7,not_stocked,xuguofeng,20240828
87789-51-3,2-氯-5-氟-4-(甲硫基)嘧啶,2-Chloro-5-fluoro-4-(methylthio)pyrimidine,毕得医药,5g,5,g,1,572.6,not_stocked,xuguofeng,20240828
1193-82-4,甲基苯基亚砜,(Methylsulfinyl)benzene,毕得医药,5g,5,g,1,42,not_stocked,huzhibin,20240828
107-15-3,乙二胺,Ethylenediamine,通广,500ml,500,mL,1,144,running_out,huzhibin,20240828
110-70-3,"N,N'-二甲基乙二胺","N1,N2-Dimethylethane-1,2-diamine",毕得医药,5g,5,g,1,24.5,running_out,huzhibin,20240828
497-19-8,"碳酸钠,无水","Sodium Carbonate
",泰坦,500g,500,g,1,14,common_public,huzhibin,20240828
1730-48-9,6-甲氧基-1，2，3，4-四氢萘,"	6-Methoxy-1，2，3，4-tetrahydronaphthalene",迈瑞达,5 mL,5,mL,1,143,not_stocked,wangxi,20240828
833-48-7,,"10,11-Dihydro-5h-Dibenzo[a,d]Cycloheptene",源叶,1g,1,g,1,161.8,not_stocked,wangxi,20240828
95-54-5,"邻苯二胺
",o-Phenylenediamine,伊诺凯,25g,25,g,1,64,running_out,zhuminghui,20240828
546-67-8,"四乙酸铅
",Lead(IV) acetate,伊诺凯,100gx2,100,g,2,438,running_out,zhuminghui,20240828
95-78-3,"	2,5-二甲基苯胺","	2,5-Dimethylaniline
",jk,75g,75,g,1,153,running_out,zhuminghui,20240828
920-66-1,"	六氟异丙醇","	HFIP
",毕得,500G,500,g,1,179.9,running_out,admin,20240715
108-24-7,乙酸酐,Acetic anhydride,校内库房（国药）,500 ml,500,mL,1,58,running_out,admin,20240617
2198-66-5,2-溴-4-叔丁基苯酚,2-Bromo-4-tert-butylphenol,毕得医药,10g,10,g,1,26.6,not_stocked,huangyilei,20240829
38941-98-9,4-(叔丁基)-2-碘苯酚, 4-(tert-Butyl)-2-iodophenol,毕得医药,1g,1,g,1,150.5,not_stocked,huangyilei,20240829
3209-13-0,3-甲氧基-5-甲基苯酚 ,3-Methoxy-5-methylphenol,毕得医药,250mg,250,mg,1,83.3,not_stocked,huangyilei,20240829
82121-06-0,7-溴-4-羟基喹啉,7-BROMO-4-HYDROXYQUINOLINE,毕得医药,5g,5,g,1,120.4,not_stocked,xuguofeng,20240830
141095-78-5,2 - 溴 - 1 - (四氢 - 2H - 吡喃 - 4 - 基)乙酮,2-BroMo-1-(Tetrahydro-pyran-4-yl)-ethanot_stocked,毕得医药,1g,1,g,1,254.1,not_stocked,xuguofeng,20240830
273-09-6,"	苯并呋喃","	BENZOFURAZAN
",jk,,,,1,113,not_stocked,zhuminghui,20240830
822-67-3,2-环己烯-1-醇,Cyclohex-2-enol,毕得,1 g,1,g,1,47.6,not_found,wangxi,20240831
84-16-2,己烷雌酚,Hexestrol,迈瑞达,1g,1,g,1,168,not_stocked,huangyilei,20240901
22802-37-5,"2,3-二甲基-4-溴苯酚"," 4-Bromo-2,3-dimethylphenol",毕得医药,1g,1,g,1,88.2,not_stocked,huangyilei,20240901
61166-00-5,"3,3′-亚乙基二氧二苯酚","3,3′-(Ethylenedioxy)diphenol",Aladdin,5g,5,g,1,240.94,not_stocked,huangyilei,20240901
79326-96-8,3-硝基苯磺酸一水合物, 3-Nitrobenzenesulfonic acid hydrate,毕得医药,1g,1,g,1,182.7,not_stocked,huangyilei,20240901
1570-45-2,异烟酸乙酯, Ethyl isonicotinate,毕得医药,100g,100,g,1,73.5,not_stocked,huangyilei,20240901
920-66-1,"1,1,1,3,3,3-六氟丙-2-醇"," 1,1,1,3,3,3-Hexafluoropropan-2-ol",毕得医药,100g,100,g,1,69.3,not_stocked,huangyilei,20240901
3483/12/3,DL-二硫苏糖醇(DTT), DL-dithiothreitol,欣恒研,5g,5,g,1,190,not_stocked,huangyilei,20240901
62-53-3,苯胺,    Aniline,MREDA,100mL,100,mL,1,14.5,not_stocked,huangyilei,20240901
1121-60-4,2-吡啶甲醛,2-Pyridinecarboxaldehyde,毕得医药,25g,25,g,1,44.1,not_stocked,huangyilei,20240901
866546-09-0,"3-溴-5-氯-1H-吡咯并[2,3-b]吡啶?","3-Bromo-5-chloro-1H-pyrrolo[2,3-b]pyridine",毕得,5g,5,g,1,191.8,running_out,xuguofeng,20240902
693-25-4,戊烷溴化镁,Pentylmagnesium Bromide,欣恒研,100mL,100,mL,1,171,not_stocked,wangxi,20240902
109-99-9,四氢呋喃,Tetrahydrofuran,通广,AR 500ML,,,1,190,running_out,huangyilei,20240902
68109-03-5,,Tetrabutylammonium decatungstate,毕得医药,100mg,100,mg,1,101.5,not_stocked,zhaobinzhi,20240902
16774-21-3,"	硝酸铈铵",Ceric ammonium nitrate,阿拉丁,100 g x 2,100,g,2,22.4,running_out,wangxi,20240903
3878-44-2,硒化三苯膦,TRIPHENYLPHOSPHINE SELENIDE,阿拉丁,5g,5,g,1,500,not_stocked,zhuminghui,20240903
4333-62-4,"1,3-二甲基碘化咪唑 ","1,3-Dimethyl-1H-imidazol-3-ium",毕得,25g,25,g,1,63,not_stocked,zhuminghui,20240903
2622-14-2,"三环己基膦
",Tricyclohexylphosphine,毕得,10g,10,g,1,37,degraded,zhuminghui,20240903
13965-03-2,双(三苯基膦)二氯化钯(II),Dichlorobis(triphenylphosphine)palladium(II),百灵威J&K,5g,5,g,1,345,running_out,huzhibin,20240904
70-55-3,对甲苯磺酰胺, 4-Methylbenzenesulfonamide,毕得,100g,100,g,1,42,not_stocked,zhuminghui,20240904
13826-27-2,"2,2'-联苯并[d][1,3,2]二氧硼戊环",",2'-Bibenzo[d][1,3,2]dioxaborole",毕得医药,25g,25,g,1,123.2,running_out,huangyilei,20240904
106-22-9,"3,7-二甲基辛-6-烯-1-醇","3,7-Dimethyloct-6-en-1-ol",毕得医药,100g,100,g,1,46.9,not_stocked,huangyilei,20240904
106-24-1,"(E)-3,7-二甲基辛烷-2,6-二烯-1-醇"," (E)-3,7-Dimethylocta-2,6-dien-1-ol",毕得医药,25g,25,g,1,25.9,not_stocked,huangyilei,20240904
38730-39-1,"2,4-二溴-3,5-二甲基苯酚"," 2,4-dibromo-3,5-dimethylphenol",罗恩,25g,25,g,1,115,not_stocked,huangyilei,20240904
1571-75-1,"4,4-(1-苯基乙烷-1,1-二基)二苯酚"," 4,4-(1-Phenylethane-1,1-diyl)diphenol",毕得医药,5g,5,g,1,37.1,not_stocked,huangyilei,20240904
56718-71-9,对甲氧乙基苯酚, p-(2-Methoxyethyl) phenol,毕得医药,5g,5,g,1,23.8,not_stocked,huangyilei,20240904
88798-13-4,3-(二氟甲氧基)苯酚,3-(Difluoromethoxy)phenol,毕得医药,1g,1,g,1,137.2,not_stocked,huangyilei,20240904
5085-95-0,1，4-双(3-羟基苯氧基)苯, 1，4-Bis(3-hydroxyphenoxy)benzene,MREDA,200mg,200,mg,1,173.5,not_stocked,huangyilei,20240904
22080-96-2,"4-羟基-2,6-二甲氧基苯甲醛","2,6-Dimethoxy-4-hydroxybenzaldehyde",毕得医药,1g,1,g,1,57.4,not_stocked,huangyilei,20240904
855400-66-7,3-溴-5-甲氧基苯酚, 3-Bromo-5-methoxyphenol,毕得医药,1g,1,g,1,135.1,not_stocked,huangyilei,20240904
65262-96-6,3-氯-5-甲氧基苯酚,3-Chloro-5-methoxyphenol,毕得医药,1g,1,g,1,81.9,not_stocked,huangyilei,20240904
106-42-3,对二甲苯,,通广,500mL*3,500,ml,3,32.2,running_out,zhaobinzhi,20240904
123-86-4,乙酸丁酯,,通广,500mL*5,500,ml,5,13,running_out,zhaobinzhi,20240904
110-82-7,环己烷,"
Cyclohexane",通广,500mL*2,500,ml,2,11,not_stocked,zhaobinzhi,20240904
540-88-5,乙酸叔丁酯,Tert-butyl acetate,伊诺凯,100ML,100,mL,1,36,common_public,huzhibin,20240904
920-66-1,"1,1,1,3,3,3-六氟丙-2-醇","1,1,1,3,3,3-Hexafluoropropan-2-ol",毕得,100g,100,g,1,69.3,common_public,huzhibin,20240904
121-03-9,对硝基苯基邻磺酸,p-Nitrotoluene-o-sulfonic acid,"乐研
","10g	",10,g,1,21,not_stocked,huzhibin,20240904
13737-04-7,2-三甲硅基吡啶 ,2-(Trimethylsilyl)pyridine,毕得,5g,5,g,1,116.2,not_stocked,huzhibin,20240904
63428-13-7,泰万菌素（已取消，换另一个）,Tylvalosin tartrate,毕得,25G,25,g,1,224.7,not_stocked,mengjunhong,20240905
74610-55-2,酒石酸泰洛星,Tylosin tartrate,安耐吉,100G,100,g,1,90,not_stocked,mengjunhong,20240905
13463-67-7,纳米二氧化钛,Titanium dioxide,罗恩,1g,1,g,1,25.2,not_stocked,zhaobinzhi,20240905
1293990-73-4,O-新戊酰羟胺三氟甲磺酸盐 ,O-Pivaloylhydroxylamine trifluoromethanesulfonate,毕得,5g,5,g,1,408,not_stocked,zhuminghui,20240905
91-60-1,2-萘硫酚,Naphthalene-2-thiol,乐研,10 g,10,g,1,129.5,running_out,wangxi,20240905
623-08-5,N-甲基对甲苯胺,"N,4-Dimethylaniline ",乐研,25 g,25,g,1,21.7,running_out,wangxi,20240905
939-90-2,反式-2-苯基环丙烷-羧酸,trans-2-Phenylcyclopropanecarboxylic acid,毕得,10g,10,g,1,183.4,not_stocked,mengjunhong,20240906
14044-65-6,硼烷四氢呋喃络合物,Borane-tetrahydrofuran complex,百灵威,200mL,200,mL,1,102,running_out,mengjunhong,20240906
4064/6/6,"((3aR,5R,5aS,8aS,8bR)-2,2,7,7-四甲基四氢-3aH-双([1,3]二氧杂戊环)[4,5-b:4',5'-d]吡喃-5-基)甲醇","((3aR,5R,5aS,8aS,8bR)-2,2,7,7-Tetramethyltetrahydro-3aH-bis([1,3]dioxolo)[4,5-b:4',5'-d]pyran-5-yl)methanol",毕得医药,1g,1,g,1,25.2,running_out,huangyilei,20240906
2444-19-1,4-羟基苯基 苯甲酸酯,4-Hydroxyphenyl benzoate,毕得医药,1g,1,g,1,77,not_stocked,huangyilei,20240906
461-84-7,4-(三氟甲硫基)苯酚,4-(Trifluoromethylthio)phenol,毕得医药,25g,25,g,1,30.8,not_stocked,huangyilei,20240906
126070-20-0,4-(((叔丁基二甲基甲硅烷基)氧基)甲基)苯酚,4-(((tert-Butyldimethylsilyl)oxy)methyl)phenol,毕得医药,250mg,250,mg,1,172.2,not_stocked,huangyilei,20240906
18274-81-2,"5-(4-羟基苯基)-3H-1,2-二硫-3-硫酮","5-(4-Hydroxyphenyl)-3H-1,2-dithiole-3-thione",毕得医药,250mg,250,mg,1,217,not_stocked,huangyilei,20240906
5471-51-2,4-(4-羟基苯基)-2-丁酮,4-(4-Hydroxyphenyl)-2-butanot_stocked,安耐吉,25g,25,g,1,20,not_stocked,huangyilei,20240906
60-82-2,"2',4',6'-三羟基-3-(4-羟基苯基)苯丙酮","3-(4-Hydroxyphenyl)-1-(2,4,6-trihydroxyphenyl)propan-1-one",毕得医药,1g,1,g,1,21.7,not_stocked,huangyilei,20240906
7300-91-6,4-马来酰亚胺基苯酚,"1-(4-Hydroxyphenyl)-1H-pyrrole-2,5-dione",毕得医药,5g,5,g,1,24.5,not_stocked,huangyilei,20240906
34071-95-9,羟苯基丙酸N-羟基琥珀酰亚胺酯,3-(p-Hydroxyphenyl)propionicacid-N-hydroxysuccinimideester,乐研,250mg,250,mg,1,302.4,not_stocked,huangyilei,20240906
358-23-6,三氟甲磺酸酐,Trifluoromethanesulfonic anhydride,毕得医药,25g,25,g,1,53.9,not_stocked,huangyilei,20240907
34946-82-2,三氟甲磺酸铜 ,Copper(II) trifluoromethanesulfonate,毕得医药,5g,5,g,1,25.9,not_stocked,huangyilei,20240907
112-88-9,1-十八烯,1-Octadecene,毕得,100G,100,g,1,42.7,not_stocked,mengjunhong,20240909
866546-09-0,"3-溴-5-氯-1H-吡咯并[2,3-b]吡啶","3-Bromo-5-chloro-1H-pyrrolo[2,3-b]pyridine",毕得,10g,10,g,1,362.6,running_out,xuguofeng,20240909
71441-28-6,"4-[(E)-2-(5,6,7,8-四氢-5,5,8,8-四甲基-2-萘基)-1-丙烯基]苯甲酸","(E)-4-(2-(5,6,7,8-Tetrahydro-5,5,8,8-tetramethyl-2-naphthalenyl)-1-propen-1-yl)benzoic acid",毕得,50mg,50,mg,1,568.4,not_stocked,xuguofeng,20240909
1421227-53-3,N-(6-(4-(2-((4-((4-甲基哌嗪-1-基)甲基)-3-(三氟甲基)苯基)氨基)-2-氧乙基)苯氧基)嘧啶-4-基)环丙酰胺,4-[[6-[(cyclopropylcarbonyl)amino]-4-pyrimidinyl]oxy]-N-[4-[(4-methyl-1-piperazinyl)methyl]-3-(trifluoromethyl)phenyl]-benzeneacetamide,毕得,10mg,10,mg,1,189.7,not_stocked,xuguofeng,20240909
56-81-5,甘油,Glycerol,麦克林(Macklin),500mL,500,mL,1,47.2,running_out,yanglicheng,20240909
557-34-6,醋酸锌,Zinc acetate,毕得,100g,100,g,1,40.6,running_out,huzhibin,20240909
7681-65-4,碘化亚铜,Copper(I) iodide,毕得,25g,25,g,1,35.7,running_out,huzhibin,20240909
694-59-7,吡啶-N-氧化物,Pyridine 1-oxide,毕得,25g,25,g,1,83.3,degraded,huzhibin,20240909
35836-73-8,"2-((1R,5S)-6,6-二甲基双环[3.1.1]庚烷-2-烯-2-基)乙醇"," 2-((1R,5S)-6,6-Dimethylbicyclo[3.1.1]hept-2-en-2-yl)ethanol",毕得医药,25g,25,g,1,74.9,not_stocked,huangyilei,20240909
177-11-7,"1,4-二氧杂-8-氮杂螺[4.5]癸烷","1,4-Dioxa-8-azaspiro[4.5]decane",毕得医药,10g,10,g,1,53.2,not_stocked,huangyilei,20240909
110-46-3,亚硝酸异戊酯," Isopentyl nitrite, 98%",百灵威J&K,100ML,100,mL,1,294.95,running_out,huangyilei,20240909
65-22-5,吡哆醛盐酸盐,Pyridoxalhydrochloride,乐妍,5g,5,g,1,69.3,not_stocked,huangyilei,20240909
128607-22-7,奥培米芬,Ospemifene,阿拉丁,1g,1,g,1,264.34,not_stocked,huangyilei,20240909
56-75-7,氯霉素 ,Chloramphenicol,,5g,5,g,1,18,not_stocked,huangyilei,20240909
4143-63-9,4'-羟基黄酮, 4'-Hydroxyflavone,MREDA,1g,1,g,1,334,not_stocked,shihongwei,20240910
142-71-2,无水醋酸铜,Cupric acetate anhydrous,伊诺凯,25g,25,g,1,16,running_out,huzhibin,20240910
380430-58-0,E)-(4-(3-甲氧基-3-氧代丙-1-烯-1-基)苯基)硼酸 ,(E)-(4-(3-Methoxy-3-Oxoprop-1-En-1-Yl)Phenyl)Boronic Acid,Adamas,1g,1,g,1,320,not_stocked,shihongwei,20240910
1462-03-9,"2,3-丁二烯酸乙酯","Ethyl buta-2,3-dienoate",毕得,1G,1,g,1,268.1,not_stocked,huzhibin,20240911
775304-57-9,"3-[5-(2-氟苯基)-1,2,4-噁二唑-3-基]苯甲酸"," 3-(5-(2-Fluorophenyl)-1,2,4-oxadiazol-3-yl)benzoic acid",毕得,1 g,1,g,1,206.5,not_stocked,wangxi,
599-00-8,氘代三氟乙酸,Trifluoroacetic acid-d(TMS),乐研,,,,1,,running_out,admin,
72002-25-6,N-甲基-1-咪唑甲酰胺,N-Methyl-1-imidazolecarboxamide,毕得,250mg,250,mg,1,26.6,not_stocked,huzhibin,20240913
104-12-1,对氯苯基异氰酸酯,4-Chlorophenylisocyanate,毕得,25g,25,g,1,25.9,running_out,huzhibin,20240913
622-58-2,对甲基苯异氰酸酯,1-Isocyanato-4-methylbenzene,毕得,5g,5,g,1,25.2,running_out,huzhibin,20240913
5416-93-3,4-甲氧基苯异氰酸酯,4-Methoxyphenylisocyanate,毕得,1g,1,g,1,34.3,running_out,huzhibin,20240913
1548-13-6,4-三氟甲基苯异氰酸酯,4-(Trifluoromethyl)phenylisocyanate,毕得,1g,1,g,1,26.6,running_out,huzhibin,20240913
29684-56-8,N-(三乙基铵磺酰)氨基甲酸甲酯,Burgess reagent,毕得,5g,5,g,1,30.8,running_out,huzhibin,20240913
1122-83-4,N-亚磺酰苯胺,N-Sulfinylbenzenamine,毕得,5g,5,g,1,36.4,not_stocked,huzhibin,20240913
10124-78-4,2-异氰基萘,2-Isocyanonaphthalene,毕得,1g,1,g,1,126,not_stocked,huzhibin,20240913
103-72-0,异硫氰酸苯酯,Isothiocyanatobenzene,伊诺凯,5g,5,g,1,20.25,not_stocked,huzhibin,20240913
21256-18-8,"3-(4,5-二苯基噁唑-2-基)丙酸","3-(4,5-Diphenyloxazol-2-yl)propanoic acid",欣恒研,5 g,5,g,1,78.4,not_found,wangxi,20240913
81-23-2,脱氢胆酸,Dehydrocholic acid,毕得,5 g,5,g,1,56,running_out,wangxi,20240913
83249-10-9,双环[1.1.1]戊烷-1-羧酸-3-羧酸甲酯 ,3-(Methoxycarbonyl)bicyclo[1.1.1]pentane-1-carboxylic acid,毕得,1 g,1,g,1,55.3,not_stocked,wangxi,20240913
68539-16-2,"2,3:4,6-二亚异丙基-2-酮-L-古龙酸一水物"," 2,3:4,6-Di-O-isopropylidene-2-keto-L-gulonicacidmonohydrate",毕得,5 g,5,g,1,29.4,not_stocked,wangxi,20240913
873924-12-0,7-(叔丁氧基羰基)-7-氮杂螺[3.5]壬烷-2-羧酸,7-(tert-Butoxycarbonyl)-7-azaspiro[3.5]nonane-2-carboxylic acid,毕得,1 g,1,g,1,170.1,not_stocked,wangxi,
91-60-1,2-萘硫酚,Naphthalene-2-thiol,乐研,10 g,10,g,1,202.3,not_stocked,wangxi,20240913
14296-92-5,Boc-甘氨酸-L-脯氨酸,Boc-Gly-Pro-OH,毕得,5 g,5,g,1,122.5,running_out,wangxi,20240913
1125-78-6,"5,6,7,8-四氢-2-萘酚","5,6,7,8-Tetrahydro-2-naphthol",毕得,10 g,10,g,1,61.6,running_out,wangxi,20240913
4411-80-7,"6,6'-二甲基-2,2'-联吡啶","6,6'-Dimethyl-2,2'-bipyridine",毕得医药,5g,5,g,1,82.6,running_out,huangyilei,20240913
366-18-7,"2,2'-联吡啶","2,2'-Bipyridine",毕得医药,25g,25,g,1,32.2,running_out,huangyilei,20240913
149377-19-5,4-(4-羟基苯基)哌啶-1-羧酸叔丁酯,tert-Butyl 4-(4-hydroxyphenyl)piperidine-1-carboxylate,毕得医药,250mg,250,mg,1,356.3,running_out,huangyilei,20240913
105640-07-1,4-(4-羟基苯基)环己酮,4-(4-Hydroxyphenyl)cyclohexanot_stocked,毕得医药,5g,5,g,1,39.2,running_out,huangyilei,20240913
20817-72-5,豆固酮,STIGMASTADIEnot_stocked,伊诺凯,1G,1,g,1,1000,not_stocked,mengjunhong,20240914
128-09-6,N-氯代丁二酰亚胺,"1-Chloropyrrolidine-2,5-dione",毕得医药,25 g,25,g,1,44.1,running_out,chenyichi,20240915
42152-44-3,三氟甲磺酸亚铜,Trifluoromethylsulfonyloxy) copper(I),毕得医药,5 g,5,g,1,77,running_out,chenyichi,20240915
7778-53-2,磷酸钾 ,Potassium phosphate,毕得医药,100g,100,g,1,39.9,running_out,huangyilei,20240915
61790-53-2,,diatomite,泰坦,1 kg,1,kg,1,34,not_stocked,wangxi,20240916
133745-75-2,N-氟代双苯磺酰胺,"	N-Fluorobenzenesulfonimide",毕得医药,100 g,100,g,1,70.7,running_out,chenyichi,20240917
7446-70-0,无水三氯化铝,Aluminium chloride AR,安徽泽升,100 g,100,g,1,20,running_out,chenyichi,20240917
23193-18-2,"丙酮丙二酸二乙酯
",Diethyl Acetonylmalonate,TCI,1 g,1,g,1,328,not_stocked,chengzengrui,
41302-34-5,"2-氧环己烷羧酸甲酯
",Methyl 2-oxocyclohexanecarboxylate,毕得医药,5 g,5,g,1,87.5,not_stocked,chengzengrui,20240917
3017-70-7,"2-溴-3-甲基-2-丁烯
",2-Bromo-3-methyl-2-butene,毕得医药,1 g,1,g,1,339.5,not_stocked,chengzengrui,20240917
1660-93-1,"3,4,7,8-四甲基-1,10-菲罗啉","3,4,7,8-Tetramethyl-1,10-phenanthroline",毕得医药,1 g,1,g,1,34.3,not_stocked,chengzengrui,20240917
118628-68-5,"(1R,2R)-N,N'-二甲基-1,2-二苯基-1,2-二乙胺","(1R,2R)-N,N'-Dimethyl-1,2-diphenylethane-1,2-diamine",毕得医药,250 mg,250,mg,1,51.1,not_stocked,chengzengrui,20240917
40473-01-6,"2-溴-5-氯吡啶
",2-Bromo-5-chloropyridine,毕得医药,25 g,25,g,1,46.9,not_stocked,chengzengrui,20240917
1148-79-4,"2,2':6',2""-三联吡啶","2,2':6',2''-Terpyridine",毕得医药,1 g,1,g,1,63.7,not_stocked,chengzengrui,20240917
115091-29-7,"4,4',4''-三叔丁基-2,2':6',2''-三联吡啶 ","4,4',4''-Tri-tert-butyl-2,2':6',2''-terpyridine",毕得医药,100 mg,100,mg,1,111.3,not_stocked,chengzengrui,20240917
1423-60-5,"3-丁炔-2-酮
",3-butyn-2-one,麦克林,1 mL,1,mL,1,346,not_stocked,chengzengrui,20240917
944709-74-4,"2-溴-6-甲氧基嘧啶
",2-Bromo-6-methoxypyrimidine,毕得医药,1 g,1,g,1,289.8,not_stocked,chengzengrui,20240917
13894-21-8,"1-(炔磺酰基)-4-甲基苯
",Ethynyl p-Tolyl Sulfone,毕得医药,1 g,1,g,1,191.8,not_stocked,chengzengrui,20240917
7785-70-8,"(1R)(+)α蒎烯
",(1R)-(+)-α-Pinene,毕得医药,5 g,5,g,1,49.3,running_out,chengzengrui,20240917
154229-18-2,醋酸阿比特龙,Abiraterone acetate,Adamas,250 mg,250,mg,1,212.1,running_out,chengzengrui,20240917
128-09-6,N-氯代丁二酰亚胺,"1-Chloropyrrolidine-2,5-dione",毕得医药,100g,100,g,1,44.1,high_usage,sulingyu,20240917
161265-03-8,"4,5-双(二苯基膦)-9,9-二甲基氧杂蒽","(9,9-Dimethyl-9H-xanthene-4,5-diyl)bis(diphenylphosphine)",毕得医药,"10g	",10,g,1,48.3,running_out,sulingyu,20240917
51364-51-3,三(二亚苄基丙酮)二钯(0),Tris(dibenzylideneacetone)dipalladium(0),毕得医药,5g,5,g,1,543.2,running_out,sulingyu,20240917
13771-68-1,5-溴苯并[b]噻吩-2-羧酸乙酯,Ethyl 5-bromobenzo[b]thiophene-2-carboxylate,毕得医药,5g,5,g,1,607.6,running_out,sulingyu,20240917
7631-86-9,石英砂（20-40目）,,Greagent,500g*20,500,g,20,360,running_out,sunyichen,20240918
402-67-5,"	3-氟硝基苯",1-Fluoro-3-nitrobenzene,乾元新景,25 g,25,g,1,52.8,running_out,chenyichi,20240918
98-95-3,硝基苯,Nitrobenzene,通广精细,500 ml,500,mL,1,36,running_out,chenyichi,20240918
13154-24-0,三异丙氯硅烷,Triisopropylsilyl chloride,伊诺凯,25g,25,g,1,24,running_out,huzhibin,20240918
109-99-9,四氢呋喃,Tetrahydrofuran,通广精细,500ml*2,500,ml,2,38,common_public,huzhibin,20240918
1975/5/8,乙腈,Acetonitrile,通广精细,500ml*2,500,ml,2,33,common_public,huzhibin,20240918
108-88-3,甲苯,Toluene,通广精细,500ml*2,500,ml,2,28,common_public,huzhibin,20240918
91053-39-3,硅藻土,diatomite,泰坦,500g*2,500,g,2,17,common_public,huzhibin,20240918
108-95-2,苯酚,Phenol,百灵威,50g,50,g,1,25.5,degraded,huzhibin,20240918
224452-66-8,瑞他莫林,RETAPAMULIN,毕得医药,1 g,1,g,1,434,not_stocked,mengjunhong,20240918
56-81-5,甘油,Glycerol,伊诺凯,500mL,500,mL,1,24,running_out,mengjunhong,20240918
37942-01-1,,5-Bromo-2-methoxyphenol,百灵威J&K,5 g,5,g,1,29,not_stocked,wangxi,20240920
144060-53-7,2-(3-氰基-4-异丁氧基苯基)-4-甲基噻唑-5-甲酸,2-(3-Cyano-4-isobutoxyphenyl)-4-methylthiazole-5-carboxylic acid,毕得,5 g,5,g,1,62.3,not_stocked,wangxi,20240920
54274-80-5,反式-甲基-4-甲酰基环己烷羧酸,trans-Methyl 4-formylcyclohexanecarboxylate,毕得,1 g,1,g,1,308,not_stocked,wangxi,20240920
107263-95-6,1-氟吡啶三氟甲烷磺酸盐,1-Fluoropyridinium triflate,安耐吉,5 g,5,g,1,137.7,running_out,chenyichi,20240920
14906-59-3,4-氰基吡啶N-氧化物,4-Cyanopyridine 1-oxide,毕德,25 g,25,g,1,77,not_stocked,chenyichi,20240921
3783-38-8,异烟酸甲酯-N-氧化物,Methylisonicotinate-N-Oxide,罗恩,1 g*2,1,g,2,95.2,not_stocked,chenyichi,20240921
1124-33-0,4-硝基吡啶-N-氧化物,4-Nitropyridine 1-oxide,毕德,25 g,25,g,1,54.6,running_out,chenyichi,20240921
1975/9/2,超干二氯甲烷,Dichloromethane,安耐吉,500mL,500,mL,1,58,not_stocked,pengjing,20240921
2456-81-7,4-吡咯烷基吡啶,4-Pyrrolidinopyridine,毕得,10g,10,g,1,39.2,not_stocked,pengjing,20240921
1074-98-2,3-甲基-4-硝基吡啶-N-氧化物,3-Methyl-4-nitropyridine 1-oxide,毕德,5 g,5,g,1,59.5,not_stocked,chenyichi,20240922
5470-66-6,2-甲基-4-硝基吡啶-N-氧化物,4-Nitro-2-picoline N-oxide,毕德,5 g,5,g,1,53.9,not_stocked,chenyichi,20240922
108149-63-9,"(R)-N-Boc-2,2-二甲基-4-(羟甲基)噁唑烷"," (R)-tert-Butyl 4-(hydroxymethyl)-2,2-dimethyloxazolidine-3-carboxylate",毕得医药,1g,1,g,1,129.5,not_stocked,huangyilei,20240922
24324-17-2,芴甲醇,9-Fluorenemethanol,毕得医药,25g,25,g,1,28.7,not_stocked,huangyilei,20240922
40150-92-3,1-(4-异丁基苯基)乙醇,1-(4-异丁基苯基)乙醇,毕得医药,1g,1,g,1,285.6,not_stocked,huangyilei,20240922
770-71-8,1-金刚烷甲醇,Adamantan-1-ylmethanol,毕得医药,5g,5,g,1,28.7,not_stocked,huangyilei,20240922
1121-92-2,氮杂环辛烷, Azocane,毕得医药,250mg,250,mg,1,140,not_stocked,huangyilei,20240922
1502-03-0,环十二胺,Cyclododecanamine,毕得医药,1g,1,g,1,84,not_stocked,huangyilei,20240922
17768-41-1,1-胺甲基金刚烷, Adamantan-1-ylmethanamine,毕得医药,1g,1,g,1,73.5,not_stocked,huangyilei,20240922
113451-59-5,"(1S,4S)-2-BOC-2,5-二氮双环[2.2.1]庚烷","(1S,4S)-2-Boc-2,5-diazabicyclo[2.2.1]heptane",毕得医药,1g,1,g,1,33.6,not_stocked,huangyilei,20240922
147459-51-6,"顺式-八氢-1H-吡咯并[3,4-b]吡啶","cis-Octahydro-1H-pyrrolo[3,4-b]pyridine",毕得医药,250mg,250,mg,1,128.1,not_stocked,huangyilei,20240922
336191-17-4,"2,8-二氮杂螺[4.5]癸-2-羧酸叔丁酯"," tert-Butyl 2,8-diazaspiro[4.5]decane-2-carboxylate",毕得医药,250mg,250,mg,1,63.7,not_stocked,huangyilei,20240922
1041026-70-3,"2,6-二氮杂螺[3.3]庚烷-2-甲酸叔丁酯"," tert-Butyl 2,6-diazaspiro[3.3]heptane-2-carboxylate",毕得医药,250mg,250,mg,1,133,not_stocked,huangyilei,20240922
2523-55-9,反式 4-甲基环己胺,trans-4-Methylcyclohexylamine,毕得医药,1g,1,g,1,22.4,not_stocked,huangyilei,20240922
697235-49-7,2-(3-(4-羟基苯基)丙酰氨基)苯甲酸 ," 2-(3-(4-Hydroxyphenyl)propanamido)benzoic acid
货号BD708603",毕得医药,5g,5,g,1,91,not_stocked,huangyilei,20240922
81936-33-6,反式-4-丙基环己基苯酚,4-(Trans-4-propylcyclohexyl)phenol,毕得医药,25g,25,g,1,53.9,not_stocked,huangyilei,20240922
854952-58-2,(9-苯基-9H-咔唑-3-基)硼酸 ,(9-Phenyl-9H-carbazol-3-yl)boronic acid,毕得医药,10g,10,g,1,42,not_stocked,shihongwei,20240922
156353-01-4,N-甲氧基-N-甲基四氢吡喃-4-甲酰胺,N-Methoxy-N-Methyltetrahydropyran-4-carboxaMide,乐研,250mg,250,mg,1,37.1,not_stocked,xuguofeng,20240923
141095-78-5,2 - 溴 - 1 - (四氢 - 2H - 吡喃 - 4 - 基)乙酮,2-BroMo-1-(Tetrahydro-pyran-4-yl)-ethanot_stocked,毕得医药,100mg,100,mg,1,56.7,running_out,xuguofeng,20240923
13499-05-3,四氯化铪,Hafnium(IV) chloride,罗恩,5g,5,g,1,100.1,not_stocked,xingyihong,20240923
3360-41-6,4-苯基丁醇,4-Phenylbutanol,Adamas,25g,25,g,1,42.75,not_stocked,yanglicheng,20240923
13400-13-0,氟化铯,Cesium fluoride,罗恩,10g,10,g,1,46.2,running_out,huzhibin,20240923
24979-70-2,聚(4-乙烯基苯酚),聚(4-乙烯基苯酚),MREDA,1g,1,g,1,90,not_stocked,huangyilei,20240924
1124-64-7,丁基氯化吡啶,,希恩思,25g,25,g,1,72,running_out,sunyichen,20240924
3141-27-3,"2,5-二溴噻吩","2,5-Dibromothiophene",希恩思,100g,100,g,1,18,not_stocked,shihongwei,20240924
13720-06-4,"2,6-二溴萘","	2,6-DIBROMONAPHTHALENE",希恩思,5g,5,g,1,120,not_stocked,shihongwei,20240924
908350-80-1,4-(2-吡啶基)苯硼酸频哪醇酯 ,"2-(4-(4,4,5,5-Tetramethyl-1,3,2-dioxaborolan-2-yl)phenyl)pyridine",乐研,5g,5,g,1,466.9,not_stocked,shihongwei,20240924
34784-02-6,3-溴异喹啉,3-BROMOISOQUINOLINE,希恩思,5g,5,g,1,339,running_out,shihongwei,20240924
81-25-4,胆酸,Cholic acid,百灵威,25 g,25,g,1,124.1,not_stocked,pengjing,20240924
474-25-9,鹅脱氧胆酸,Chenodeoxycholic acid,百灵威,5 g,5,g,1,120.7,not_stocked,pengjing,20240924
98-59-9,对甲苯磺酰氯,"p-Toluenesulfonyl chloride, 99%",J&K,100G,100,g,1,57.8,running_out,huangyilei,20240924
116-11-0,2-甲氧基丙烯,2-Methoxypropene,Adamas,25g,25,g,1,38,not_stocked,chengzengrui,20240924
69739-34-0,叔丁基二甲基甲硅烷基三氟甲磺酸酯,tert-Butyldimethylsilyl trifluoromethanesulfonate,毕得,25g,25,g,1,49.7,running_out,chengzengrui,20240924
1975/5/8,超干乙腈,"Acetonitrile, 99.9%, extra dry with molecular sieves, Water≤30 ppm,in resealable bottle",伊诺凯,500 ml,500,mL,1,198.4,running_out,chengzengrui,20240924
14694-95-2,三苯基膦氯化铑, Tris(triphenylphosphine)chlororhodium,毕得,100 mg,100,mg,1,55.3,not_stocked,chengzengrui,20240924
21193-75-9,"(2R,3R,4R)-2-(羟甲基)-3,4-二氢-2H-吡喃-3,4-二醇","(2R,3R,4R)-2-(Hydroxymethyl)-3,4-dihydro-2H-pyran-3,4-diol",毕得,,,,1,,not_stocked,chengzengrui,20240924
546-67-8,"四乙酸铅
",Lead(IV) acetate,伊诺凯,500g,500,g,1,1822,running_out,zhuminghui,20240925
13170-43-9,(三甲基硅基)甲基氯化镁,TRIMETHYLSILYLMETHYLMAGNESIUM CHLORIDE,阿拉丁,100mL,100,mL,1,103.66,not_stocked,xingyihong,20240925
103-64-0,溴代苏合香烯,beta-Bromostyrene,欣恒研,5 g,5,g,1,73.6,running_out,xingyihong,20240925
1137-42-4,4-羟基二苯甲酮,4-Hydroxybenzophenot_stocked,希恩思,25g,25,g,1,12,not_stocked,xingyihong,20240925
107263-95-6,1-氟吡啶三氟甲烷磺酸盐,1-Fluoropyridinium triflate,阿拉丁,1 g*3,1,g,3,195,not_stocked,chenyichi,20240926
4472-41-7,"氘代N,N二甲基甲酰胺","d7 N,N-Dimethylformamide-d7, 99.5 atom%D",jk,5ml,5,mL,1,1211,not_stocked,zhuminghui,20240926
72707-66-5,2-(溴甲基)丙烯酸,2-(Bromomethyl)acrylic Acid,阿拉丁,1g,1,g,1,520.96,not_stocked,xingyihong,20240927
1945-84-2,2-炔基吡啶,2-Ethynylpyridine,毕得,10g,10,g,1,191.1,running_out,huzhibin,20240927
131274-22-1,三叔丁基膦四氟硼酸盐,Tri-tert-butylphosphine tetrafluoroborate,希恩思,25g,25,g,1,54,not_stocked,shihongwei,20240927
101-70-2,"4,4'-二甲氧基二苯胺","4,4'-DIMETHOXYDIPHENYLAMINE",希恩思,25g,25,g,1,157,running_out,shihongwei,20240927
23150-65-4,L-谷氨酸二甲酯 盐酸盐,H-Glu(OMe)-OMe.HCl,毕得医药,25g,25,g,1,35,not_stocked,huangyilei,20240927
25952-53-8,1-乙基-(3-二甲基氨基丙基)碳酰二亚胺盐酸盐, 1-(3-Dimethylaminopropyl)-3-ethylcarbodiimide hydrochloride,毕得医药,100g,100,g,1,58.8,not_stocked,huangyilei,20240927
2592-95-2,1-羟基苯并三唑,"1H-Benzo[d][1,2,3]triazol-1-ol",毕得医药,100g,100,g,1,67.2,not_stocked,huangyilei,20240927
501-94-0,对羟基苯乙醇,2-(4-Hydroxyphenyl)ethanol,毕得医药,25g,25,g,1,36.4,not_stocked,huangyilei,20240928
534-16-7,碳酸银, Silver(I) carbonate,毕得医药,5g,5,g,1,58.1,running_out,huangyilei,20240928
572-09-8,"(2R,3R,4S,5R,6R)-2-(乙酰氧基甲基)-6-溴四氢-2H-吡喃-3,4,5-三乙酸三酯","(2R,3R,4S,5R,6R)-2-(Acetoxymethyl)-6-bromotetrahydro-2H-pyran-3,4,5-triyl triacetate
",毕得医药,5g,5,g,1,42.7,running_out,huangyilei,20240928
131274-22-1,三叔丁基膦四氟硼酸盐,Tri-tert-butylphosphine tetrafluoroborate,希恩思,25g,25,g,1,54,not_stocked,shihongwei,20240927
3978-80-1,(S)-2-((叔丁氧羰基)氨基)-3-(4-羟基苯基)丙酸,Boc-Tyr-OH,毕得医药,25g,25,g,1,42,running_out,huangyilei,20240929
13734-34-4,N-Boc-L-苯丙氨酸,Boc-Phe-OH,毕得医药,25g,25,g,1,25.9,running_out,huangyilei,20240929
920-66-1,"1,1,1,3,3,3-六氟丙-2-醇","1,1,1,3,3,3-Hexafluoropropan-2-ol",毕得医药,100 g,100,g,1,69.3,running_out,chenyichi,20240929
75-52-5,硝基甲烷,Nitromethane,通广,500 mL,500,mL,1,193,running_out,chenyichi,20240929
26537-19-9,对叔丁基苯甲酸甲酯,Methyl 4-(tert-butyl)benzoate,毕得,100 g,100,g,1,44.8,not_stocked,chenyichi,20240930
87808-48-8,3-氟-4-甲基苯甲酸甲酯,Methyl 3-fluoro-4-methylbenzoate,毕得,1 g,1,g,1,23.8,not_stocked,chenyichi,20240930
99-75-2,对甲基苯甲酸甲酯,Methyl 4-methylbenzoate,麦克林,100 g,100,g,1,102.4,not_found,chenyichi,20240930
201802-29-1,4-双(4-甲氧基苯基)氨基苯基硼酸 ,(4-(Bis(4-methoxyphenyl)amino)phenyl)boronic acid,毕得医药,5g,5,g,1,586.6,running_out,shihongwei,20240722
546-67-8,"四乙酸铅
",Lead(IV) acetate,伊诺凯,500g,500,g,1,1822,running_out,zhuminghui,20240925
3375-31-3,醋酸钯,Palladium (II) Acetate,Sigma-Aldrich,1g,1,g,1,363.35,running_out,sunyichen,20241003
3512-17-2,"2,4,6-三氟吡啶","2,4,6-Trifluoropyridine",毕得医药,1 g*2,1,g,2,187.6,not_stocked,chenyichi,20241003
60871-83-2,三氟甲磺酸镁,Magnesium Trifluoromethanesulfonate,迈瑞达,5g,5,g,1,18,not_stocked,sunyichen,20241003
83-44-3,去氧胆酸,"
Deoxycholic acid",毕得医药,5g,5,g,1,31.5,not_stocked,sunyichen,20241003
13463-67-7,纳米二氧化钛,Titanium dioxide,罗恩,1 g,1,g,1,25.2,not_stocked,zhaobinzhi,20240906
1317-35-7,四氧化三锰,"
Manganese(II,III) oxide",阿拉丁,5g,5,g,1,82.9,not_stocked,zhaobinzhi,20240914
,,Manganese(IV) dioxide,阿拉丁,10 g,10,g,1,23.92,not_stocked,zhaobinzhi,20241001
,,Manganese(II) monoxide,阿拉丁,100g,100,g,1,64,not_stocked,zhaobinzhi,20241001
1317-34-6,三氧化二锰,,阿拉丁,10g,10,g,1,33.52,not_stocked,zhaobinzhi,20241001
110-70-3,"N,N'-二甲基乙二胺","N1,N2-Dimethylethane-1,2-diamine",毕得医药,25g,25,g,1,39.9,running_out,huzhibin,20241004
72762-00-6,吡啶-2-醇,Pyridin-2-ol,毕得医药,25g,25,g,1,31.5,running_out,huzhibin,20241004
13965-03-2,双(三苯基膦)二氯化钯(II),Dichlorobis(triphenylphosphine)palladium(II),百灵威J&K,5g,5,g,1,345,running_out,huzhibin,20241004
6945-67-1,2-溴-4-硝基吡啶,2-Bromo-4-nitropyridine,毕得医药,10g,10,g,1,201.6,not_stocked,huzhibin,20241004
2176-62-7,五氯吡啶,Perchloropyridine,希恩斯,25g,25,g,1,13,not_stocked,huzhibin,20241004
554-68-7,三乙胺盐酸盐,Triethylamine hydrochloride,毕得医药,100g,100,g,1,41.3,not_stocked,huzhibin,20241004
289-80-5,哒嗪,Pyridazine,毕得医药,5g,5,g,1,43.4,not_found,huzhibin,20241004
68109-03-5,,Tetrabutylammonium decatungstate,"乐研
",100mg*2,100,mg,2,81.2,running_out,zhaobinzhi,20241004
402-44-8,4-氟三氟甲苯,1-Fluoro-4-(trifluoromethyl)benzene,毕得医药,100 g,100,g,1,70.7,not_stocked,chenyichi,20241005
1665-00-5,氘代二氯甲烷,METHYLENE CHLORIDE-D2,CIL,10×0.6ml,,,1,420,not_stocked,huzhibin,20241005
1504-58-1,3-苯基-2-丙炔-1-醇,3-Phenylprop-2-yn-1-ol,毕得医药,5g,5,g,1,62.3,not_stocked,huangyilei,20241005
63-45-6,8-(4-氨基-1-甲基丁氨基)-6-甲氧基喹啉二磷酸盐,"N4-(6-Methoxyquinolin-8-yl)pentane-1,4-diamine bis(phosphate)",毕得医药,5g,5,g,1,88.9,not_stocked,huangyilei,20241005
612-96-4,2-苯基喹啉,2-Phenylquinoline,毕得医药,10 g,10,g,1,223.3,running_out,chenyichi,
140681-55-6,"1-氯甲基-4-氟-1,4-二叠氮双环[2.2.2]辛烷双四氟硼酸盐","1-Chloromethyl-4-fluoro-1,4-diazoniabicyclo[2.2.2]octane",麦克林(Macklin),100 g,100,g,1,98.4,running_out,chenyichi,20241006
7803-49-8,羟胺,HYDROXYLAMINE,毕得医药,100g,100,g,1,102.9,running_out,xuguofeng,20241006
762-42-5,丁炔二酸二甲酯,Dimethyl acetylenedicarboxylate,毕得医药,25g,25,g,1,39.2,running_out,xuguofeng,20241006
1003-31-2,2-氰基噻吩,2-Thiophenecarbonitrile,毕得医药,5g,5,g,1,26.6,not_stocked,xuguofeng,20241006
72835-25-7,5-甲基噻吩-2-甲腈;5-甲基-2-噻吩甲腈;5-甲基噻吩-2-腈,5-methylthiophene-2-carbonitrile,毕得医药,1g,1,g,1,41.3,not_stocked,xuguofeng,20241006
13771-68-1,5-溴苯并[b]噻吩-2-羧酸乙酯,Ethyl 5-bromobenzo[b]thiophene-2-carboxylate,毕得医药,5g,5,g,1,607.6,not_stocked,sulingyu,20241006
1457-85-8,草酰苯胺乙酯;草酰苯胺单乙酯,ETHYL OXANILATE,希恩思,1g,1,g,1,64,not_stocked,tangshuyuan,20241007
773-01-3,"2,4,6-三甲基吡喃鎓四氟硼酸盐","2,4,6-TRIMETHYLPYRYLIUM TETRAFLUOROBORATE",毕得,5 g,5,g,1,84.7,running_out,wangxi,20241007
55757-46-5,N-(叔丁氧基羰基)-L-半胱氨酸甲酯,N-(TERT-BUTOXYCARBONYL)-L-CYSTEINE METHYL ESTER,毕得,1 g,1,g,1,25.2,not_stocked,wangxi,20241007
20887-95-0,BOC-L-半胱氨酸,N-[(tert-Butyloxy)carbonyl]-L-cysteine,毕得,5 g,5,g,1,233.1,not_stocked,wangxi,20241007
611-70-1,异丁酰苯,Isobutyrophenot_stocked,毕得,200g,200,g,1,280,running_out,admin,20241007
867-13-0,膦酰基乙酸三乙酯 ,Ethyl 2-(diethoxyphosphoryl)acetate,毕得,500g,500,g,1,91.7,running_out,admin,20241007
165617-59-4,,"4,7-dibroMobenzo[1,2-c:4,5-c']bis([1,2,5]thiadiazole)",乐妍,1g,1,g,1,595,not_stocked,shihongwei,20241007
69249-61-2,2-溴-3-己基噻吩,"	2-bromo-3-hexylthiophene",希恩思,25g,25,g,1,207,not_stocked,shihongwei,20241007
1968/12/2,"N,N'-二甲基甲酰胺",DMF,百灵威J&K,500mL,500,mL,1,43.35,not_stocked,zhaobinzhi,20241007
78-67-1,,"2,2'-Azoisobutyronitrile",百灵威J&K,25g,25,g,1,35.7,not_stocked,zhaobinzhi,20241007
100-42-5,苯乙烯,Styrene,百灵威J&K,250mL,250,mL,1,41.65,not_stocked,zhaobinzhi,20241007
920-66-1,"	六氟异丙醇","	HFIP
",毕得,500G,500,g,1,179.9,running_out,admin,20241008
13171-00-1,"4-乙酰基-6-叔丁基-1,1-二甲基茚烷","4-Acetyl-6-tert-butyl-1,1-dimethylindan",毕得,2 * 5 g,5,g,2,289.8,running_out,chenyichi,20241008
1517-05-1,2-叠氮乙醇, 2-Azidoethanol,毕得医药,1g,1,g,1,124.6,not_stocked,huangyilei,20241008
38017-65-1,(S)-2-((S)-2-氨基-3-苯丙酰氨基)-3-苯丙酸甲酯盐酸盐, Methyl L-phenylalanyl-L-phenylalaninate hydrochloride,毕得医药,1g,1,g,1,231.7,not_stocked,huangyilei,20241008
822-06-0,六亚甲基二异氰酸酯,Hexamethylene diisocyanate,阿拉丁,25ML,25,mL,1,28.72,not_stocked,huzhibin,20241009
104-49-4,对苯二异氰酸酯,"1,4-Phenylene diisocyanate",阿拉丁,5g,5,g,1,25.52,not_stocked,huzhibin,20241009
599-00-8,氘代三氟乙酸,Trifluoroacetic acid-d(TMS),乐研,25g,25,g,1,310,running_out,admin,20241010
4132-48-3,对异丙基苯甲醚,4-Isopropylanisole,毕得,25 g,25,g,1,142.8,not_stocked,chenyichi,20241010
720-75-2,4-甲基联苯-2-甲酸甲酯,"Methyl [1,1'-biphenyl]-4-carboxylate",毕得,5 g,5,g,1,53.9,not_stocked,chenyichi,20241010
872-93-5,"3-甲基四氢噻吩 1,1-二氧化物","3-Methyltetrahydrothiophene 1,1-dioxide",毕得,1 g,1,g,1,44.1,not_stocked,chenyichi,20241010
26042-64-8,六氟锑酸银,Silver hexafluoroantimonate,百灵威J&K,1 g,1,g,1,55,not_stocked,chenyichi,20241010
546-67-8,"四乙酸铅
",Lead(IV) acetate,伊诺凯,500g,500,g,1,1822,running_out,zhuminghui,20241011
51608-60-7,"
N-亚苄基-4-甲基苯磺酰胺","	N-Benzylidene-4-methylbenzensulfonamid",阿拉丁,1g,1,g,1,467.92,running_out,zhuminghui,20241011
1486-28-8,"二苯基甲基膦, "," Methyldiphenylphosphine, ",伊诺凯,5g,5,g,1,92,degraded,zhuminghui,20241011
38053-91-7,"2-三甲基硅氧基-1,3-丁二烯，"," 2-Trimethylsilyloxy-1,3-butadiene",伊诺凯,"	5ML",5,mL,1,272,not_stocked,zhuminghui,20241011
93102-05-7,N-(甲氧甲基)-N-(三甲基硅甲基)苄胺 ,N-(Methoxymethyl)-N-(trimethylsilylmethyl)benzylamin,毕得,5g,5,g,1,28,running_out,zhuminghui,20241011
88284-48-4,2-(三甲基甲硅烷基)苯基三氟甲磺酸酯, 2-(Trimethylsilyl)phenyl trifluoromethanesulfonate,毕得,5g,5,g,1,91.7,running_out,zhuminghui,20241011
566940-03-2,"(R)-5,5'-双[二(3,5-二-T-丁基-4-甲氧基苯)磷]-4,4'-BI-1,3-苯二恶唑 ("," (R)-5,5'-Bis[di(3,5-di-tert-butyl-4-methoxyphenyl)phosphino]-4,4'-bi-1,3-benzodioxole
",毕得,1g,1,g,1,293.3,not_stocked,zhuminghui,20241011
787618-22-8,"2-二环己基膦-2',6'-二异丙氧基-1,1'-联苯 ","Dicyclohexyl(2',6'-diisopropoxy-[1,1'-biphenyl]-2-yl)phosphine",毕得,"	5g",5,g,1,46,not_stocked,zhuminghui,20241011
1048330-10-4,4-甲基-3-(甲氧羰基)苯硼酸, (3-(Methoxycarbonyl)-4-methylphenyl)boronic aci,毕得,5g,5,g,1,1000,not_stocked,zhuminghui,20241011
14523-22-9,四羰基二氯化二铑, Di-μ-chloro-tetracarbonyldirhodium(I),毕得,250mg,250,mg,1,1250,running_out,zhuminghui,20241011
536-74-3,"苯乙炔, ",Phenylacetylene,伊诺凯,"	25mL",25,mL,1,51.2,running_out,zhuminghui,20241011
54125-02-9,"1-甲氧基-3-三甲基硅氧基-1,3-丁二烯, 94%"," 1-Methoxy-3-trimethylsiloxy-1,3-butadiene",Alfa Aesar,1g,1,g,1,328,running_out,zhuminghui,20241011
599-00-8,氘代三氟乙酸,Trifluoroacetic acid-d(TMS),阿拉丁,0.5ml*10,0.5,ml,10,180,running_out,admin,20241011
140-89-6,O乙基二硫代碳酸酯钾盐,Potassium O-ethyl dithiocarbonate,百灵威,"	25g",25,g,1,105.4,not_stocked,huzhibin,20241011
1923-70-2,四丁基高氯酸铵,Tetrabutylammonium perchlorate,麦克林,5 g,5,g,1,49.6,not_stocked,chenyichi,20241011
102-08-9,"N,N'-二苯基硫脲","1,3-Diphenyl-2-thiourea",麦克林,25g,25,g,1,19.14,not_stocked,huzhibin,20241011
60-29-7,"乙醚
",Diethyl ether AR,通广,500ml,500,mL,1,17,running_out,zhuminghui,
103440-54-6,5-碘-2-甲基苯甲酸甲酯 ,Methyl 5-iodo-2-methylbenzoate,毕得,10g,10,g,1,203.7,not_stocked,zhuminghui,
7789-20-0,重水,Deuterium oxide,百灵威,10 mLx2,10,ml,2,121,running_out,wangxi,20241013
1416881-52-1,"2,4,5,6-四咔唑基-1,3-二氰基苯","2,4,5,6-Tetra(9H-carbazol-9-yl)-1,3-Dicyanobenzene",毕得医药,250 mg,250,mg,1,77,not_stocked,chenyichi,20241024
1600-44-8,四氢噻吩 1-氧化物,Tetrahydrothiophene 1-oxide,毕得医药,5 g,5,g,1,75.6,not_stocked,chenyichi,20241024
63295-48-7,三氟甲磺酸铁(III),Iron(III) trifluoromethanesulfonate,J&K,10g,10,g,1,65.1,not_stocked,tangshuyuan,20241014
14024-18-1,三乙酰丙酮铁,Ferric acetylacetonate,J&K,100g,100,g,1,44.8,not_stocked,tangshuyuan,20241014
31126-95-1,,Rhodium(II) trifluoroacetate dimer,罗恩,50 mg,50,mg,1,243.18,not_stocked,zhaobinzhi,20241014
194416-45-0,"4-溴-N,N-双(4-甲氧苯基)苯胺"," 4-Bromo-N,N-bis(4-methoxyphenyl)aniline",毕得医药,5g,5,g,1,160.3,not_stocked,shihongwei,20241014
16338-48-0,"	(S)-2-氨基-4-戊烯酸","	H-Gly(Ally)-OH",毕得,5g,5,g,1,133.7,not_stocked,mengjunhong,20241015
850-52-2,"	烯丙孕素",Altrenogest,希恩思,1g,1,g,1,205,not_stocked,mengjunhong,20241015
56771-29-0,"	(4-戊烯基)三苯基溴化膦",(4-PENTENYL)TRIPHENYLPHOSPHONIUM BROMIDE,赛默飞,1g,1,g,1,157,not_stocked,mengjunhong,20241015
129738-42-7,"	1-[(反式,反式)-4'-(3-丁烯基)[1,1'-联环己烷]-4-基]-4-甲基苯","	(trans,trans)-4-(But-3-en-1-yl)-4'-(p-tolyl)-1,1'-bi(cyclohexane)",毕得医药,1g,1,g,1,34.3,not_stocked,mengjunhong,20241015
13103-34-9,"	宝丹铜十一烯酸酯","	Boldenot_stocked Undecylenate",麦克林,1g,1,g,1,167,not_stocked,mengjunhong,20241015
546141-24-6,"	(S)-3-((2R,3R,4S,5S)-5-烯丙基-3-(苄氧基)-4-羟基四氢呋喃-2-基)丙烷-1,2-二基二苯甲酸酯","	(S)-3-((2R,3R,4S,5S)-5-allyl-3-(benzyloxy)-4-hydroxytetrahydrofuran-2-yl)propane-1,2-diyldibenzoate",乐研,250mg,250,mg,1,240.1,not_stocked,mengjunhong,20241015
1009-61-6,"1,4-二乙酰苯","1,4-Diacetylbenzene","乐研
",5g,5,g,1,119,running_out,zhaobinzhi,20241015
651-83-2,"4-氨基-2,3,5,6-四氟三氟甲苯 ","2,3,5,6-Tetrafluoro-4-(trifluoromethyl)aniline",毕得医药,1g,1,g,1,112,not_stocked,shihongwei,20241015
1772-43-6,"2,4,4-三甲基-4,5-二氢恶唑 ","2,4,4-Trimethyl-4,5-dihydrooxazole",毕得医药,1g,1,g,1,19.6,not_stocked,shihongwei,20241015
4595-59-9,5-溴嘧啶,5-Bromopyrimidine,希恩思,5g,5,g,1,26,not_stocked,shihongwei,20241015
99-65-0,间二硝基苯,"1,3-Dinitrobenzene",麦克林,25,,,1,26.5,running_out,sunyichen,20241015
153898-63-6,2-碘-5-甲氧基苯胺,2-Iodo-5-methoxyaniline,毕得,1gx2,1,g,2,86.1,running_out,huzhibin,20241016
7529-22-8,4-甲基吗啉-4-氧化物,4-Methylmorpholine 4-oxide,毕得,25 g,25,g,1,23.8,not_stocked,chenyichi,20241016
165617-59-4,"4,7-二溴苯并[1,2-c:4,5-c']双([1,2,5]噻二唑)","4,7-dibroMobenzo[1,2-c:4,5-c']bis([1,2,5]thiadiazole)",乐妍,1g,1,g,1,595,running_out,shihongwei,20241016
1401-69-0,"		泰洛星","Tylosin
",伊诺凯,1g,1,g,1,199,not_stocked,zhuminghui,20241017
207915-99-9,四甲基氯代脲六氟磷酸酯,"Chloro-N,N,N′,N′-tetramethylformamidinium hexafluorophosphate
",伊诺凯,25g,25,g,1,489,not_stocked,zhuminghui,20241017
530-93-8,2-四氢萘酮%, beta-Tetralone,伊诺凯,5g,5,g,1,641,not_stocked,zhuminghui,20241017
20817-72-5,柱头孢烯酮,Stigmastadienot_stocked,伊诺凯,1g ,1,g,1,491,not_stocked,zhuminghui,20241017
6285-57-0,2-氨基-6-硝基苯并噻唑,2-Amino-6-nitrobenzothiazole,毕得,5g,5,g,1,135.1,running_out,xuguofeng,20241018
208-96-8,苊烯 ,Acenaphthylene,乐研,"10g	",10,g,1,112.7,running_out,mengjunhong,20241018
,次氯酸钠,Sodium hypochlorite,麦克林,500ml,500,mL,1,39.6,running_out,pengsheng,20241018
517918-95-5,5-氰基-7-氮杂吲哚,"1H-PYRROLO[2,3-B]PYRIDINE-5-CARBONITRILE",毕得,5g,5,g,1,270.2,not_stocked,xuguofeng,20241019
866546-07-8,5-氯-7-氮杂吲哚,5-Chloro-7-azaindole,毕得,1g,1,g,1,25.2,not_stocked,xuguofeng,20241019
17422-32-1,5-氯吲哚,5-Chloroindole,毕得,1g,1,g,1,23.1,not_stocked,xuguofeng,20241019
614-96-0,5-甲基吲哚,5-Methylindole,毕得,1g,1,g,1,24.5,not_stocked,xuguofeng,20241019
824-52-2,5-甲基-7-氮杂吲哚,"5-METHYL-1H-PYRROLO[2,3-B]PYRIDINE",毕得,1g,1,g,1,165.2,not_stocked,xuguofeng,20241019
3375-31-3,醋酸钯,Palladium(II) acetate,毕得,100 mg,100,mg,1,56.7,running_out,chenyichi,20241021
55120-75-7,三氟甲磺酸钙盐,Calcium trifluoromethanesulfonate,毕得,10 g,10,g,1,45.5,not_stocked,chenyichi,20241021
52214-84-3,"2-(4-(2,2-二氯环丙基)苯氧基)-2-甲基丙酸","2-(4-(2,2-Dichlorocyclopropyl)phenoxy)-2-methylpropanoic acid",毕得,5 g,5,g,1,64.4,not_stocked,chenyichi,20241021
3996-15-4,甲酸钠-d,Sodiumformate-d,乐研,1g,1,g,1,151.9,not_stocked,mengjunhong,20241021
302962-49-8,达沙替尼,Dasatinib,毕得,2g,2,g,1,141.4,not_stocked,mengjunhong,20241021
79622-59-6,氟啶胺,Fluazinam,毕得,250mg,250,mg,1,291.9,not_stocked,mengjunhong,20241021
1186-52-3,"乙酸-D4，(D,99.5%)",Acetic acid-d,伊诺凯,5g,5,g,1,701.92,not_stocked,admin,20241022
16649-49-3,乙酸酐-d,Acetic anhydride-d,伊诺凯,2g,2,g,1,1715.84,not_stocked,admin,20241022
603-35-0,三苯基膦,Triphenylphosphine,"	Adamas",25 g,25,g,1,21.75,running_out,chenyichi,20241022
12672-70-7,"	三氯化铟",Indium trichloride,迈瑞达,10 g,10,g,1,180.5,not_stocked,wangxi,20241023
16649-49-3,乙酸酐-d,Acetic anhydride-d,"	Adamas",1g,1,g,1,1071,not_stocked,admin,20241022
594-09-2,"
三甲基磷 ","Trimethylphosphine, 1 M solution in THF",jk,25ml,25,mL,1,552.5,degraded,zhuminghui,20241024
613-91-2,苯乙酮肟,Acetophenot_stocked oxime,毕得,25g,25,g,1,179,not_stocked,zhuminghui,20241024
1942-46-7,5-癸炔, 5-Decyne,毕得,"5g
",5,g,1,117.6,not_stocked,zhuminghui,20241024
1871-67-6,反-2-辛烯酸，,5ml trans-2-Octenoic Acid,伊诺凯,5ml,5,mL,1,109,not_stocked,zhuminghui,20241024
23193-18-2,"丙酮丙二酸二乙酯
",Diethyl Acetonylmalonate,伊诺凯,1g,1,g,1,328,not_stocked,zhuminghui,20241024
20279-16-7,"8-氧杂三环[7.4.0.0,2,7]十三烷-1(9),2(7),3,5,10,12-六烯-5-醇 ","Dibenzo[b,d]furan-3-ol",伊诺凯,1g,1,g,1,370.5,not_stocked,zhuminghui,20241024
108-03-2,1-硝基丙烷,1-nitropropane,麦克林(Macklin),100 mL,100,mL,1,50.16,running_out,chenyichi,20241024
6285-57-0,2-氨基-6-硝基苯并噻唑,?6-Nitrobenzo[d]thiazol-2-amine,毕得,10g,10,g,1,235.9,not_stocked,xuguofeng,20241024
15418-29-8,四(乙腈)四氟硼酸铜(I),Copper(I) tetra(acetonitrile) tetrafluoroborate,毕得,5 g,5,g,1,156.8,not_stocked,chenyichi,20241024
92-92-2,4-苯基苯甲酸,"[1,1-Biphenyl]-4-carboxylic acid",毕得,100 g,100,g,1,81.9,running_out,chenyichi,20241024
6485-79-6,"三异丙基硅烷
",Triisopropylsilane,毕得,100g,100,g,1,76,not_stocked,zhuminghui,20241026
12092-47-6,"(1,5-环辛二烯)氯铑(I)二聚体"," (1,5-Cyclooctadiene)rhodium chloride dimer",毕得,100mg,100,mg,1,197.4,not_stocked,zhuminghui,20241026
116-17-6,"
	三异丙基亚磷酸酯","	Triisopropyl phosphite",伊诺凯,5ml,5,mL,1,120.82,not_stocked,zhuminghui,20241026
201733-56-4,"	联硼酸新戊二醇酯","Bis(neopentyl glycolato)diboron
",伊诺凯,25g,25,g,1,48,not_stocked,zhuminghui,20241026
1450-14-2,"六甲基二硅烷,"," Hexamethyldisilane,",伊诺凯,10ml,10,mL,1,28,not_stocked,zhuminghui,20241026
91-59-8,2-萘胺 ,2-Naphthylamine,安耐吉,5g,5,g,1,36,running_out,shihongwei,20241026
122-66-7,"1,2-二苯基肼 ","1,2-Diphenylhydrazine",安耐吉,5g,5,g,1,70.4,not_stocked,shihongwei,20241026
100-02-7,对硝基苯酚 ,p-Nitrophenol,罗恩,25g,25,g,1,21,not_stocked,shihongwei,20241026
1122-58-3,4-二甲氨基吡啶, 4-Dimethylaminopyridine,毕得,100G,100,g,1,49.7,not_found,tanhui,20241027
5807-14-7,"1,5,7-三氮杂二环[4.4.0]癸-5-烯 ","2,3,4,6,7,8-Hexahydro-1H-pyrimido[1,2-a]pyrimidine",毕得,1g,1,g,1,21,not_stocked,tanhui,20241027
280-57-9,"1,4-二氮杂双环[2,2,2]辛烷 ","1,4-Diazabicyclo[2.2.2]octane",毕得,25g,25,g,1,25.2,running_out,tanhui,20241027
7778-53-2,磷酸三钾 ,"Potassium phosphate tribasic, 98.5%",百灵威J&K,250g,250,g,1,50.15,not_found,tanhui,20241027
675877-56-2,"1,3-二均三甲苯基咪唑鎓-2-羧酸内盐 ","1,3-Dimesitylimidazolium-2-carboxylate",毕得医药,250mg,250,mg,1,168,not_stocked,tanhui,20241027
1979/1/6,超干三氯乙烯 ,Trichloroethylene,安耐吉,100mL,100,mL,1,61,not_stocked,tanhui,20241027
6674-22-2,"1,8-二氮杂双环[5.4.0]十一碳-7-烯 ","2,3,4,6,7,8,9,10-Octahydropyrimido[1,2-a]azepine",毕得医药,100G,100,g,1,47.6,degraded,tanhui,20241027
7087-68-5,"超干N,N-二异丙基乙胺 ",Ethyldiisopropylamine,安耐吉,100mL,100,mL,1,55,not_stocked,tanhui,20241027
121-44-8,超干三乙胺 ,Triethylamine,安耐吉,100mL,100,mL,1,30,not_stocked,tanhui,20241027
107-06-2,"超干1,2-二氯乙烷"," 1,2-Dichloroethane",安耐吉,100mL,100,mL,1,35,not_stocked,tanhui,20241027
110-82-7,超干环己烷, Cyclohexane,安耐吉,100mL,100,mL,1,30,not_stocked,tanhui,20241027
872-50-4,超干N-甲基吡咯烷酮 ,"1-Methyl-2-pyrrolidinot_stocked
",安耐吉,100mL,100,mL,1,30,not_stocked,tanhui,20241027
1998/8/8,超干三氟甲苯 ,Benzotrifluoride,安耐吉,100mL,100,mL,1,42,not_stocked,tanhui,20241027
144-55-8,碳酸氢钠 ,Sodium bicarbonate,毕得,100g,100,g,1,39.2,degraded,tanhui,20241027
1975/5/8,超干乙腈 ,Acetonitrile,安耐吉,100mL,100,mL,1,25,not_stocked,tanhui,20241027
127-19-5,"超干N,N-二甲基乙酰胺 ","N,N-Dimethyl acetamide",安耐吉,100mL,100,mL,1,28,not_stocked,tanhui,20241027
1968/12/2,"超干N,N-二甲基甲酰胺 ","N,N-Dimethylformamide",安耐吉,100mL,100,mL,1,25,not_stocked,tanhui,20241027
1975/9/2,超干二氯甲烷 ,Dichloromethane,安耐吉,100mL,100,mL,1,25,not_stocked,tanhui,20241027
108-90-7,超干氯苯, Chlorobenzene,安耐吉,100mL,100,mL,1,25,not_stocked,tanhui,20241027
616-38-6,超干碳酸二甲酯 ,Dimethyl carbonate,安耐吉,100mL,100,mL,1,35,not_stocked,tanhui,20241027
123-86-4,超干乙酸正丁酯 ,Butyl acetate,安耐吉,100mL,100,mL,1,42,not_stocked,tanhui,20241027
109-99-9,超干四氢呋喃, Tetrahydrofuran,安耐吉,100mL,100,mL,1,25,not_stocked,tanhui,20241027
70955-01-0,4A型分子筛粉末, 4Amolecularsievepowder,乐研,250g,250,g,1,31.5,running_out,tanhui,20241026
123-91-1,"超干1,4-二氧六环"," 1,4-Dioxane",安耐吉,100mL,100,mL,1,25,not_stocked,tanhui,20241027
110-71-4,"超干1,2-二甲氧基乙烷 ","1,2-Dimethoxyethane",安耐吉,100mL,100,mL,1,30,not_stocked,tanhui,20241027
96-47-9,超干2-甲基四氢呋喃 ,2-Methyltetrahydrofuran,安耐吉,100mL,100,mL,1,30,not_stocked,tanhui,20241027
14347-78-5,"(R)-(2,2-二甲基-1,3-二氧杂戊环-4-基)甲醇"," (R)-(2,2-Dimethyl-1,3-dioxolan-4-yl)methanol",毕得医药,1g,1,g,1,21.7,not_stocked,huangyilei,20241027
17342-08-4,S)-(+)-5-羟基甲基-2-吡咯烷酮, (S)-(+)-5-Hydroxymethyl-2-pyrrolidinot_stocked,毕得医药,1g,1,g,1,20.3,not_stocked,huangyilei,20241027
138499-16-8,2-((叔丁基二苯基硅基)氧基)乙醇, 2-((tert-Butyldiphenylsilyl)oxy)ethanol,毕得医药,1g,1,g,1,141.4,not_stocked,huangyilei,20241027
103694-68-4,"2,2-二甲基-3-(间甲苯基)丙-1-醇"," 2,2-Dimethyl-3-(m-tolyl)propan-1-ol",毕得医药,25g,25,g,1,33.6,not_stocked,huangyilei,20241027
60871-83-2,三氟甲基磺酸镁,Magnesium trifluoromethanesulfonate,毕得,25 g,25,g,1,65.8,not_stocked,chenyichi,20241027
2923-28-6,三氟甲烷磺酸银(I),Silver(I) trifluoromethanesulfonate,毕得,10 g,10,g,1,84,not_stocked,chenyichi,20241027
35895-70-6,四丁基三氟甲磺酸铵,Tetrabutylammonium trifluoromethanesulfonate,毕得,5 g,5,g,1,37.8,not_stocked,chenyichi,20241027
2926-30-9,三氟甲磺酸钠,Sodium trifluoromethanesulfonate,毕得,10 g,10,g,1,32.2,not_stocked,chenyichi,20241027
9003-53-6,聚苯乙烯,,Aladdin,250g,250,g,1,413.32,running_out,yanglicheng,20241027
1061311-82-7,"(5aS,10bR)-2-均三甲苯基-4,5a,6,10b-四氢-2H-茚并[2,1-b][1,2,4]三唑并[4,3-d][1,4]恶嗪-11-鎓四氟硼酸盐"," (5aS,10bR)-2-Mesityl-4,5a,6,10b-tetrahydro-2H-indeno[2,1-b][1,2,4]triazolo[4,3-d][1,4]oxazin-11-ium tetrafluoroborate
",毕得,250 mg,250,mg,1,68,not_stocked,tanhui,20241027
740816-14-2,"(5aS,10bR)-2-(全氟苯基)-4,5a,6,10b-四氢-2H-茚并[2,1-b][1,2,4]三唑并[4,3-d][1,4]恶嗪-11-鎓四氟硼酸盐 ","(5aS,10bR)-2-(Perfluorophenyl)-4,5a,6,10b-tetrahydro-2H-indeno[2,1-b][1,2,4]triazolo[4,3-d][1,4]oxazin-11-ium tetrafluoroborate
",毕得,100mg,100,mg,1,170,not_stocked,tanhui,20241027
2750161-92-1,"5,7-二叔丁基-3-(4-(三氟甲基)苯基)苯并[d]恶唑-3-鎓四氟硼酸盐 ","5,7-Di-tert-butyl-3-(4-(trifluoromethyl)phenyl)benzo[d]oxazol-3-ium tetrafluoroborate
",偶合,100mg,100,mg,1,265,not_stocked,tanhui,20241027
1207294-92-5,"5,7-二叔丁基-3-苯基苯并[d]噁唑-3-四氟硼酸铵"," 5,7-Di-tert-butyl-3-phenylbenzo[d]oxazol-3-iumtetrafluoroborate",乐研,1g,1,g,1,35,not_stocked,tanhui,20241027
1583244-03-4,1-环己基-3-均三甲苯基-1H-咪唑-3-鎓氯化物 ,1-Cyclohexyl-3-mesityl-1H-imidazol-3-ium chloride,罗恩,100 mg,100,mg,1,144,not_stocked,tanhui,20241027
1017254-66-8,"1,3-二乙氧基-1H-咪唑-3-鎓双(三氟甲烷磺酰)亚胺盐 ","1,3-Diethoxy-1H-Imidazol-3-Ium Bis((Trifluoromethyl)Sulfonyl)Amide",Adamas,100mg,100,mg,1,53,not_stocked,tanhui,20241027
1416368-03-0,"1,3-双(2,6-二苯甲基-4-甲氧基苯基)-1H-咪唑-3-鎓氯化物 ","1,3-Bis(2,6-dibenzhydryl-4-methoxyphenyl)-1H-imidazol-3-ium chloride",偶合,100mg,100,mg,1,382,not_stocked,tanhui,20241027
7181-87-5,"1,3-二甲基-1H-苯并[d]咪唑-3-碘化铵 ","1,3-Dimethyl-1H-benzimidazoliumiodide",乐研,100mg,100,mg,1,53.9,not_stocked,tanhui,20241027
263874-05-1,"1,1'-(吡啶-2,6-二基)双(3-甲基-1H-咪唑-3-鎓)溴化物 ","1,1'-(Pyridine-2,6-diyl)bis(3-methyl-1H-imidazol-3-ium) bromide",毕得,100 mg,100,mg,1,101,not_stocked,tanhui,20241027
1118916-80-5,"1,3-二均三甲苯基-4,5-二甲基-1H-咪唑-3-鎓氯化物",,麦克林(Macklin),100mg,100,mg,1,256,not_stocked,tanhui,20241027
4568-71-2,3-苄基-5-(2-羟乙基)-4-甲基氯化噻唑鎓 ,3-Benzyl-5-(2-hydroxyethyl)-4-methylthiazol-3-ium chloride,毕得,"5g
",5,g,1,26.6,not_stocked,tanhui,20241027
1286737-75-4,"7,9-二均三甲苯基-7H-苊并[1,2-d]咪唑-9-鎓氯化物 ","7,9-Dimesityl-7H-acenaphtho[1,2-d]imidazol-9-ium chloride",罗恩,,,,1,282,not_stocked,tanhui,20241027
1372124-93-0,"1,3-双均三甲苯基-1H-咪唑-3-鎓碳酸氢盐"," 1,3-Dimesityl-1H-imidazol-3-ium hydrogen carbonate",毕得,250mg,250,mg,1,53.9,not_stocked,tanhui,20241027
862893-81-0,"2-均三甲苯基-6,7-二氢-5H-吡咯并[2,1-c][1,2,4]三唑-2-鎓氯化物 ","2-Mesityl-6,7-dihydro-5H-pyrrolo[2,1-c][1,2,4]triazol-2-ium",毕得医药,100mg,100,mg,1,129.5,not_stocked,tanhui,20241027
,,,,,,,1,,not_stocked,admin,
120317-69-3,"1,4-二甲基-1H-1,2,4-三氮唑-4-鎓碘化物 ","1,4-Dimethyl-4H-1,2,4-triazoliumiodide",乐研,250mg,250,mg,1,74.1,not_stocked,tanhui,20241027
2750161-98-7,"5,7-二叔丁基-3-(3,5-二甲基苯基)苯并[d]恶唑-3-鎓四氟硼酸盐 ","5,7-Di-tert-butyl-3-(3,5-dimethylphenyl)benzo[d]oxazol-3-ium tetrafluoroborate
",毕得,100mg,100,mg,1,227,not_stocked,tanhui,20241027
4209-18-1,3-苄基-4-甲基噻唑-3-氯化铵 ,3-Benzyl-4-methylthiazol-3-iumchloride,乐研,50 mg,50,mg,1,21.7,not_stocked,tanhui,20241027
181422-72-0,"1,3-二环己基咪唑鎓氯化物 ","1,3-Dicyclohexylimidazolium chloride",安耐吉,1g,1,g,1,38.4,not_stocked,tanhui,20241027
1469753-39-6,"3-均三甲苯基-5,6,7,8-四氢-4H-环庚[d]噻唑-3-鎓 氯化物 ","3-Mesityl-5,6,7,8-tetrahydro-4H-cyclohepta[d]thiazol-3-ium chloride",毕得医药,100mg,100,mg,1,536,not_stocked,tanhui,20241027
79917-88-7,"氯化1,3-二甲基咪唑 ","1,3-Dimethylimidazolium chloride",安耐吉,1g,1,g,1,20,not_stocked,tanhui,20241027
1327274-33-8,"(5S)-5,6-二氢-2-(2,3,4,5,6-五氟苯基)-5-(苯基甲基)-8H-1,2,4-三唑并[3,4-c][1,4]噁嗪四氟硼酸盐 ","(5S)?-5,?6-?Dihydro-?2-?(2,?3,?4,?5,?6-?pentafluorophenyl)?-?5-?(phenylmethyl)?-8H-1,2,4-triazolo[3,4-c][1,4]oxaziniumtetrafluoroborate
",乐研,100mg,100,mg,1,163,not_stocked,tanhui,20241027
950842-73-6,"(S)-5-苄基-2-均三甲苯基-2,5,6,8-四氢-[1,2,4]三唑并[3,4-c][1,4]恶嗪-4-鎓四氟硼酸盐 ","(S)-5-benzyl-2-mesityl-2,5,6,8-tetrahydro-[1,2,4]triazolo[3,4-c][1,4]oxazin-4-ium tetrafluoroborate
货号BD634147",毕得,100 mg,100,mg,1,128,not_stocked,tanhui,20241027
941283-79-0,"(5aS,10bR)-2-(4-甲氧基苯基)-5a,10b-二氢-4H,6H-茚并[2,1-b][1,2,4]三唑并[4,3-d][1,4]恶嗪-2-鎓四氟硼酸盐 
货号BD01106224","(5AS,10bR)-2-(4-methoxyphenyl)-5a,10b-dihydro-4H,6H-indeno[2,1-b][1,2,4]triazolo[4,3-d][1,4]oxazin-2-ium tetrafluoroborate",毕得,100mg,100,mg,1,199.5,not_stocked,tanhui,20241027
141556-46-9,"1,3-双(4-氯苯基)咪唑氯化物 ","1,3-Bis(4-chlorophenyl)-1H-imidazol-3-ium chloride",毕得,100mg,100,mg,1,46,not_stocked,tanhui,20241027
1033618-47-1,"(4S,5S)-1,3-双(2,6-二甲氧基苯基)-4,5-二苯基-4,5-二氢-1H-咪唑-3-鎓 四氟硼酸盐"," (4S,5S)-1,3-Bis(2,6-dimethoxyphenyl)-4,5-diphenyl-4,5-dihydro-1H-imidazol-3-ium tetrafluoroborate
",偶合,100mg,100,mg,1,587,not_stocked,tanhui,20241027
250285-32-6,"1,3-双(2,6-二异丙基苯基)氯化咪唑鎓 ","1,3-Bis(2,6-diisopropylphenyl)imidazolium chloride",安耐吉,1g,1,g,1,16,not_stocked,tanhui,20241027
173035-10-4,"1,3 双( 2,4,6 三甲苯基)氯化咪唑鎓 ","1,3-Bis(2,4,6-trimethylphenyl)imidazolinium chloride, 98%
",百灵威J&K,1g,1,g,1,51.85,not_stocked,tanhui,20241027
2750161-86-3,"5,7-二叔丁基-3-(4-甲氧基苯基)苯并[d]恶唑-3-鎓四氟硼酸盐"," 5,7-Di-tert-butyl-3-(4-methoxyphenyl)benzo[d]oxazol-3-ium tetrafluoroborate
",偶合,100mg,100,mg,1,296,not_stocked,tanhui,20241027
286014-53-7,"1,3-二均三甲苯基-1H-咪唑-3-鎓四氟硼酸盐 ","1,3-Dimesityl-1H-imidazol-3-ium tetrafluoroborate",毕得,250mg,250,mg,1,37.8,not_stocked,tanhui,20241027
54010-75-2,三氟甲磺酸锌,Zinc(II) trifluoromethanesulfonate,毕得,25 g,25,g,1,43.4,not_stocked,chenyichi,20241028
930-69-8,苯硫酚钠,Sodium Thiophenoxide RG,adams,1g,1,g,1,27,not_stocked,tangshuyuan,20241028
78-67-1,偶氮二异丁腈,"2,2'-Azobis(2-methylpropionitrile)",adams,25g,25,g,1,12,not_stocked,tangshuyuan,20241028
540-38-5,4-碘苯酚,4-Iodophenol,MREDA,5g,5,g,1,13.5,not_stocked,huangyilei,20241028
10294-33-4,三溴化硼 ,Boron tribromide,安耐吉,25ml,25,mL,1,40.8,not_stocked,huangyilei,20241028
308080-99-1,3A 分子筛粉末,3AMolecular sieves,创试,100 g,100,g,1,58.5,not_stocked,wangxi,20241029
69912-79-4,5A 分子筛粉末,5Amolecular sieves,创试,100  g,100,g,1,72.9,not_stocked,wangxi,20241029
73482-96-9,辛酸铑,Rhodium(II)OctanoateDimer,乐研,100 mg,100,mg,1,196,not_stocked,zhaobinzhi,20241029
201611-77-0,2苯基2丙基苯并二硫,2-Phenyl-2-propyl benzodithioate,百灵威J&K,100mg,100,mg,1,64,not_stocked,zhaobinzhi,20241029
461642-78-4,2-[十二烷硫基(硫代羰基)硫基]-2-甲基丙酸,2-(Dodecylsulfanylthiocarbonylsulfanyl)-2-Methylpropionic Acid,Adamas,100mg,100,mg,1,22,not_stocked,zhaobinzhi,20241029
,,Tetraethylthiuram Disulfide,Adamas,25g,25,g,1,20,not_stocked,zhaobinzhi,20241029
3052-61-7,,Benzyl Diethylcarbamodithioate,Adamas,100mg,100,mg,1,133.5,not_stocked,zhaobinzhi,20241029
72707-66-5,2-(溴甲基)丙烯酸,2-(Bromomethyl)acrylic Acid,欣恒研,1g,1,g,1,836,not_stocked,xingyihong,20241029
64-19-7,冰乙酸,Acetic acid,通广,5L,5,L,1,160,not_stocked,mengjunhong,20241029
63148-62-9,二甲基硅油,Dimethicone,迈瑞达,3kg,3,kg,1,175.5,not_stocked,mengjunhong,20241029
62-54-4,乙酸钙,Calcium acetate,毕得,100 g,100,g,1,39.9,not_stocked,chenyichi,20241031
2794-60-7,三氟甲磺酸钡,Barium trifluoromethanesulfonate,毕得,5 g,5,g,1,33.6,not_stocked,chenyichi,20241031
74974-61-1,三氟甲磺酸铝,Aluminum tris(trifluoromethanesulfonate,毕得,5 g,5,g,1,31.5,not_stocked,chenyichi,20241031
142-72-3,醋酸镁,Magnesium acetate,毕得,100 g,100,g,1,42,not_stocked,chenyichi,20241031
543-94-2,乙酸锶,Strontiumacetate,毕得,100 g,100,g,1,42.7,not_stocked,chenyichi,20241031
9003-53-6,聚苯乙烯,,Aladdin,500G,500,g,1,228,not_stocked,yanglicheng,20241101
599-00-8,氘代三氟乙酸,Trifluoroacetic acid-d(TMS),乐研,25g,25,g,1,310,running_out,admin,20241101
144026-79-9,三氟甲磺酸钪,Scandium(III) trifluoromethanesulfonate,毕得,10 g,10,g,1,72.1,running_out,chenyichi,20241102
99-99-0,对硝基甲苯,4-nitrotoluene,伊诺凯,100 g,100,g,1,35.64,not_found,chenyichi,20241102
93-58-3,苯甲酸甲酯,Methyl benzoate,伊诺凯,100 mL,100,mL,1,25.74,not_stocked,chenyichi,20241102
27607-77-8,三氟甲磺酸三甲基硅酯,Trimethylsilyl trifluoromethanesulfonate,毕得,100 mL,100,mL,1,72.1,running_out,chenyichi,20241102
74733-28-1,4-(溴甲基)-2-甲基苯甲酸甲酯 ,Methyl 4-(bromomethyl)-2-methylbenzoate,毕得,5g,5,g,1,2100,running_out,zhuminghui,20241102
128607-22-7,"	奥培米芬","2-(4-(4-chloro-1,2-diphenyl-but-1-enyl)phenoxy)ethanol",伊诺凯,1g,1,g,1,264,not_stocked,zhuminghui,20241102
1959/2/9,"(R)-2,5,7,8-四甲基-2-((4R,8R)-4,8,12-三甲基十三烷基)苯并吡喃-6-醇 ","(R)-2,5,7,8-Tetramethyl-2-((4R,8R)-4,8,12-trimethyltridecyl)chroman-6-o",毕得,5g,5,g,1,23.1,not_stocked,zhuminghui,20241102
620-08-6,4甲氧基吡啶 ,4-Methoxypyridine,jk,5g,5,g,1,550.8,running_out,zhuminghui,20241102
131341-86-1,"4-(2,2-二氟苯并[d][1,3]二氧杂环戊烯-4-基)-1H-吡咯-3-腈 ","4-(2,2-Difluorobenzo[d][1,3]dioxol-4-yl)-1H-pyrrole-3-carbonitrile",毕得,5g,5,g,1,44.1,not_stocked,zhuminghui,20241102
2799-21-5,(R)-3-吡咯烷醇,(R)-Pyrrolidin-3-ol,毕得,5g,5,g,1,37.1,not_stocked,xuguofeng,20241102
103-76-4,1-(2-羟乙基)哌嗪,N-(2-Hydroxyethyl)piperazine,毕得,100g,100,g,1,49.7,not_stocked,xuguofeng,20241102
1780-26-3,"4,6-二氯-2-甲基嘧啶","2-Methyl-4,6-dichloropyrimidine",毕得,25g,25,g,1,45.5,not_stocked,xuguofeng,20241102
89-83-8,2-异丙基-5-甲基苯酚,2-Isopropyl-5-methylphenol,毕得医药,100g,100,g,1,53.2,not_stocked,huangyilei,20241103
1950/2/2,地塞米松,Dexamethasone," 	MREDA",1g,1,g,1,23.5,not_stocked,huangyilei,20241103
508233-74-7,"1-[2-(2,4-甲基苯硫基)苯基]哌嗪"," 1-(2-((2,4-Dimethylphenyl)thio)phenyl)piperazine",毕得医药,1g,1,g,1,101.5,not_stocked,huangyilei,20241103
39746-00-4,"(3aR,4S,5R,6aS)-5-(苯甲酰氧基)-六氢-4-(羟甲基)-2H-环戊并[b]呋喃-2-酮"," (3aR,4S,5R,6aS)-4-(Hydroxymethyl)-2-oxohexahydro-2H-cyclopenta[b]furan-5-yl benzoate
",毕得医药,1g,1,g,1,138.6,not_stocked,huangyilei,20241103
14028-44-5,阿莫沙平 ,Amoxapine,安耐吉,1g,1,g,1,300,not_stocked,huangyilei,20241103
136434-34-9,(S)-N-甲基-3-(萘-1-氧基)-3-(t噻吩-2-基)丙-1-胺盐酸盐," (S)-N-Methyl-3-(naphthalen-1-yloxy)-3-(thiophen-2-yl)propan-1-amine hydrochloride
",毕得医药,1g,1,g,1,35.7,not_stocked,huangyilei,20241103
99-89-8,4-异丙基苯酚, 4-Isopropylphenol,Adamas,25g,25,g,1,49,not_stocked,huangyilei,20241103
128427-10-1,"(S)-2-Boc-氨基-1,4-丁醇","(S)-N-Boc-2-Aminobutane-1,4-diol",毕得医药,1g,1,g,1,38.5,not_stocked,huangyilei,20241103
14221-01-3,四(三苯基膦)钯,Tetrakis(triphenylphosphine)palladium,希恩思,5g,5,g,1,170,running_out,shihongwei,20241103
1017254-66-8,"1,3-二乙氧基-1H-咪唑-3-鎓 双(三氟甲烷磺酰)亚胺盐 ","1,3-Diethoxy-1H-imidazol-3-ium bis((trifluoromethyl)sulfonyl)amide",毕得医药,250mg,250,mg,1,113.4,not_stocked,tanhui,20241103
584-08-7,碳酸钾 ,Potassium Carbonate,TCI,100g,100,g,1,96,not_stocked,tanhui,20241103
2769-71-3,"2,6-二甲基苯基异腈 ","2,6-Dimethylphenyl isocyanide",安耐吉,1g,1,g,1,159.2,not_stocked,shihongwei,20241103
554-13-2,碳酸锂 ,Lithium carbonate,3AChem,25 g,25,g,1,20,not_stocked,tanhui,20241103
506-87-6,碳酸铵,",99% Ammoniumcarbonate,99%",乐研,500G,500,g,1,21,not_stocked,tanhui,20241103
122-51-0,超干原甲酸三乙酯, Triethyl orthoformate,安耐吉,100mL,100,mL,1,35,not_stocked,tanhui,20241103
1634-04-4,超干叔丁基甲基醚, tert-Butyl methyl ether,安耐吉,100mL,100,mL,1,30,not_stocked,tanhui,20241103
141-78-6,超干乙酸乙酯 ,Ethyl acetate,安耐吉,100mL,100,mL,1,25,not_stocked,tanhui,20241103
646-06-0,"超干1,3-二氧戊环"," 1,3-Dioxolane",安耐吉,100 mL,100,mL,1,42,not_stocked,tanhui,20241103
142-96-1,超干二丁醚, Di-n-butyl ether,安耐吉,100 mL,100,mL,1,30,not_stocked,tanhui,20241103
5614-37-9,超干环戊基甲基醚 ,Cyclopentyl methyl ether,安耐吉,100 mL,100,mL,1,44,not_stocked,tanhui,20241103
111-96-6,超干二乙二醇二甲醚, Diethylene glycol dimethyl ether,安耐吉,100 mL,100,mL,1,30,not_stocked,tanhui,20241103
298-14-6,碳酸氢钾," Potassium bicarbonate, 99.5%, for synthesis",Amethyst,500g,500,g,1,52,not_stocked,tanhui,20241103
537-42-8,"(E)-4-(3,5-二甲氧基苯乙烯基)苯酚 ","(E)-4-(3,5-Dimethoxystyryl)phenol",毕得,5g,5,g,1,31,not_stocked,zhuminghui,20241104
811-98-3,"氘代甲醇 D4, 99% (含0.03% TMS） ",Methanol-d4,伊诺凯,159,,,1,10,running_out,zhuminghui,20241104
666-52-4,氘代丙酮 ,"Acetone-d6,",伊诺凯,459,,,1,25,running_out,zhuminghui,20241104
103440-54-6,5-碘-2-甲基苯甲酸甲酯 ,Methyl 5-iodo-2-methylbenzoate,毕得,25g,25,g,1,400,running_out,zhuminghui,20241104
51229-51-7,1-(4-(溴甲基)苯基)乙酮, 1-(4-(Bromomethyl)phenyl)ethanot_stocked,毕得,5g,5,g,1,390,running_out,zhuminghui,20241104
5411-56-3,1-(2-溴苯基)乙醇 ,1-(2-Bromophenyl)ethanol,毕得,5G,5,g,1,347,not_stocked,zhuminghui,20241104
588-32-9,3-氯苯氧基乙酸,3-Chlorophenoxyacetic acid,毕得,5g,5,g,1,43.4,not_stocked,xuguofeng,20241104
614-61-9,2-氯苯氧乙酸,(2-Chlorophenoxy)acetic acid,毕得,5g,5,g,1,30.8,not_stocked,xuguofeng,20241104
940-31-8,2-苯氧基丙酸,2-Phenoxypropanoic acid,毕得,5g,5,g,1,32.9,not_stocked,xuguofeng,20241104
72287-26-4,"[1,1-双(二苯基磷)二茂铁]二氯化钯","[1,1'-Bis(diphenylphosphino)ferrocene]dichloropalladium(II)",毕得,5g,5,g,1,443.1,running_out,xuguofeng,20241104
73013-68-0,6-乙酰基喹啉,6-Acetylquinoline,毕得,1g,1,g,1,317.1,not_stocked,xuguofeng,20241104
148893-10-1,"
O-(7-氮杂苯并三唑-1-基)-N,N,N',N'-四甲基脲六氟磷酸盐","
O-(7-Azabenzotriazol-1-yl)-N,N,N',N'-tetramethyl uronium hexafluorophosphate",毕得,100g,100,g,1,236.6,running_out,xuguofeng,20241104
1066-54-2,三甲基硅炔,Ethynyltrimethylsilane,毕得,25g,25,g,1,56.7,running_out,huzhibin,20241104
49647-20-3,4-乙酰苯基异氰酸酯,4-Acetylphenylisocyanate,毕得,1g,1,g,1,98.7,not_found,huzhibin,20241104
1195-45-5,4-氟苯基异氰酸酯, 4-Fluorophenylisocyanate,毕得,1g,1,g,1,20.3,not_found,huzhibin,20241104
23138-53-6,4-异氰酸基苯甲酸甲酯,Methyl 4-isocyanatobenzoate,毕得,1g,1,g,1,64.4,not_stocked,huzhibin,20241104
100-28-7,对硝基苯异氰酸酯,4-Nitrophenyl isocyanate,安耐吉,1g,1,g,1,24,not_found,huzhibin,20241104
1943-67-5,1-(叔丁基)-4-异氰酸酯苯,1-(Tert-Butyl)-4-Isocyanatobenzene,Adamas,1g,1,g,1,156.75,not_stocked,huzhibin,20241104
6945-67-1,2-溴-4-硝基吡啶,2-Bromo-4-nitropyridine,毕得医药,10g,10,g,1,201.6,running_out,huzhibin,20241104
2712-78-9,双(三氟乙酰氧基)碘]苯,(Bis(trifluoroacetoxy)iodo)benzene,毕得,25 g,25,g,1,51.8,running_out,chenyichi,
128-08-5,N-溴代丁二酰亚胺,"1-Bromopyrrolidine-2,5-dione",毕得,100 g,100,g,1,43.4,running_out,chenyichi,20241104
1998/9/9,苯磺酰氯,Benzenesulfonyl Chloride,安耐吉,25g,25,g,1,76,running_out,xuguofeng,20241104
98-74-8,对硝基苯磺酰氯,,Adamas,100g,100,g,1,70,running_out,zhaobinzhi,20241105
32315-10-9,三光气,Bis(trichloromethyl) carbonate,安耐吉,25g,25,g,1,16,not_stocked,zhaobinzhi,20241105
2916-68-9,,,毕得医药,25g,25,g,1,108.5,not_stocked,zhaobinzhi,20241105
3114-55-4,,,安耐吉,1g*2,1,g,2,200,not_stocked,zhaobinzhi,20241105
25038-54-4,尼龙6,Nylon 6,"	Adamas",100g,100,g,1,43.5,running_out,admin,20241106
1998/9/9,苯磺酰氯,"
Benzenesulfonyl chloride",虹湖联合,25g,25,g,1,25.52,not_stocked,xuguofeng,20241106
79-34-5,四氯乙烷,"1,1,2,2-Tetrachloroethane",百灵威,25 mL,25,mL,1,67.15,running_out,wangxi,20241107
1206524-85-7,格佐匹韦中间体5,"8H-7,10-Methanocyclopropa[18,19][1,10,3,6]dioxadiazacyclononadecino[11,12-b]quinoxaline-8-carboxylicacid,5-(1,1-dimethylethyl)-1,1a,3,4,5,6,9,10,18,19,20,21,22,22a-tetradecahydro-14-methoxy-3,6-dioxo-,(1aR,5S,8S,10R,22aR)-",毕得,0.75g,0.75,g,1,300,running_out,mengjunhong,20241107
941-98-0,1-乙酰萘,1'-Acetonaphthone,毕得,100 g,100,g,1,56,not_stocked,chenyichi,20241107
49562-28-9,2-(4-(4-氯苯甲酰)苯氧基)-2-甲基丙酸异丙酯,Isopropyl 2-(4-(4-chlorobenzoyl)phenoxy)-2-methylpropanoate,毕得,5g,5,g,1,23.8,not_stocked,chenyichi,20241107
1975/5/8,"乙腈,HPLC","
Acetonitrile HPLC",通广,4L,4,L,1,190,running_out,xuguofeng,20241107
67-56-1,"甲醇,HPLC",Methanol HPLC,通广,2.5L,2.5,L,1,50,running_out,xuguofeng,20241107
110-71-4,乙二醇二甲醚,"1,2-Dimethoxyethane",通广,500mL,500,mL,1,58.8,running_out,xuguofeng,20241107
14028-44-5,阿莫沙平, Amoxapine,TCI,1g,1,g,1,472,reorder,huangyilei,20241107
198481-33-3, 醋酸巴多昔芬,Bazedoxifene(acetate)-B,乐研,1g,1,g,1,1263.5,running_out,huangyilei,20241107
1980/5/7,双酚A, BisphenolA,乐研,500g,500,g,1,32.9,running_out,huangyilei,20241107
73-31-4,N-(2-(5-甲氧基-1H-吲哚-3-基)乙基)乙酰胺,N-(2-(5-Methoxy-1H-indol-3-yl)ethyl)acetamide,毕得医药,25g,25,g,1,58.1,not_stocked,huangyilei,20241107
13599-84-3,6-羟基苯并噻唑,6-Hydroxybenzothiazole,毕得医药,1g,1,g,1,109.9,running_out,huangyilei,20241107
18113-07-0,4-氯-3-甲氧基苯酚, 4-Chloro-3-methoxyphenol,毕得医药,250mg,250,mg,1,72.1,running_out,huangyilei,20241107
118-42-3,2-[[4-[(7-氯喹啉-4-基)氨基]戊基](乙基)氨基]乙醇,2-((4-((7-Chloroquinolin-4-yl)amino)pentyl)(ethyl)amino)ethanol,毕得,1 g,1,g,1,38.5,not_stocked,chenyichi,20241107
5496/10/6,1-氨基环己烷甲腈, 1-Aminocyclohexanecarbonitrile,毕得,1 g x2,1,g,2,33.6,not_stocked,wangxi,20241110
140681-55-6,"1-氯甲基-4-氟-1,4-二叠氮双环[2.2.2]辛烷双四氟硼酸盐","1-Chloromethyl-4-fluoro-1,4-diazoniabicyclo[2.2.2]octane",麦克林(Macklin),100 g,100,g,1,98.4,running_out,chenyichi,20241110
598-62-9,碳酸锰(II),Manganese carbonate,阿拉丁,100g,100,g,1,24.1,not_stocked,yanglicheng,20241110
114344-67-1,2-氨基-3-碘苯甲腈,2-Amino-3-iodobenzonitrile,毕得,1g,1,g,1,89.6,not_stocked,huzhibin,20241110
532-55-8,苯甲酰基异硫氰酸酯,Benzoyl isothiocyanate,毕得,5g,5,g,1,29.4,degraded,huzhibin,20241110
2700-22-3,苄烯丙二腈,2-Benzylidenemalononitrile,毕得,1g,1,g,1,23.8,not_stocked,huzhibin,20241110
110-78-1,异氰酸己酯,Hexyl Isocyanate,阿拉丁,1ml,1,mL,1,59.2,not_stocked,huzhibin,20241110
542-85-8,异硫氰酸乙酯,Ethylisothiocyanate,毕得,5g,5,g,1,37.8,not_stocked,huzhibin,20241110
7789-20-0,重水,Deuterium oxide,百灵威,10 mLx2,10,ml,2,121,running_out,wangxi,20241013
1191-25-9,6-羟基己酸,6-Hydroxyhexanoic acid,凯国科技,1g,1,g,1,80,running_out,admin,20241111
920-66-1,"	六氟异丙醇","
2446-83-5",MREDA,500G,500,g,1,289.5,running_out,admin,20241111
13465-09-3,溴化铟,INDIUM(III) BROMIDE,毕得,5 g,5,g,1,43.4,not_stocked,wangxi,20241111
162358-05-6,2-(4-正辛基苯)乙醇,2-(4-Octylphenyl)ethanol,麦克林,1 g,1,g,1,142.4,not_stocked,pengjing,20241111
,苯甲醚,Anisole,Adamas,100mL,100,mL,1,14,running_out,zhaobinzhi,20241111
109-72-8,正丁基锂,n-Butyllithium,百灵威J&K,100mL,100,mL,1,78,not_stocked,mengjunhong,20241111
161798-03-4,2-[3-醛基-4-异丁氧基苯基]-4-甲基噻唑-5-甲酸乙酯, Ethyl 2-(3-formyl-4-isobutoxyphenyl)-4-methylthiazole-5-carboxylate,毕得,324,,,1,5,not_stocked,zhuminghui,20141111
7775-14-6,连二亚硫酸钠,Sodium dithionite,安耐吉,500g,500,g,1,6,not_stocked,xuguofeng,20241113
7772-99-8,氯化亚锡,Stannous chloride,毕得,100g,100,g,1,65.1,not_stocked,xuguofeng,20241113
36902-22-4,2-(3-甲基-3H-双吖丙啶-3-基)乙胺,"
3-Methyl-3H-diazirine-3-ethanamine",安耐吉,250mg,250,mg,1,2852.1,not_stocked,xingyihong,20241113
2446-83-5,"二异丙基偶氮-1,2-二羧酸酯","Diisopropyl diazene-1,2-dicarboxylate",毕得,100g,100,g,1,62.3,not_stocked,pengjing,20241113
624-28-2,"2,5-二溴吡啶",5-bromo-2-(4-bromophenyl)pyridine,希恩思,25g,25,g,1,18,running_out,shihongwei,20241114
62-53-3,苯胺,Aniline,安耐吉,100mL,100,mL,1,16,not_found,xuguofeng,20241114
82113-65-3,双三氟甲烷磺酰亚胺,"1,1,1-Trifluoro-N-((trifluoromethyl)sulfonyl)methanesulfonamide",毕得,10 g,10,g,1,68.6,running_out,chenyichi,20241114
6669-13-2,叔丁基苯醚,,罗恩,"5g
",5,g,1,130.6,not_stocked,zhaobinzhi,20241114
140681-55-6,"1-氯甲基-4-氟-1,4-二叠氮双环[2.2.2]辛烷双四氟硼酸盐","1-Chloromethyl-4-fluoro-1,4-diazoniabicyclo[2.2.2]octane",麦克林(Macklin),100 g,100,g,1,81.18,not_stocked,chenyichi,20241115
133395-16-1,双(三氟甲磺酰基)酰亚胺镁(II),Magnesium bis(trifluoromethylsulfonyl)imide,毕得,5 g*2,5,g,2,94.5,not_stocked,chenyichi,20241115
645-45-4,3-苯丙酰氯 ,Hydrocinnamoyl chloride,毕得,25 g,25,g,1,46.2,not_stocked,chenyichi,20241115
513-35-9,异戊烯, 2-Methyl-2-butene,伊诺凯,25ml,25,mL,1,38,not_stocked,zhuminghui,20241115
436-77-1,"(11S,31R)-16,36,54-三甲氧基-12,32-二甲基-11,12,13,14,31,32,33,34-八氢-2,6-二氧杂-1(7,1),3(8,1)-二异喹啉-5(1,3),7(1,4)-二苯并环八烷-37-醇"," (11S,31S)-16,36,54-Trimethoxy-12,32-dimethyl-11,12,13,14,31,32,33,34-octahydro-2,6-dioxa-1(7,1),3(8,1)-diisoquinolina-5(1,3),7(1,4)-dibenzenacyclooctaphan-37-ol
",毕得,1g,1,g,1,144.2,not_stocked,zhuminghui,20241115
10309-37-2,"(S,E)-4-(3,7-二甲基-3-乙烯基辛基-1,6-二烯-1-基)苯酚 ","(S,E)-4-(3,7-Dimethyl-3-vinylocta-1,6-dien-1-yl)phenol",毕得,1g,1,g,1,400,not_stocked,zhuminghui,20241115
697235-49-7,2-(3-(4-羟基苯基)丙酰氨基)苯甲酸, 2-(3-(4-Hydroxyphenyl)propanamido)benzoic acid,毕得,25g,25,g,1,300,not_stocked,zhuminghui,20241115
6385-02-0,"2-((2,6-二氯-3-甲基苯基)氨基)苯甲酸钠"," Sodium 2-((2,6-dichloro-3-methylphenyl)amino)benzoate",毕得,1g,1,g,1,245,not_stocked,zhuminghui,20241115
775304-57-9,"3-[5-(2-氟苯基)-1,2,4-噁二唑-3-基]苯甲酸 ","3-(5-(2-Fluorophenyl)-1,2,4-oxadiazol-3-yl)benzoic acid",毕得,1g,1,g,1,200,not_stocked,zhuminghui,20241115
139481-72-4,"2-乙氧基-1-((2'-(1-三苯甲基-1H-四唑-5-基)-[1,1'-联苯]-4-基)甲基)-1H-苯并[d]咪唑-7-羧酸"," 2-Ethoxy-1-((2'-(1-trityl-1H-tetrazol-5-yl)-[1,1'-biphenyl]-4-yl)methyl)-1H-benzo[d]imidazole-7-carboxylic acid
",毕得,1g,1,g,1,123,not_stocked,zhuminghui,20241115
1044598-91-5,"4-[4-[[2-(4-氯苯基)-5,5-二甲基-1-环己烯]甲基]-1-哌嗪]苯甲酸"," 4-(4-((4'-Chloro-4,4-dimethyl-3,4,5,6-tetrahydro-[1,1'-biphenyl]-2-yl)methyl)piperazin-1-yl)benzoic acid
",毕得,250mg,250,mg,1,212.8,not_stocked,zhuminghui,20241115
179162-55-1,4-(5-(4-(戊氧基)苯基)异恶唑-3-基)苯甲酸 ,4-(5-(4-(Pentyloxy)phenyl)isoxazol-3-yl)benzoic acid,毕得,1g,1,g,1,207.9,not_stocked,zhuminghui,20241115
165324-09-4,双(三氟甲基磺酰基)酰亚胺钙(II),Calcium(II) Bis(trifluoromethanesulfonyl)imide,毕得,1 g x2,1,g,2,70.7,not_stocked,chenyichi,20241115
5930-28-9,"4-氨基-2,6-二氯苯酚","4-Amino-2,6-dichlorophenol",毕得,100g,100,g,1,58.8,not_stocked,hanshuai,20241114
107228-51-3,"3,6-二氯-4-异丙基哒嗪","3,6-Dichloro-4-isopropylpyridazine",毕得,5g,5,g,1,119,not_stocked,hanshuai,20241114
622-58-2,对甲基苯异氰酸酯,1-Isocyanato-4-methylbenzene,毕得,5g,5,g,1,25.2,not_stocked,huzhibin,20241117
13196-10-6,苯并呋喃-5-醇, Benzofuran-5-ol,毕得医药,250mg,250,mg,1,333.2,running_out,huangyilei,20241117
100-46-9,苄胺,Benzylamine,安耐吉," 	100ml",100,mL,1,16,not_stocked,huangyilei,20241117
3209-13-0,3-甲氧基-5-甲基苯酚,3-Methoxy-5-methylphenol,毕得医药,250mg,250,mg,1,83.3,running_out,huangyilei,20241117
17362-17-3,3-(4-羟基苯基)丙腈, 3-(4-Hydroxyphenyl)propionitrile,毕得医药,250mg,250,mg,1,215.6,not_stocked,huangyilei,20241117
39634-42-9,4-(4-(三氟甲基)苯氧基)苯酚,4-(4-(Trifluoromethyl)phenoxy)phenol,毕得医药,1g,1,g,1,109.2,not_stocked,huangyilei,20241117
939-69-5,6-羟基苯并[d]噻唑-2-腈,6-Hydroxybenzo[d]thiazole-2-carbonitrile,乐研,1g,1,g,1,74.2,not_stocked,huangyilei,20241117
864070-18-8,4-(5-溴-2-氯苄基)苯酚,4-(5-Bromo-2-chlorobenzyl)phenol,毕得医药,1g,1,g,1,21.7,not_stocked,huangyilei,20241117
16530-58-8,4-(2-(4-甲氧基苯基)丙-2-基)苯酚,4-(2-(4-Methoxyphenyl)propan-2-yl)phenol,毕得医药,250mg,250,mg,1,252.7,not_stocked,huangyilei,20241117
269409-70-3,4-羟基苯硼酸频哪醇酯," 4-(4,4,5,5-Tetramethyl-1,3,2-dioxaborolan-2-yl)phenol",毕得医药,5g,5,g,1,35,not_stocked,huangyilei,20241117
73799-64-1,3-氮杂双环[3.1.0]己烷盐酸盐, 3-Azabicyclo[3.1.0]hexane hydrochloride,毕得医药,1g,1,g,1,65.1,not_stocked,huangyilei,20241117
1824-81-3,2-氨基6-甲基吡啶,2-Amino-6-methylpyridine,安耐吉,25g,25,g,1,28,not_stocked,xuguofeng,20241117
472-15-1,白桦脂酸,Betulinic Acid,毕得医药,1g,1,g,1,84.7,not_stocked,pengjing,20241118
133395-16-1,双(三氟甲磺酰基)酰亚胺镁(II),Magnesium bis(trifluoromethylsulfonyl)imide,毕得,5 g,5,g,1,94.5,running_out,chenyichi,20241119
645-45-4,3-苯丙酰氯,Hydrocinnamoyl chloride,毕得,25 g,25,g,1,46.2,not_stocked,chenyichi,20241119
86-57-7,α-硝基萘,1-Nitronaphthalene,毕得,5 g,5,g,1,80,not_stocked,chenyichi,20241119
6629/4/5,N-氰基乙酰尿烷,N-Cyanoacetylurethane,毕得医药,5g,5,g,1,37.1,not_stocked,hanshuai,20241119
,氯化氢二氧六环溶液.,"4.0 M in solution 1,4-Dioxane",MREDA,500mL,500,mL,1,240,not_stocked,tanhui,20241119
34743-49-2,"4-甲氧基-2,6-二甲基苯胺 ","4-Methoxy-2,6-dimethylaniline",毕得医药,1g,1,g,1,119,not_stocked,tanhui,20241119
24596-18-7,"4-氯-2,6-二甲基苯胺 ","4-Chloro-2,6-dimethylaniline",毕得医药,1g,1,g,1,91,not_stocked,tanhui,20241119
3096-70-6,"4-氨基-3,5-二甲酚 ","4-Amino-3,5-dimethylphenol",毕得医药,5G,5,g,1,63.7,not_stocked,tanhui,20241119
42014-60-8,"4-叔丁基-2,6-二甲基-苯胺"," 4-(tert-Butyl)-2,6-dimethylaniline",毕得医药,1g,1,g,1,54.7,not_stocked,tanhui,20241119
64-18-6,甲酸 ,"Formic acid, 99%, Standard for GC",百灵威J&K,5ml,5,mL,1,39.1,not_stocked,tanhui,20241119
30525-89-4,多聚甲醛," Paraformaldehyde, 96%, extra pure",百灵威J&K,100g,100,g,1,52.7,not_stocked,tanhui,20241119
107-22-2,乙二醛 ,Glyoxal,毕得医药,100g,100,g,1,39.2,degraded,tanhui,20241119
36902-22-4,2-(3-甲基-3H-双吖丙啶-3-基)乙胺,"
3-Methyl-3H-diazirine-3-ethanamine",偶合,250mg,250,mg,1,2289,not_stocked,xingyihong,20241119
201802-29-1,B-[4-[双(4-甲氧基苯基)氨基]苯基]硼酸 ,B-[4-[Bis(4-methoxyphenyl)amino]phenyl]boronic acid,安耐吉,5g,5,g,1,440,running_out,shihongwei,20241119
56363-84-9,2-氯-4-羟基苯甲酸, 2-Chloro-4-hydroxybenzoic acid,毕得,1g,1,g,1,70,not_stocked,pengjing,20241119
946426-89-7,"(5-环丙基-3-(2,6-二氯苯基)异噁唑-4-基)甲醇","(5-Cyclopropyl-3-(2,6-dichlorophenyl)isoxazol-4-yl)methanol",乐研,5g,5,g,1,65.1,not_stocked,pengjing,20241119
23598-72-3,3-(2-氯苯基)-5-甲基异唑-4-羧酸,"
3-(2-Chlorophenyl)-5-methylisoxazole-4-carboxylic acid",麦克林,5g,5,g,1,152,not_stocked,pengjing,20241119
589-29-7,"1,4-苯二甲醇","	1,4-Benzenedimethanol",希恩思,100g,100,g,1,31,not_stocked,shihongwei,20241119
4136-95-2,"2,4,6-三氯苯甲酰氯","2,4,6-Trichlorobenzoyl chloride",希恩思,25g,25,g,1,437,not_stocked,shihongwei,20241119
871-70-5,十八烷二酸,"	OCTADECANEDIOIC ACID",希恩思,5g,5,g,1,46,not_stocked,shihongwei,20241119
69249-61-2,2-溴-3-己基噻吩,2-bromo-3-hexylthiophene,希恩思,25g,25,g,1,207,running_out,shihongwei,20241119
162358-05-6,2-(4-正辛基苯)乙醇,2-(4-Octylphenyl)ethanol,Acmec,1 g,1,g,1,111.2,not_stocked,pengjing,20241120
80522-42-5,三氟甲磺酸三异丙基硅基酯,Triisopropylsilyl Trifluoromethanesulfonate,欣恒研,25g,25,g,1,80,running_out,admin,20241120
24424-99-5,二叔丁基二碳酸酯 ,"Di-tert-butyl dicarbonate, 95%",百灵威J&K,25g,25,g,1,51,not_stocked,tanhui,20241120
141556-45-8,"1,3-双(2,4,6-三甲基苯基)氯化咪唑 ","1,3-Bis(2,4,6-trimethylphenyl)imidazolium chloride",安耐吉,1g,1,g,1,20.8,running_out,tanhui,20241120
127-08-2,乙酸钾," Potassium acetate, 99%, ACS reagent",百灵威J&K,100g,100,g,1,101,not_stocked,tanhui,20241120
109-99-9,超干四氢呋喃, Tetrahydrofuran[ZDQSD],安耐吉,100 mL,100,mL,1,39,not_stocked,tanhui,20241120
39968-33-7,1-羟基-7-氮杂苯并三唑, 1-Hydroxy-7-azabenzotriazole,乐研,1g,1,g,1,21.7,not_stocked,tanhui,20241120
893413-42-8,(6氯1H苯并三唑1基氧)三吡咯烷基磷六氟磷酸盐 ,"(6-Chloro-1H-benzotriazol-1-yloxy)tripyrrolidinophosphonium hexafluorophosphate, 99%",百灵威J&K,1g,1,g,1,34,not_stocked,tanhui,20241120
530-62-1,"N,N'羰基二咪唑"," N,N'-Carbonyldiimidazole, 98%",乐研,5G,5,g,1,51,not_stocked,tanhui,20241120
38428-14-7,"1,2-二氢-2-异丁氧基喹啉-1-甲酸异丁酯 ","2-Isobutoxy-1-(isobutoxycarbonyl)-1,2-dihydroquinoline",乐研,1g,1,g,1,26.6,not_stocked,tanhui,20241120
434935-69-0,2-甲基-6-硝基苯甲酸酐, 2-Methyl-6-nitrobenzoicanhydride,乐研,1g,1,g,1,55.3,not_stocked,tanhui,20241120
14338-32-0,2-氯-1-甲基吡啶碘化物 ,2-Chloro-1-methylpyridiniumiodide,乐研,10g,10,g,1,37.1,not_stocked,tanhui,20241120
1075198-30-9,(1氰基2乙氧基2氧代亚乙基氨基氧基)二甲基氨基吗啉代碳鎓六氟磷酸盐 ,"(1-Cyano-2-ethoxy-2-oxoethylidenaminooxy)dimethylamino-morpholino-carbenium hexafluorophosphate, 98%
货号1150273",百灵威J&K,5G,5,g,1,43,not_stocked,tanhui,20241120
333717-40-1,"N-(6-氰基-2-甲基-7-氧代-4,8-二氧代-2,5-二氮杂癸-5-烯-3-亚基)-N-甲基甲铵六氟磷酸盐(V) 
货号B013183","N-(6-Cyano-2-methyl-7-oxo-4,8-dioxa-2,5-diazadec-5-en-3-ylidene)-N-methylmethanaminium hexafluorophosphate(V)",安耐吉,5g,5,g,1,54.4,not_stocked,tanhui,20241120
873798-09-5,"2-(3H-[1,2,3]三唑并[4,5-b]吡啶-3-基)-1,1,3,3-四甲基脲四氟硼酸盐 ","2-(3H-[1,2,3]Triazolo[4,5-b]pyridin-3-yl)-1,1,3,3-tetramethyluronium tetrafluoroborate
货号BD55638",毕得医药,1g,1,g,1,36.4,not_stocked,tanhui,20241120
138687-69-1,五氟苯基二苯基膦酸酯," Pentafluorophenyl diphenylphosphinate, 98%",百灵威J&K,1G,1,g,1,25,not_stocked,tanhui,20241120
165534-43-0,"3-(二乙氧基邻酰氧基)-1,2,3-苯并三嗪-4-酮 ","Diethyl (4-oxobenzo[d][1,2,3]triazin-3(4H)-yl) phosphate",毕得医药,5G,5,g,1,33.6,not_stocked,tanhui,20241120
16357-59-8,"N乙氧酰基2乙氧基1,2二氢喹啉"," N-Ethoxycarbonyl-2-ethoxy-1,2-dihydroquinoline, 98%",百灵威J&K,25g,25,g,1,25,not_stocked,tanhui,20241120
68641-49-6,双(2-氧代-3-噁唑烷基)次磷酰氯 ,Bis(2-oxooxazolidin-3-yl)phosphinic chloride,毕得医药,1G,1,g,1,22.4,not_stocked,tanhui,20241120
101385-69-7,"2-氯-1,3-二甲基咪唑六氟磷酸盐"," 2-Chloro-1,3-dimethyl-4,5-dihydro-1H-imidazol-3-iumhexafluorophosphate(V)(CIP)
货号1015009-5g",乐研,5g,5,g,1,25.2,not_stocked,tanhui,20241120
164298-25-3,氟代二吡咯烷碳鎓六氟磷酸盐," 1-(Fluoro(pyrrolidin-1-yl)methylene)pyrrolidin-1-ium hexafluorophosphate(V)
货号BD117241",毕得医药,1G,1,g,1,25.2,not_stocked,tanhui,20241120
135540-11-3,1(氯1吡咯烷基亚甲基)吡咯烷鎓六氟磷酸盐," 1-(Chloro-1-pyrrolidinylmethylene)pyrrolidinium hexafluorophosphate, 98%",百灵威J&K,1G,1,g,1,23,not_stocked,tanhui,20241120
105379-24-6,"O(苯并三唑1基)N,N,N',N'二(四亚甲基)鎓六氟磷酸盐 ","O-(Benzotriazol-1-yl)-N,N,N',N'-bis(tetramethylene)uronium hexafluorophosphate, 98%
货号393937",百灵威J&K,1G,1,g,1,35,not_stocked,tanhui,20241120
133894-48-1,"氯三吡咯烷基鏻六氟磷酸盐
货号501952"," Chlorotripyrrolidinophosphonium hexafluorophosphate, 98%",百灵威J&K,1G,1,g,1,23,not_stocked,tanhui,20241120
50296-37-2,溴化三(二甲基氨基)磷鎓六氟磷酸盐 ,"Bromotris(dimethylamino)phosphonium hexafluorophosphate, 98%",百灵威J&K,1G,1,g,1,78,not_stocked,tanhui,20241120
156311-83-0,"(3H-1,2,3-三唑并[4,5-b]吡啶-3-氧基)三-1-吡咯烷基鏻六氟磷酸盐"," ((3H-[1,2,3]Triazolo[4,5-b]pyridin-3-yl)oxy)tri(pyrrolidin-1-yl)phosphonium hexafluorophosphate(V)
货号BD18599",毕得医药,1G,1,g,1,24.5,not_stocked,tanhui,20241120
125700-67-6,"O苯并三氮唑N,N,N',N'四甲基脲鎓四氟硼酸盐 ","O-(Benzotriazol-1-yl)-N,N,N',N'-tetramethyluronium tetrafluoroborate, 99%
货号435124",百灵威J&K,1G,1,g,1,25.5,not_stocked,tanhui,20241120
28230-32-2,"3羟基1,2,3苯并三嗪4(3H)酮 ","3-Hydroxy-1,2,3-benzotriazin-4(3H)-one, 98%
货号602789",百灵威J&K,5G,5,g,1,42.5,not_stocked,tanhui,20241120
6066-82-6,N羟基琥珀酰亚胺 ,"N-Hydroxysuccinimide, 98%",百灵威J&K,5G,5,g,1,51,not_stocked,tanhui,20241120
159390-26-8,"1，3-双(2，2-二甲基-1，3-二氧戊环-4-基甲基)碳二亚胺BDDC
货号M079298-200mg", 1，3-Bis(2，2-dimethyl-1，3-dioxolan-4-ylmethyl)carbodiimide,MREDA,267,,,1,200,not_stocked,tanhui,20241120
2162-74-5,"N,N'二(2,6二异丙基苯基)碳二亚胺 ","Bis(2,6-diisopropylphenyl)carbodiimide, 98%",百灵威J&K,5G,5,g,1,34,not_stocked,tanhui,20241120
693-13-0,"N,N'二异丙基碳二亚胺"," N,N'-Diisopropylcarbodiimide, 99%",百灵威J&K,5G,5,g,1,51,not_stocked,tanhui,20241120
5417-13-0,"Oxyma-B 无水物 Oxyma-B 无水物,97%","	Oxyma-B ",MREDA,1g,1,g,1,37.5,not_stocked,tanhui,20241120
94790-37-1,"O苯并三氮唑N,N,N',N'四甲基脲鎓六氟磷酸盐
"," O-Benzotriazole-N,N,N',N'-tetramethyluronium hexafluorophosphate, 99%
",百灵威J&K,5G,5,g,1,80,not_stocked,tanhui,20241120
148893-10-1,"O(7氮杂苯并三氮唑基)N,N,N',N'四甲基脲鎓六氟磷酸盐 ","O-(7-Azabenzotriazol-1-yl)-N,N,N',N'-tetramethyluronium hexafluorophosphate, 99%
",百灵威J&K,5G,5,g,1,65.45,not_stocked,tanhui,20241120
128625-52-5,苯并三唑1基氧三吡咯烷基鏻六氟磷酸 ,"Benzotriazol-1-yloxytrispyrrolidinophosphonium hexafluorophosphate, 99%",百灵威J&K,5G,5,g,1,76.5,not_stocked,tanhui,20241120
56602-33-6,苯并三唑1基氧基三(二甲氨基)鏻六氟磷酸盐," Benzotriazol-1-yloxytris(dimethylamino)-phosphonium hexafluorophosphate, 98%",百灵威J&K,5G,5,g,1,51,not_stocked,tanhui,20241120
265651-18-1,"N,N,N',N'四甲基O(N琥珀酰亚胺基)六氟磷酸脲 ","N,N,N',N'-Tetramethyl-O-(N-succinimidyl)uronium hexafluorophosphate, 99%",百灵威J&K,1G,1,g,1,25.5,not_stocked,tanhui,20241120
1892-57-5,1(3二甲氨基丙基)3乙基碳二亚胺 ,"1-(3-Dimethylaminopropyl)-3-ethylcarbodiimide, 97%, for synthesis",Amethyst,5G,5,g,1,66.3,not_stocked,tanhui,20241120
156311-85-2,"(7氮杂苯并三唑1基氧代)三(三甲基氨基)膦六氟磷酸盐
货号981529"," (7-Azabenzotriazol-1-yloxy)tris(dimethylamino)phosphonium Hexafluorophosphate, 99%",百灵威J&K,1G,1,g,1,34.85,not_stocked,tanhui,20241120
164298-23-1,四甲基氟代脲六氟磷酸酯 ,"Fluoro-N,N,N',N'-tetramethylformamidinium hexafluorophosphate",安耐吉,5G,5,g,1,36.8,not_stocked,tanhui,20241120
38041-19-9,4-氨基四氢吡喃,4-Aminotetrahydropyran,毕得,1g,1,g,1,23.1,not_stocked,xuguofeng,20241120
95-51-2,2-氯苯胺,2-Chloroaniline,安耐吉,25mL,25,mL,1,100,not_stocked,xuguofeng,20241120
108-42-9,3-氯苯胺,3-Chloroaniline,安耐吉,25g,25,g,1,36.8,not_stocked,xuguofeng,20241120
645-56-7,4-丙基苯酚 ,4-Propylphenol,毕得医药,25g,25,g,1,74.2,not_stocked,huangyilei,20241120
589-29-7,"1,4-苯二甲醇","	1,4-Benzenedimethanol",希恩思,5g,5,g,1,12,not_stocked,shihongwei,20241119
69249-61-2,2-溴-3-己基噻吩,2-bromo-3-hexylthiophene,希恩思,5g*2,5,g,2,88,running_out,shihongwei,20241119
4107-65-7,"2,4-二甲氧基苯腈","2,4-Dimethoxybenzonitrile",毕得医药,1 g,1,g,1,24.5,not_stocked,wangxi,20241122
5417-13-0,Oxyma-B 无水物,"	5-hydroxyimino-1,3-dimethyl-1,3-diazinane-2,4,6-trione",迈瑞达,1g,1,g,1,60,not_stocked,zhuminghui,20241122
1375325-77-1,"氯[(4,5-双(二苯基膦)-9,9-二甲基氧杂蒽)-2-(2-氨基联苯)]钯(II) XantPhos Pd G2","Chloro[(4,5-bis(diphenylphosphino)-9,9-dimethylxanthene)(2-amino-1,1-biphenyl-2-yl)palladium(II)",毕得,5g,5,g,1,567,running_out,xuguofeng,20241122
65412-03-5,4-(2-氨乙基)四氢吡喃,4-(2-AMINOETHYL)TETRAHYDROPYRAN,毕得,1g,1,g,1,360.5,running_out,xuguofeng,20241122
23598-72-3,3-(2-氯苯基)-5-甲基异唑-4-羧酸,"
3-(2-Chlorophenyl)-5-methylisoxazole-4-carboxylic acid",阿拉丁,10g,10,g,1,206.16,not_stocked,pengjing,20241122
271-63-6,7-氮杂吲哚,7-Azaindole,毕得,10g,10,g,1,37.8,running_out,xuguofeng,20241122
140681-55-6,"1-氯甲基-4-氟-1,4-二叠氮双环[2.2.2]辛烷双四氟硼酸盐","1-Chloromethyl-4-fluoro-1,4-diazoniabicyclo[2.2.2]octane",麦克林(Macklin),100 g,100,g,1,124.8,not_stocked,chenyichi,20241124
1998/8/8,"三氟甲苯 α,α,α-三氟甲苯 ",Benzotrifluoride,麦克林(Macklin),100 g,100,g,1,35.64,not_stocked,chenyichi,20241124
1493-13-6,三氟甲磺酸,Trifluoromethanesulfonic acid,安耐吉,25g,25,g,1,30,degraded,sunyichen,20241124
1157867-61-2,"1,3-双(2,6-二(戊-3-基)苯基)-1H-咪唑-3-鎓氯化物"," 1,3-Bis(2,6-di(pentan-3-yl)phenyl)-1H-imidazol-3-ium chloride",毕得医药,100mg,100,mg,1,146.3,not_stocked,tanhui,20241124
1008-89-5,2-苯基吡啶,2-Phenylpyridine,毕得,25 g,25,g,1,106.4,running_out,chenyichi,20241124
1008-88-4,3-苯基吡啶,3-Phenylpyridine,毕得,10 g,10,g,1,118.3,running_out,chenyichi,20241124
2353-44-8,"3-氨基-2,6-哌啶二酮","3-Aminopiperidine-2,6-dione",毕得医药,1g,1,g,1,189,not_stocked,huangyilei,20241124
19226-36-9,"3-苯基-1,4,2-二恶唑-5-酮","3-Phenyl-1,4,2-dioxazol-5-one",安耐吉,1g,1,g,1,103.2,not_stocked,huangyilei,20241124
827-54-3,2-乙烯基萘,2-Vinylnaphthalene,毕得医药,5 g,5,g,1,44.1,running_out,wangxi,
920-42-3,甲酸-d2,Formic acid-d2,阿拉丁,250mg,250,mg,1,226.9,not_stocked,mengjunhong,
140681-55-6,"1-氯甲基-4-氟-1,4-二叠氮双环[2.2.2]辛烷双四氟硼酸盐","1-Chloromethyl-4-fluoro-1,4-diazoniabicyclo[2.2.2]octane",阿拉丁n),25 g (95%纯度）,,,1,36.58,not_stocked,chenyichi,20241110
20880-92-6,"((3aS,5aR,8aR,8bS)-2,2,7,7-四甲基四氢氢-3aH-双([1,3]二氧基)[4,5-b:4',5'-d]吡喃-3a-基)甲醇 ","(3aS,5aR,8aR,8bS)-2,2,7,7-Tetramethyltetrahydro-3aH-bis([1,3]dioxolo)[4,5-b:4',5'-d]pyran-3a-yl)methanol
",毕得医药,10g,10,g,1,42,running_out,shihongwei,20241127
134-32-7,1-萘胺 ,1-Aminonaphthalene,安耐吉,25g,25,g,1,24,not_stocked,shihongwei,20241127
50890-67-0,"4,5-二氮芴-9-酮","5H-Cyclopenta[1,2-b:5,4-b']dipyridin-5-one",毕得,1 g,1,g,1,65.1,not_stocked,wangxi,
120014-30-4,"5,6-二甲氧基-2-(4-哌啶基)亚甲基-1-茚酮","5,6-Dimethoxy-2-(piperidin-4-ylmethyl)-2,3-dihydro-1H-inden-1-one",毕得医药,1 g,1,g,1,23.8,not_stocked,wangxi,
79559-97-0,盐酸舍曲林,Sertraline Hydrochloride,上海泰坦,1 g,1,g,1,21,not_stocked,wangxi,
78246-49-8,"(3S,4R)-3-((苯并[d][1,3]dioxol-5-氧基)甲基)-4-(4-氟苯基)哌啶盐酸盐","3S,4R)-3-((Benzo[D][1,3]Dioxol-5-Yloxy)Methyl)-4-(4-Fluorophenyl)Piperidine Hydrochloride",上海泰坦,250 mg,250,mg,1,23,not_stocked,wangxi,
56296-78-7,"	盐酸氟西汀","
Fluoxetine hydrochloride",上海泰坦,1 g,1,g,1,34,not_stocked,wangxi,
82248-59-7,盐酸托莫西汀,Atomoxetine hydrochloride,上海泰坦,1 g,1,g,1,38,not_stocked,wangxi,
67-68-5,二甲基亚砜,"	DMSO",acmec,100ml,100,mL,1,20,not_stocked,tangshuyuan,20241128
67-68-5,二甲基亚砜,"	DMSO",吉至生化,,,,1,103,not_stocked,tangshuyuan,20241128
16872-11-0,氟硼酸,Fluoroboric acid,麦克林(Macklin),500 g (50% wt in H2O),,,1,38.28,not_stocked,chenyichi,20241129
12067-99-1,磷钨酸,Phosphotungstic acid,毕得,25 g,25,g,1,74.9,running_out,chenyichi,20241129
82113-65-3,双三氟甲烷磺酰亚胺,"1,1,1-Trifluoro-N-((trifluoromethyl)sulfonyl)methanesulfonamide",毕得,10 g,10,g,1,68.6,running_out,chenyichi,20241129
133395-16-1,双(三氟甲磺酰基)酰亚胺镁(II),Magnesium bis(trifluoromethylsulfonyl)imide,毕得,5 g,5,g,1,93.8,running_out,chenyichi,20241129
99-94-5,对甲基苯甲酸,4-Methylbenzoic acid,毕得,100 g,100,g,1,42,not_stocked,chenyichi,20241129
1072-98-6,2-氨基-5-氯吡啶,2-Amino-5-chloropyridine,毕得,100g,100,g,1,42,not_stocked,xuguofeng,20241129
39620-04-7,3-氯-2-氨基吡啶,?2-Amino-3-chloropyridine,毕得,1g,1,g,1,16.8,not_stocked,xuguofeng,20241129
36936-27-3,2-氨基-5-氯-4-甲基吡啶,2-Amino-5-chloro-4-picoline,毕得,1g,1,g,1,21,not_stocked,xuguofeng,20241129
866319-00-8,"5-氟-1H-吡咯并[2,3-b]吡啶","5-Fluoro-1H-pyrrolo[2,3-b]pyridine",毕得,5g,5,g,1,463.4,not_stocked,xuguofeng,20241129
2927-71-1,"2,4-二氯-5-氟嘧啶","2,4-Dichloro-5-fluoropyrimidine",毕得,10g,10,g,1,23.8,not_stocked,xuguofeng,20241129
67-56-1,"甲醇,HPLC",Methanol HPLC,通广,2.5L,2.5,L,1,50,running_out,xuguofeng,20241130
1975/5/8,"乙腈,HPLC",MeCN HPLC,通广,4L,4,L,1,190,running_out,xuguofeng,20241130
1634-04-4,甲基叔丁基醚,Methyl tert-butyl ether,通广,500mL,500,mL,1,12,running_out,xuguofeng,20241130
110-86-1,吡啶,Pyridine,通广,500mL,500,mL,1,71.4,running_out,xuguofeng,20241130
304-59-6,酒石酸钾钠,Potassium sodium tartrate,Greagent,500g*2,500,g,2,66,running_out,sunyichen,20241130
808755-67-1,2-溴苯并[d]噻唑-6-醇,2-Bromobenzothiazol-6-ol,毕得医药,250mg,250,mg,1,177.1,not_stocked,huangyilei,20241130
756839-14-2,1-甲基-7-羟基-1H-吲唑,1-Methyl-1H-indazol-5-ol,毕得医药,250mg,250,mg,1,144.2,not_stocked,huangyilei,20241130
50591-22-5,1-甲基-1H-苯并咪唑-5-醇, 1-Methyl-1H-benzo[d]imidazol-5-ol,毕得医药,1g,1,g,1,55.3,not_stocked,huangyilei,20241130
23997-94-6,5-羟基-2-甲基苯并恶唑,2-Methylbenzo[d]oxazol-5-ol,毕得医药,1g,1,g,1,149.1,not_stocked,huangyilei,20241130
5078/7/9,2-甲基-6-羟基苯并恶唑, 2-Methylbenzo[d]oxazol-6-ol,毕得医药,250mg,250,mg,1,272.3,not_stocked,huangyilei,20241130
7782-63-0,七水合硫酸亚铁,Ferrous sulfate heptahydrate,希恩思,500 g,500,g,1,16,running_out,shihongwei,20241202
,1-氨基-4-溴萘,4-Bromo-1-naphthylamine,希恩思,25g,25,g,1,64,not_stocked,shihongwei,20241202
56-81-5,甘油,Glycerol,希恩思,500 mL,500,mL,1,20,not_stocked,shihongwei,20241202
10035-10-6,氢溴酸 ,Hydrogen bromide,安耐吉,100 mL,100,mL,1,16,running_out,shihongwei,20241202
3375-31-3,醋酸钯 ,Palladium(II) acetate,毕得,1g,1,g,1,294,not_found,pengjing,20241202
1899-24-7,5-溴呋喃-2-甲醛,5-Bromofuran-2-carbaldehyde,毕得,5g,5,g,1,22.4,degraded,pengjing,20241202
140-88-5,丙烯酸乙酯, Ethyl acrylate,安耐吉,100 mL,100,mL,1,16,degraded,pengjing,20241202
22814-92-2,4-(4-氯苯)-3-氨基硫脲, N-(4-Chlorophenyl)hydrazinecarbothioamide,乐研,1g,1,g,1,37.1,not_stocked,pengjing,20241202
67-56-1,甲醇, Methanol,通广,500g*5,500,g,5,7,running_out,pengjing,20241202
133395-16-1,双(三氟甲磺酰基)酰亚胺镁(II),Magnesium bis(trifluoromethylsulfonyl)imide,毕得,25 g,25,g,1,407.4,not_stocked,chenyichi,20241203
553-94-6,"2-溴-1,4-二甲苯","2,5-Dimethylbromobenzene",希恩思,100 g,100,g,1,53,not_stocked,shihongwei,20241203
126752-51-0,十钨酸钠,sodium tungstate(VI),毕得,100 mg,100,mg,1,174.3,not_stocked,wangxi,20241203
22693-41-0,,"2,4,6-Triisopropylbenzenethiol",毕得,1 g,1,g,1,133,not_stocked,wangxi,20241203
2655-27-8,N-戊基苯胺,N-Pentylaniline,毕得,1 g,1,g,1,105,not_stocked,wangxi,
943516-54-9,"6,6-二甲基-3-氮杂双环[3.1.0]己烷","6,6-Dimethyl-3-azabicyclo[3.1.0]hexane",毕得,1 g,1,g,1,28,not_stocked,wangxi,20241203
69718-72-5,"2,3,4,5-四氢-1,5-甲桥-1H-3-苯并氮杂卓","2,3,4,5-tetrahydro-1H-1,5-methanobenzo[d]azepine",乐研,250 mg,250,mg,1,112,not_stocked,wangxi,20241203
149771-44-8,"3,8-二氮杂双环[3.2.1]辛烷-8-甲酸叔丁酯","tert-Butyl 3,8-diazabicyclo[3.2.1]octane-8-carboxylate",毕得,1 g,1,g,1,62.3,not_stocked,wangxi,20241203
14028-44-5,阿莫沙平,Amoxapine RG,泰坦,100 mg x2,100,mg,2,97,not_stocked,wangxi,20241203
87179-40-6,E)-1-(3-苯基-2-丙烯基)哌嗪,(E)-1-Cinnamylpiperazine,毕得,1 g,1,g,1,21.7,not_stocked,wangxi,20241203
1206161-97-8,非戈替尼,Filgotinib,毕得,100mg,100,mg,1,266,running_out,xuguofeng,20241203
599-00-8,氘代三氟乙酸,Trifluoroacetic acid-d(TMS),乐研,25g,25,g,1,310,running_out,admin,20241203
920-66-1,"	六氟异丙醇",HFIP,MREDA,500G,500,g,1,289.5,running_out,admin,20241203
,2-萘酚,,百灵威J&K,25g,25,g,1,85,not_found,tangshuyuan,20241203
,对甲基苯酚,,百灵威J&K,100g,100,g,1,110.5,not_found,tangshuyuan,20241203
,氢碘酸,,百灵威J&K,50ml,50,mL,1,245.65,not_found,tangshuyuan,20241203
109-73-9,正丁胺,Butylamine,伊诺凯,100mL,100,mL,1,24,not_found,huzhibin,20241204
2491-17-0,1-环已基-2-吗啉乙基碳二亚胺对甲苯磺酸盐,,吉至生化,250mg,250,mg,1,35.2,not_stocked,tanhui,20241204
22572-40-3,N(3二甲基氨基丙基)N'乙基碳二亚胺甲碘化物 ,"N-(3-Dimethylaminopropyl)-N'-ethylcarbodiimide methiodide, 98%",百灵威J&K,1G,1,g,1,114.75,not_stocked,tanhui,20241204
1433-27-8,1-叔丁基-3-乙基碳二亚胺 ,1-Tert-Butyl-3-Ethylcarbodiimide,Adamas,1G,1,g,1,66,not_stocked,tanhui,20241204
691-24-7,"N,N-二叔丁基碳二亚胺"," N,N-di-tert-butylcarbodiimide",毕得医药,5G,5,g,1,27.3,not_stocked,tanhui,20241204
25952-53-8,N(3二甲氨基丙基)N'乙基碳二亚胺盐酸盐 ,"N-(3-Dimethylaminopropyl)-N'-ethylcarbodiimide hydrochloride, 99%",Sigma-Aldrich,1G,1,g,1,51,not_stocked,tanhui,20241204
883837-34-1,S518999，,N-HYDROXY-2-PHENYLMALEIMIDE- N-HYDROXY-2-PHENYLMALEIMIDE-,,50mg,50,mg,1,137.61,not_stocked,tanhui,20241204
173962-59-9,"2-羟基-5-甲基异吲哚啉-1,3-二酮 ","2-Hydroxy-5-methylisoindoline-1,3-dione",麦克林,250mg,250,mg,1,144,not_stocked,tanhui,20241204
524-38-9,N羟基邻苯二甲酰亚胺," N-Hydroxyphthalimide, 98%",百灵威J&K,25g,25,g,1,56,not_stocked,tanhui,20241204
108-69-0,"1-氨基-3,5-二甲苯"," 3,5-Dimethylaniline",安耐吉,25mL,25,mL,1,40,not_stocked,tanhui,20241204
106-49-0,对甲苯胺, p-Toluidine,安耐吉,100g,100,g,1,24,running_out,tanhui,20241204
57583-53-6,N，N'-二羟基均苯四甲酸二胺 ,,Acmec,200mg,200,mg,1,110,not_stocked,tanhui,20241204
105969-98-0,N-羟基-4-硝基邻苯二甲酰亚胺,;C8H4N2O5,Acmec,250mg,250,mg,1,110,not_stocked,tanhui,20241204
1639-31-2,"3,4,5-三甲基苯胺 ","3,4,5-Trimethylaniline",安耐吉,1 g,1,g,1,136.5,not_stocked,tanhui,20241204
,5-溴萘-1-胺 ,5-Bromonaphthalen-1-amine,毕得医药,5g,5,g,1,88.9,not_stocked,shihongwei,20241204
12612-37-2,Dowex? 50WX2,Dowex? 50WX2,阿拉丁,5G,5,g,1,89.62,not_stocked,tangshuyuan,20241204
39389-20-3,Amberlyst? 15 hydrogen form,Amberlyst? 15 hydrogen form,安耐吉,25g,25,g,1,28,not_stocked,tangshuyuan,20241204
110-70-3,"N,N'-二甲基乙二胺","N,N'-Dimethyl-1,2-ethanediamine",毕得,25g,25,g,1,39.2,not_stocked,sunyichen,20241205
27329-70-0,5-甲醛基呋喃-2-硼酸,(5-Formylfuran-2-yl)boronic acid,毕得,5g,5,g,1,24.5,not_stocked,pengjing,20241205
140681-55-6,"1-氯甲基-4-氟-1,4-二叠氮双环[2.2.2]辛烷双四氟硼酸盐","1-Chloromethyl-4-fluoro-1,4-diazoniabicyclo[2.2.2]octane",阿拉丁,100 g (95%纯度）,,,1,104.44,not_stocked,chenyichi,20241206
13756-42-8,4-甲基苯甲酸叔丁酯,tert-Butyl 4-methylbenzoate,毕得,1 g x2,1,g,2,36.4,not_stocked,chenyichi,20241206
51429-74-4,磷钼酸x水合物,Molybdic phosphoric anhydride xhydrate,毕得,25 g,25,g,1,40.6,not_found,chenyichi,20241206
33454-82-9,三氟甲磺酸锂盐,Lithium trifluoromethanesulfonate,毕得,25 g,25,g,1,29.4,not_stocked,chenyichi,20241206
25109-28-8,1-溴-4-环己基苯,1-Bromo-4-cyclohexylbenzene,毕得,10 g,10,g,1,75.6,not_stocked,chenyichi,20241206
51010-74-3,Morpho-DAST三氟化硫吗啉,Morpholinosulfurtrifluoride,毕得,5 g,5,g,1,56.7,not_stocked,chenyichi,20241206
350-28-7,3-氟-4-甲基苯甲酸,3-Fluoro-4-methylbenzoic acid,毕得,10 g,10,g,1,33.6,not_stocked,chenyichi,20241206
1109-15-5,三(五氟苯基)硼烷 ,Tris(perfluorophenyl)borane,毕得,1 g,1,g,1,57.4,running_out,chenyichi,20241206
333-27-7,三氟甲磺酸甲酯,Methyl trifluoromethanesulfonate,毕得,25 g,25,g,1,62.3,running_out,chenyichi,20241206
68737-65-5,"(1R,2R)-N,N'-二甲基-1,2-环己二胺 ","(1R,2R)-N,N'-Dimethyl-1,2-cyclohexanediamine",毕得,1g,1,g,1,25.2,running_out,shihongwei,20241206
1293990-73-4,O-新戊酰羟胺三氟甲磺酸盐,O-Pivaloylhydroxylamine trifluoromethanesulfonate,毕得,1 g,1,g,1,112.7,not_stocked,wangxi,20241208
1445085-97-1,"甲烷磺酸(9,9-二甲基-4,5-双二苯基膦氧杂蒽)(2'-氨基-1,1'-联苯-2-基)钯(II)","[2'-(Amino-κN)[1,1'-biphenyl]-2-yl-κC][[5-(diphenylphosphino)-9,9-dimethyl-9H-xanthen-4-yl]diphenylphosphine-κP](methanesulfonato-κO)palladium
",毕得,1 g,1,g,1,112,running_out,wangxi,20241208
105838-14-0,N-BOC-O-对甲苯磺酰基-羟胺, N-Boc-O-tosylhydroxylamine,乐研,5 g,5,g,1,200.2,not_stocked,wangxi,20241208
1493-13-6,三氟甲磺酸,"	Trifluoromethanesulfonic",百灵威,25 g,25,g,1,123.25,running_out,wangxi,20241208
1190309-71-7,"3-溴-5-氟-1H-吡咯并[2,3-B]吡啶","3-broMo-5-fluoro-1H-pyrrolo[2,3-b]pyridine",毕得,1g,1,g,1,258.3,not_stocked,xuguofeng,20241208
25658-80-4,5-氯吲哚啉,5-Chloroindoline,上海泰坦,1g,1,g,1,72,not_stocked,xuguofeng,20241208
452-77-7,3-氟-4-甲基苯胺,3-Fluoro-4-methylaniline,毕得,5g,5,g,1,24.5,not_stocked,xuguofeng,20241208
366-99-4,3-氟-4-甲氧基苯胺,3-Fluoro-4-methoxyaniline,毕得,5g,5,g,1,31.5,not_stocked,xuguofeng,20241208
73183-34-3,"4,4,4',4',5,5,5',5'-八甲基-2,2'-联(1,3,2-二氧杂环戊硼烷) ","4,4,4',4',5,5,5',5'-Octamethyl-2,2'-bi(1,3,2-dioxaborolane)",毕得,100g,100,g,1,90.3,running_out,shihongwei,20241208
86-84-0,1-萘基异氰酸酯,1-Naphthyl Isocyanate,阿拉丁,5g,5,g,1,24.75,degraded,huzhibin,20241208
614-68-6,邻甲基苯异氰酸酯,1-Isocyanato-2-methylbenzene,毕得,5g,5,g,1,33.6,not_stocked,huzhibin,20241208
621-29-4,间甲苯基异氰酸酯 ,1-Isocyanato-3-methylbenzene,毕得,5g,5,g,1,31.5,not_stocked,huzhibin,20241208
1943-67-5,1-(叔丁基)-4-异氰酸酯苯,1-(tert-Butyl)-4-isocyanatobenzene,毕得,1g,1,g,1,162.4,not_stocked,huzhibin,20241208
31027-31-3,4-异丙基苯异氰酸酯,4-Isopropylphenyl isocyanate,阿拉丁,1g,1,g,1,159.82,not_stocked,huzhibin,20241208
100-28-7,异氰酸对硝基苯,4-Nitrophenyl isocyanate,Adamas,1g,1,g,1,71,not_stocked,huzhibin,20241208
4648-54-8,叠氮基三甲基硅烷,Trimethylsilyl azide,阿拉丁,25mL,25,mL,1,120.04,running_out,huzhibin,20241208
114344-67-1,2-氨基-3-碘苯甲腈,2-Amino-3-iodobenzonitrile,毕得,1g*2,1,g,2,89.6,running_out,huzhibin,20241208
40465-45-0,对氰基苯异氰酸酯,4-Cyanophenylisocyanate,毕得,1g,1,g,1,43.4,not_stocked,huzhibin,20241208
2493/2/9,4-溴异氰酸苯酯,4-Bromophenyl Isocyanate,Adamas,1g,1,g,1,39.75,not_stocked,huzhibin,20241208
1945-84-2,2-炔基吡啶,2-Ethynylpyridine,毕得,5g,5,g,1,97.3,running_out,huzhibin,20241208
2794-60-7,三氟甲磺酸钡,Barium trifluoromethanesulfonate,毕得,25 g,25,g,1,89.6,running_out,chenyichi,20241209
1493-13-6,三氟甲烷磺酸,Trifluoromethanesulfonic acid,伊诺凯,50 mL,50,mL,1,122.1,not_stocked,chenyichi,20241209
1493-13-6,三氟甲烷磺酸,Trifluoromethanesulfonic acid,伊诺凯,25 g,25,g,1,62.04,not_stocked,chenyichi,20241209
542-28-9,四氢-2H-吡喃-2-酮,Piperidin-2-one,毕得,100 g,100,g,1,20.3,running_out,chenyichi,20241210
675-20-7,2-哌啶酮,Piperidin-2-one,毕得,5 g,5,g,1,16.1,running_out,chenyichi,20241210
1821-12-1,4-苯基丁酸,4-Phenylbutanoic acid,毕得,25 g,25,g,1,65.1,not_stocked,chenyichi,20241210
7704-34-9,升华硫,,阿拉丁,100 g,100,g,1,242.9,not_stocked,zhaobinzhi,20241210
7681-65-4,碘化亚铜,Copper(I) iodide,毕得医药,25g,25,g,1,21,not_stocked,hanshuai,20241210
14324-55-1,二乙基二硫代氨基甲酸锌,Ethyl Ziram,"
Adamas",25g,25,g,1,15,not_stocked,zhaobinzhi,20241210
106-49-0,4-甲基苯胺,p-Toluidine,安耐吉,100g,100,g,1,24,not_found,xuguofeng,20241210
,邻甲氧基苯胺,o-Anisidine,安耐吉,25g,25,g,1,36,not_found,xuguofeng,20241210
358-23-6,三氟甲磺酸酐,Trifluoromethanesulfonic anhydride,毕得,25g,25,g,1,41,running_out,zhuminghui,20241210
1013-23-6,"二苯并[b,d]噻吩5-氧化物 ","Dibenzo[b,d]thiophene 5-oxide",毕得,6g,6,g,1,272.3,not_stocked,zhuminghui,20241210
31027-31-3,4-异丙基苯异氰酸酯,4-Isopropylphenyl isocyanate,阿拉丁,1g,1,g,1,163.92,reorder,huzhibin,20241211
2949-22-6,异氰酰乙酸乙酯,Isocyanatoacetic Acid Ethyl Ester,Adamas,1g,1,g,1,38.25,not_stocked,huzhibin,20241211
3019-71-4,三氯乙酰基异氰酸酯,Trichloroacetyl Isocyanate,阿拉丁,1g,1,g,1,73.24,not_stocked,huzhibin,20241211
1609-86-5,叔丁基异氰酸酯,tert-Butyl isocyanate,阿拉丁,5ml,5,mL,1,23.32,degraded,huzhibin,20241211
1795-48-8,异氰酸异丙酯,Isopropyl isocyanate,innochem,5ml,5,mL,1,24,not_stocked,huzhibin,20241211
3173-56-6,异氰酸苄酯,Benzyl isocyanate,阿拉丁,5g,5,g,1,31.12,not_stocked,huzhibin,20241211
3173-53-3,环己基异氰酸酯,Cyclohexyl isocyanate,阿拉丁,25g,25,g,1,35.8,not_stocked,huzhibin,20241211
1310-73-2,氢氧化钠,Sodium hydroxide,通广,500 g,500,g,1,9.5,not_stocked,huzhibin,20241211
64-17-5,95乙醇,,通广,18KG,18,kg,1,260,not_stocked,huzhibin,20241211
1975/5/8,乙腈HPLC , Acetonitrile,通广,500MLx2,500,ml,2,33,running_out,huzhibin,20241211
10025-87-3,三氯氧磷,Phosphorus(V) oxychloride,安耐吉,100g,100,g,1,28,degraded,pengjing,20241211
79-24-3,"硝基乙烷
","Nitroethane
",通广,500 mL,500,mL,1,2227,not_stocked,chengzengrui,20241211
637-81-0,叠氮乙酸乙酯,Ethyl azidoacetate,伊诺凯,100 g,100,g,1,372,not_stocked,chengzengrui,20241211
612-22-6,"(2-硝基)苯乙烷
","(2-Nitroethyl)benzene
",毕得,1 g,1,g,1,319.9,not_stocked,chengzengrui,20241211
106-42-3,"对二甲苯
",p-Xylene,安耐吉,500 mL,500,mL,1,24,running_out,chengzengrui,20241211
920-66-1,"六氟异丙醇
",HFIP,迈瑞达,500 g,500,g,1,217.5,running_out,chengzengrui,20241211
119-64-2,"四氢萘
"," 1,2,3,4-Tetrahydronaphthalene",毕得,100 g,100,g,1,22.4,not_stocked,chengzengrui,20241211
14221-01-3,四(三苯基膦)钯,Tetrakis(triphenylphosphine)palladium,毕得,5g,5,g,1,246.4,running_out,pengjing,20241212
605-87-8,3-菲醇,Phenanthren-3-ol,毕得,100mg,100,mg,1,422.8,not_stocked,huangqianqian,20241212
135-67-1,吩噁嗪,10H-Phenoxazine,毕得,25g,25,g,1,473.9,not_stocked,huangqianqian,20241212
668270-12-0,"8-[(3R)-3-氨基-1-哌啶基]-7-(2-丁炔基)-3,7-二氢-3-甲基-1-[(4-甲基-2-喹唑啉基)甲基]-1H-嘌呤-2,6-二酮 ","(R)-8-(3-Aminopiperidin-1-yl)-7-(but-2-yn-1-yl)-3-methyl-1-((4-methylquinazolin-2-yl)methyl)-1H-purine-2,6(3H,7H)-dione",毕得,250mg,250,mg,1,58.1,not_stocked,huangqianqian,20241212
1448440-52-5,"(S)-N-(2-(2-氰基-4,4-二氟-1-吡咯烷基)-2-氧代乙基)喹啉-4-酰胺 ","(S)-N-(2-(2-Cyano-4,4-difluoropyrrolidin-1-yl)-2-oxoethyl)quinoline-4-carboxamide",毕得,10mg,10,mg,1,252.7,not_stocked,huangqianqian,20241212
110623-72-8,"3-(((2S,3R,4R,5R,6S)-4,5-二羟基-6-甲基-3-(((2S,3R,4S,5S,6R)-3,4,5-三羟基-6-(羟甲基)四氢-2H-吡喃-2-基)氧基)四氢-2H-吡喃-2-基)氧基)-5-羟基-2-(4-甲氧基苯基)-8-(3-甲基丁-2-烯-1-基)-7-(((2S,3R,4S,5S,6R)-3,4,5-三羟基-6-(羟甲基)四氢-2H-吡喃-2-基)氧基)-4H... ","3-(((2S,3R,4R,5R,6S)-4,5-Dihydroxy-6-methyl-3-(((2S,3R,4S,5S,6R)-3,4,5-trihydroxy-6-(hydroxymethyl)tetrahydro-2H-pyran-2-yl)oxy)tetrahydro-2H-pyran-2-yl)oxy)-5-hydroxy-2-(4-methoxyphenyl)-8-(3-meth...",毕得,10mg,10,mg,1,453.6,not_stocked,huangqianqian,20241212
1373423-53-0,"3-((6-(4,5-二氢-1H-苯并[d]氮杂卓-3(2H)-基)-2-(吡啶-2-基)嘧啶-4-基)氨基)丙酸乙酯","Ethyl 3-((6-(4,5-dihydro-1H-benzo[d]azepin-3(2H)-yl)-2-(pyridin-2-yl)pyrimidin-4-yl)amino)propanoate",毕得,25mg,25,mg,1,460.6,not_stocked,huangqianqian,20241212
260553-97-7,"3-((2'-(2H-四唑-5-基)-[1,1'-联苯]-4-基)甲基)-2-丁基-5-甲基-6-(吡啶-3-基)-3H-咪唑并[4,5-b]吡啶","3-((2'-(1H-Tetrazol-5-yl)-[1,1'-biphenyl]-4-yl)methyl)-2-butyl-5-methyl-6-(pyridin-3-yl)-3H-imidazo[4,5-b]pyridine",毕得,5mg,5,mg,1,217.7,not_stocked,huangqianqian,20241212
24650-42-8,安息香二甲醚,"2,2-Dimethoxy-2-phenylacetophenot_stocked",Acmec,25g,25,g,1,16.8,not_stocked,zhaobinzhi,20241212
86-84-0,1-萘基异氰酸酯,1-Naphthylisocyanate,毕得,25g,25,g,1,26.6,not_stocked,huzhibin,20241213
937-14-4,间氯过氧苯甲酸,m-CPBA,安耐吉,100g,100,g,1,72,running_out,heyuji,20241215
3562-73-0,1-(4-联苯基)乙醇,1-(4-Biphenylyl)ethanol,毕得,5 g,5,g,1,156.1,running_out,wangxi,20241215
25293-64-5,"4,5-环氧四氢邻苯二甲酸二缩水甘油酯","4,5-epoxytetrahydrophthalic acid diglycidylester",希恩思,100g,100,g,1,124,not_stocked,admin,20241216
52093-30-8,三氟甲磺酸钇(III),Yttrium(III) trifluoromethanesulfonate,毕得,5 g,5,g,1,30.8,not_stocked,chenyichi,20241216
52093-26-2,三氟甲磺酸镧(III),Lanthanum(III) trifluoromethanesulfonate,毕得,5 g,5,g,1,30.1,not_stocked,chenyichi,20241216
31027-31-3,4-异丙基苯异氰酸酯,4-Isopropylphenyl isocyanate,Acmec,1g,1,g,1,163.2,reorder,huzhibin,20241216
4461-33-0,苯甲酰异氰酸酯,Benzoylisocyanate,毕得,250mg,250,mg,1,124.6,not_stocked,huzhibin,20241216
52093-26-2,三氟甲磺酸镧(III),Lanthanum(III) trifluoromethanesulfonate,毕得,1 g,1,g,1,20.3,not_stocked,wangxi,20241216
52093-30-8,三氟甲磺酸钇(III),Yttrium(III) trifluoromethanesulfonate,毕得,1 g,1,g,1,21.7,not_stocked,wangxi,20241216
1450881-55-6,2-(2-氯-6-氟苯基)-5-((4-(吗啉-4-羰基)苯基)氨基)恶唑-4-羧酰胺,2-(2-Chloro-6-fluorophenyl)-5-((4-(morpholine-4-carbonyl)phenyl)amino)oxazole-4-carboxamide,毕得,5mg,5,mg,1,186.9,not_stocked,hanshuai,20241216
1047634-65-0,"N-((S)-1-氨基-3-(3,4-二氟苯基)丙-2-基)-5-氯-4-(4-氯-1-甲基-1H-吡唑-5-基)呋喃-2-甲酰胺","(S)-N-(1-Amino-3-(3,4-difluorophenyl)propan-2-yl)-5-chloro-4-(4-chloro-1-methyl-1H-pyrazol-5-yl)furan-2-carboxamide",毕得,1mg,1,mg,1,115.5,not_stocked,hanshuai,20241216
110-58-7,正戊胺,n-Amylamine,百灵威,25 mL,25,mL,1,68,running_out,wangxi,20241216
,溴乙酸叔丁酯,tert-Butyl bromoacetate,安耐吉,25g,25,g,1,16,running_out,huwenshu,20241216
74-88-4,碘甲烷,Iodomethane,安耐吉,25 g,25,g,1,56,running_out,heyuji,20241216
7087-68-5,"N,N-二异丙基乙胺","N,N-DIISOPROPYLETHYLAMINE",百灵威,25 mL,25,mL,1,34,running_out,wangxi,20241217
5231-89-0,"3,4-二氨基-3-环丁烯-1,2-二酮","3,4-Diaminocyclobut-3-ene-1,2-dione",毕得,5 g,5,g,1,119.7,not_stocked,chenyichi,20241217
36016-38-3,N-羟基氨基甲酸叔丁酯,N-tert-Butoxycarbonylhydroxylamine,毕得,25 g,25,g,1,23.1,running_out,chenyichi,20241217
34743-49-2,"4-甲氧基-2,6-二甲基苯胺 ","4-Methoxy-2,6-dimethylaniline",毕得,1G,1,g,1,112,running_out,tanhui,20241217
85342-65-0,"4,5,6,7-四氯-2-羟基异吲哚啉-1,3-二酮 ","4,5,6,7-Tetrachloro-2-hydroxyisoindoline-1,3-dione",乐研,1 g,1,g,1,42.7,not_stocked,tanhui,20241217
2032-35-1,溴乙醛缩二乙醇 ,"2-Bromo-1,1-diethoxyethane",毕得医药,25g,25,g,1,27.3,not_stocked,tanhui,20241217
56-23-5,四氯化碳, Carbon Tetrachloride,Adamas,100mL,100,mL,1,106.5,not_stocked,tanhui,20241217
693-13-0,"N,N'二异丙基碳二亚胺 ","N,N'-Diisopropylcarbodiimide, 99%",百灵威J&K,5 g,5,g,1,51,running_out,tanhui,20241217
52522-40-4,三(二亚苄基丙酮)二钯/氯仿加合物 ,Tris(dibenzylideneacetone)dipalladium-chloroform,毕得医药,1 g,1,g,1,81.2,not_stocked,tanhui,20241217
1005-31-8,4-二甲胺基吡啶氮氧化物 ,4-(Dimethylamino)pyridine 1-oxide,毕得医药,100mg,100,mg,1,126,not_stocked,tanhui,20241217
766-98-3,1-炔基-4-氟苯 ,1-Ethynyl-4-fluorobenzene,毕得医药,10 g,10,g,1,52.5,running_out,shihongwei,20241217
623-73-4,重氮乙酸乙酯,Ethyl diazoacetate,阿拉丁,25g,25,g,1,82.6,running_out,huzhibin,20241218
2712-78-9,[双(三氟乙酰氧基)碘]苯,(Bis(trifluoroacetoxy)iodo)benzene,毕得,25g,25,g,1,44.8,running_out,huzhibin,20241218
14227-17-9,"2,4,6-三甲氧基苯胺 ","2,4,6-Trimethoxyaniline",乐研,1G,1,g,1,284,not_stocked,tanhui,20241218
616-47-7,1甲基咪唑 ,"1-Methylimidazole, 99%",百灵威J&K,25g,25,g,1,59,not_stocked,tanhui,20241218
878-23-9,2溴1乙基吡啶四氟硼酸盐 ,"2-Bromo-1-ethylpyridinium tetrafluoroborate, 98%",百灵威J&K,1g,1,g,1,49.3,not_stocked,tanhui,20241218
94790-35-9,"N,N,N',N'四甲基氯甲脒六氟磷酸盐 ","N,N,N',N'-Tetramethylchloroformamidinium hexafluorophosphate, 98%",百灵威J&K,25g,25,g,1,51,not_stocked,tanhui,20241218
7789-46-0,溴化亚铁,Iron(II) bromide,毕得,1 g,1,g,1,126,not_stocked,chenyichi,20241218
189114-61-2,双(三氟甲烷磺酰亚胺)银,Sliver bis(trifluoromethane sulfonimide),毕得,5 g,5,g,1,142.8,not_stocked,chenyichi,20241218
134-32-7,1萘胺,1-Aminonaphthalene,麦克林,25 g,25,g,1,21.12,not_stocked,chenyichi,20241218
133395-16-1,双(三氟甲磺酰基)酰亚胺镁(II),Magnesium(II) bis(trifluoromethanesulfonyl)imide,百灵威J&K,5 g,5,g,1,185.3,running_out,chenyichi,20241218
348-10-7,(2-氟苯氧基)乙酸,2-FLUOROPHENOXYACETIC ACID,毕得,1g,1,g,1,16.8,not_stocked,xuguofeng,20241218
404-98-8,(3-氟苯氧基)乙酸,(3-FLUORO-PHENOXY)-ACETIC ACID,毕得,150mg,150,mg,1,24.5,not_stocked,xuguofeng,20241218
405-79-8,4-氟苯氧乙酸,4-Fluorophenoxyacetic acid,毕得,5g,5,g,1,27.3,not_stocked,xuguofeng,20241218
1878-49-5,2-甲基苯氧基乙酸,(2-METHYLPHENOXY)ACETIC ACID,毕得,1g,1,g,1,27.3,not_stocked,xuguofeng,20241218
1643-15-8,(3-甲基苯氧基)乙酸,3-METHYLPHENOXYACETIC ACID,毕得,1g,1,g,1,28,not_stocked,xuguofeng,20241218
940-64-7,(4-甲基苯氧基)乙酸,(4-METHYLPHENOXY)ACETIC ACID,毕得,1g,1,g,1,25.2,not_stocked,xuguofeng,20241218
2976-75-2,1-萘氧基乙酸,1-NAPHTHOXYACETIC ACID,毕得,1g,1,g,1,20.3,not_stocked,xuguofeng,20241218
588-22-7,"3,4-二氯苯氧基乙酸","3,4-Dichlorophenoxyacetic  acid",毕得,250mg,250,mg,1,21.7,not_stocked,xuguofeng,20241218
1877-75-4,对甲氧基苯氧乙酸,2-(4-methoxyphenoxy)acetate,毕得,1g,1,g,1,21.7,not_stocked,xuguofeng,20241218
2088-24-6,3-甲氧基苯氧基乙酸,3-METHOXYPHENOXYACETIC ACID,毕得,1g,1,g,1,103.6,not_stocked,xuguofeng,20241218
866319-00-8,"5-氟-1H-吡咯并[2,3-b]吡啶","5-Fluoro-1H-pyrrolo[2,3-b]pyridine",毕得,5g,5,g,1,463.4,running_out,xuguofeng,20241218
120-47-8,对羟基苯甲酸乙酯,Ethyl 4-hydroxybenzoate,毕得医药,100g,100,g,1,32.9,not_stocked,huangyilei,20241218
626-05-1,"2,6-二溴吡啶","2,6-Dibromopyridine",毕得医药,100g,100,g,1,58.1,not_stocked,huangyilei,20241218
376584-63-3,1H-吡唑-3-硼酸 (1H-Pyrazol-3-yl)boronic acid,(1H-Pyrazol-3-yl)boronic acid,毕得医药,5g,5,g,1,65.8,not_stocked,huangyilei,20241218
67-56-1,超干甲醇,Methanol,安耐吉,500 g,500,g,1,60,not_stocked,pengjing,20241218
2051-98-1,5-溴苊, 5-Bromoacenaphthene,毕得医药,5g,5,g,1,52.5,not_stocked,huangyilei,20241218
3462-97-3,(4-甲氧基苄基)三苯基氯化鏻 (4-,Methoxybenzyl)triphenylphosphonium chloride,毕得医药,1g,1,g,1,41.3,not_stocked,pengjing,20241218
60804-74-2,"六氟磷酸三（2,2''-联吡啶）钌（II）","Tris(2,2''-bipyridine)ruthenium(II) hexafluorophosphate",阿拉丁,100mg,100,mg,1,109.12,not_stocked,huzhibin,20241219
493-01-6,顺-十氢化萘,Cis-Decahydronaphthalene,Adamas,5ml,5,mL,1,83.25,not_stocked,huzhibin,20241219
7677-24-9,,Trimethylsilyl cyanide,百灵威J&K,5 g,5,g,1,141.1,running_out,wangxi,20241219
56-53-1,"(E)-4,4'-(己-3-烯-3,4-二基)二苯酚","(E)-4,4'-(Hex-3-ene-3,4-diyl)diphenol",毕得,5 g,5,g,1,109.9,running_out,pengjing,20241219
3248/5/3,"4,7二甲基1,10菲啰啉 ","4,7-Dimethyl-1,10-phenanthroline",百灵威J&K,100mg,100,mg,1,35.7,not_stocked,shihongwei,20241219
5394-23-0,"4,7二氯1,10菲咯啉 ","4,7-Dichloro-1,10-phenanthroline",百灵威J&K,1g,1,g,1,82.45,not_stocked,shihongwei,20241219
72914-19-3,"4,4'二叔丁基2,2'二吡啶 ","4,4'-Di-tert-butyl-2,2'-bipyridine",百灵威J&K,1g,1,g,1,164.05,running_out,shihongwei,20241219
29892-37-3,氯(二甲基硫化)金(I) ,Chloro(dimethylsulfide)gold(I),百灵威J&K,250 mg,250,mg,1,452.2,running_out,shihongwei,20241219
1032900-25-6,色瑞替尼,Ceritinib,创试,100mg,100,mg,1,58.5,not_stocked,sulingyu,20241222
20667-12-3,氧化银,Silver(I) oxide AR,安耐吉,25g,25,g,1,260,running_out,pengjing,20241222
13329-40-3,1-(4-碘苯基)乙酮,1-(4-Iodophenyl)ethanot_stocked,毕得,5g,5,g,1,16.8,running_out,pengjing,20241222
28768-32-3,"N,N,N,N,-四环氧丙基-4,4-二氨基二苯甲烷","4,4′-Methylenebis(N,N-diglycidylaniline)",欣恒研,25g,25,g,1,104.8,not_stocked,admin,20241223
402-54-0,1-硝基-4-(三氟甲基)苯 ,1-Nitro-4-(trifluoromethyl)benzene,毕得,5g,5,g,1,230,not_stocked,zhuminghui,20241223
328-75-6,"1-硝基-3,5-二(三氟甲基)苯"," 1-Nitro-3,5-bis(trifluoromethyl)benzene",毕得,5g,5,g,1,19,running_out,zhuminghui,20241223
108-39-4,间甲酚,m-Cresol,,25g ,25,g,1,18,not_stocked,zhuminghui,20241223
622-95-7,"4-氯苄溴
",1-(Bromomethyl)-4-chlorobenzene,毕得,10 g,10,g,1,27.3,running_out,chengzengrui,20241223
79-46-9,"2-硝基丙烷
",2-Nitropropane,Admas,100g,100,g,1,95.25,running_out,chengzengrui,20241223
3112-88-7,"苄基苯基砜
",(Benzylsulfonyl)benzene,毕得,,,,1,,running_out,chengzengrui,20241223
79-24-3,"硝基乙烷
",79-24-3,通广精细,500 mL,500,mL,1,2227,running_out,chengzengrui,20241223
1454-80-4,"[1,1'-联苯]-2,2'-二胺"," [1,1'-Biphenyl]-2,2'-diamine",毕得医药,1g,1,g,1,256.2,not_stocked,shihongwei,20241223
18741-85-0,"R)-(+)-1,1'-联-2-萘胺 ","(R)-[1,1'-Binaphthalene]-2,2'-diamine",毕得医药,1g,1,g,1,31.5,not_stocked,shihongwei,20241223
163839-73-4,2-(4-三氟甲基)苯氧基乙酸,[4-(trifluoroMethyl)phenoxy]-;2-[4-(TrifluoroMethyl)phenoxy]-acetic acid,毕得医药,100mg,100,mg,1,31.5,not_stocked,xuguofeng,20241223
349-82-6,3 - (三氟甲基)苯氧基乙酸,(3-TRIFLUOROMETHYL-PHENOXY)-ACETIC ACID,毕得医药,100mg,100,mg,1,126,not_stocked,xuguofeng,20241223
589-16-2,4-乙基苯胺,4-Ethylaniline,毕得医药,100g,100,g,1,77,not_stocked,zhuminghui,20241223
578-54-1,2-乙基苯胺,2-Ethylaniline,伊诺凯,100ml,100,mL,1,52,not_stocked,zhuminghui,20241223
477600-75-2,"3-((3R,4R)-4-甲基-3-(甲基(7H-吡咯并[2,3-d]嘧啶-4-基)氨基)哌啶-1-基)-3-氧代丙烷腈","3-((3R,4R)-4-Methyl-3-(methyl(7H-pyrrolo[2,3-d]pyrimidin-4-yl)amino)piperidin-1-yl)-3-oxopropanenitrile",毕得医药,"
250mg",250,mg,1,386.4,running_out,xuguofeng,20241224
127-63-9,二苯砜,Sulfonyldibenzene,毕得,100 g,100,g,1,40.6,not_stocked,chenyichi,20241224
126-33-0,环丁砜,"Tetrahydrothiophene 1,1-dioxide",毕得,500,,,1,22.4,running_out,chenyichi,20241224
3112-85-4,苯甲砜,Methyl phenyl sulfone,毕得,5 g,5,g,1,21.7,running_out,chenyichi,20241224
133395-16-1,双(三氟甲磺酰基)酰亚胺镁(II),Magnesium bis(trifluoromethylsulfonyl)imide,毕得,5 g,5,g,1,88.9,not_stocked,chenyichi,20241224
140681-55-6,N-氟-N'-(氯甲基)三乙二胺双(四氟硼酸盐),N-Fluoro-N'-(chloromethyl)triethylenediamine Bis(tetrafluoroborate),阿拉丁,25 g,25,g,1,36.58,not_stocked,chenyichi,20241224
115-20-8,"2,2,2-三氯乙醇 ","2,2,2-Trichloroethan-1-ol",毕得,25 g,25,g,1,28,running_out,chenyichi,20241224
775304-57-9,"3-[5-(2-氟苯基)-1,2,4-噁二唑-3-基]苯甲酸","3-(5-(2-Fluorophenyl)-1,2,4-oxadiazol-3-yl)benzoic acid",毕得,25 mg,25,mg,1,84,not_stocked,chenyichi,20241224
110-46-3," 	亚硝酸异戊酯",Isopentyl nitrite,百灵威J&K,100ML,100,mL,1,294.95,running_out,huangyilei,20241224
280-57-9,"1,4-二氮杂双环[2,2,2]辛烷","1,4-Diazabicyclo[2.2.2]octane",毕得医药,100g,100,g,1,19.6,running_out,huangyilei,20241224
7778-53-2,磷酸钾, Potassium phosphate,毕得医药,100g,100,g,1,39.9,running_out,huangyilei,20241224
1979/3/8,丙酰氯,Propionyl chloride,阿拉丁,25 mL,25,mL,1,27.12,not_stocked,pengjing,20241224
2206-26-0,氘代乙腈,Acetonitrile-d3,乐研,6 mL,6,mL,1,256.9,running_out,mengjunhong,20241225
41302-34-5,2-氧环己烷羧酸甲酯,Methyl 2-oxocyclohexanecarboxylate,"
毕得医药",10 g,10,g,1,154.7,running_out,xingyihong,20241225
87-90-1,三氯异氰脲酸,Trichloroisocyanuric acid,RHAWN/罗恩,100g,100,g,1,33.75,running_out,huangyilei,20241225
1502-03-0,环十二胺,Cyclododecanamine,毕得医药,1g,1,g,1,79.1,running_out,huangyilei,20241225
336191-17-4,"2,8-二氮杂螺[4.5]癸-2-羧酸叔丁酯","tert-Butyl 2,8-diazaspiro[4.5]decane-2-carboxylate",毕得医药,250mg,250,mg,1,56.7,running_out,huangyilei,20241225
546-67-8,四乙酸铅 ,Lead(IV) Acetate,Adamas,5g,5,g,1,42,running_out,shihongwei,20241225
122-00-9,1-(4-甲基苯基)乙酮,1-(p-Tolyl)ethanot_stocked,毕得,100 g,100,g,1,18.9,running_out,chenyichi,20241226
104-85-8,对甲苯腈,p-Tolunitrile,TCI,25 g,25,g,1,96,running_out,chenyichi,20241226
63295-48-7,三氟甲磺酸铁(iii),Iron(III) trifluoromethanesulfonate,毕得,10 g,10,g,1,65.1,running_out,chenyichi,20241226
1976/5/1,三氟乙酸,trifluoroacetic acid,麦克林,25 mL,25,mL,1,30.36,running_out,huwenshu,20241227
110-86-1,吡啶,Pyridine,百灵威,100ML,100,mL,1,45,running_out,huwenshu,20241227
6175-45-7,"2,2-二乙氧基苯乙酮","2,2-Diethoxyacetophenot_stocked",毕得,100g,100,g,1,132.3,running_out,huwenshu,20241227
79-19-6,,,毕得,100 g,100,g,1,23.1,running_out,huwenshu,20241227
109-99-9,四氢呋喃,Tetrahydrofuran,通广,500 mL,500,mL,1,38,running_out,huwenshu,20241227
21901-18-8,2-羟基-3-硝基-4-甲基吡啶,2-Hydroxy-4-methyl-3-nitropyridine,毕得,10g,10,g,1,77.7,not_stocked,xuguofeng,20241227
5815/8/7,叔丁氧基双(二甲胺基)甲烷,tert-Butoxy bis(dimethylamino)methane,毕得,10g,10,g,1,25.9,not_stocked,xuguofeng,20241227
67-56-1,甲醇，HPLC,"Methanol, HPLC",通广,2.5L,2.5,L,1,50,running_out,xuguofeng,20241227
90-15-3,1-萘酚,1-Naphthol,毕得,100g,100,g,1,21.7,running_out,zhuminghui,20241227
2243-61-0,"萘-1,4-二胺 ",,毕得,250mg,250,mg,1,186.9,not_stocked,zhuminghui,20241227
165324-09-4,双(三氟甲基磺酰基)酰亚胺钙(II),Calcium(II) Bis(trifluoromethanesulfonyl)imide,毕得,1 g x2,1,g,2,124.6,running_out,chenyichi,20241228
92-93-3,4-硝基联苯,4-Nitrobiphenyl,毕得,1 g,1,g,1,93.75,not_stocked,chenyichi,20241228
74-88-4,碘甲烷,Iodomethane,安耐吉,25 gX2,25,g,2,112,running_out,heyuji,20241228
67-56-1,甲醇,Methanol,校内库存,500MLx2,500,ml,2,14,not_stocked,heyuji,20241228
,苯乙烯,,Amethyst,250 mL,250,mL,1,41.65,running_out,zhaobinzhi,20241230
902518-11-0,9-(2'-溴苯基)咔唑,9-(2-Bromophenyl)-9H-carbazole,毕得医药,5 g,5,g,1,34.3,not_stocked,zhaobinzhi,20241230
3017-70-7,"2-溴-3-甲基-2-丁烯
",2-Bromo-3-methyl-2-butene,毕得医药,1 g,1,g,1,245,not_stocked,zhuminghui,20241230
133395-16-1,双(三氟甲磺酰基)酰亚胺镁(II),Magnesium bis(trifluoromethylsulfonyl)imide,百灵威,5 g,5,g,1,185.3,not_stocked,chenyichi,20241224
776-04-5,邻三氟甲基苯磺酰氯,2-(Chlorosulfonyl)-benzenetrifluoride,毕得医药,100g,100,g,1,441.7,running_out,heyuji,20241230
4326-36-7,BOC-L-酪氨酸甲酯,Boc-Tyr-OMe,毕得医药,25g,25,g,1,19.6,running_out,huangyilei,20250101
1833-53-0,三甲基(丙-1-烯-2-基氧基)硅烷,Trimethyl(prop-1-en-2-yloxy)silane,毕得医药,250mg,250,mg,1,77,not_stocked,huangyilei,20250101
491-30-5,1-羟基异喹啉,1-Hydroxyisoquinoline,毕得医药,1g,1,g,1,24.5,not_stocked,huangyilei,20250101
829-85-6,二苯基膦, Diphenylphosphine,Adamas,5g,5,g,1,26,not_stocked,huangyilei,20250101
121-45-9,亚磷酸三甲酯,Trimethyl Phosphite,Adamas,100ml,100,mL,1,23,not_stocked,huangyilei,20250101
1277-43-6,二(环戊二烯二基)钴 钴烯;环戊二烯基钴,Cp2Co,Acmec,250 mg,250,mg,1,126.4,not_stocked,shihongwei,20250102
14104-20-2,四氟硼酸银,Silver tetrafluoroborate,innochem（伊诺凯）,1g,1,g,1,57.6,not_stocked,shihongwei,20250102
12354-84-6,氯化五甲基环戊二烯基合铱(III)二聚体,"	(Pentamethylcyclopentadienyl)iridium(III) chloride dimer",希恩思,250 mg,250,mg,1,270,running_out,shihongwei,20250102
506-68-3,溴化氰 ,Cyanogen bromide,百灵威J&K,5g,5,g,1,70.55,not_stocked,shihongwei,20250102
97-00-7,"1氯2,4二硝基苯","1-Chloro-2,4-dinitrobenzene",百灵威J&K,25g,25,g,1,73.95,not_stocked,shihongwei,20250102
5162-44-7,4-溴-1-丁烯,4-Bromo-1-butene,毕得,25 g,25,g,1,26.6,running_out,wangxi,20250103
15103-48-7,吡啶-2-磺酸,Pyridine-2-sulfonic acid,毕得,1 g,1,g,1,30.1,not_stocked,wangxi,20250103
108-95-2,苯酚,Phenol,百灵威,50 g,50,g,1,25.5,running_out,wangxi,20250103
545-06-2,三氯乙腈,Trichloroacetonitrile,上海泰坦,25 g,25,g,1,31,not_stocked,wangxi,20250103
119165-69-4,"2-(4,5-二氢-1,3-恶唑-2-基)吡啶","2-(Pyridin-2-yl)-4,5-dihydrooxazole",毕得,250 mg,250,mg,1,241.5,not_stocked,wangxi,20250103
48209-28-5,三氟甲烷磺酸亚铜(I)半甲苯络合物,Copper(I) trifluoromethanesulfonate hemitoluene complex,毕得,1 g,1,g,1,158.9,not_stocked,wangxi,20250103
59865-13-3,环孢菌素A,Cyclosporin A,毕得,116.2,,,1,2,running_out,mengjunhong,20250103
358-23-6,三氟甲磺酸酐,"	Trifluoromethanesulfonic anhydride",毕得,151.9,,,1,100,running_out,mengjunhong,20250103
16773-42-5,1-(3-氯-2-羟基丙基)-2-甲基-5-硝基咪唑,1-Chloro-3-(2-methyl-5-nitro-1H-imidazol-1-yl)propan-2-ol,毕得,30.8,,,1,25,running_out,chenyichi,20250104
5104-49-4,2-(2-氟-4-联苯基)-丙酸,"2-(2-Fluoro-[1,1'-biphenyl]-4-yl)propanoic acid",毕得,76.3,,,1,5,running_out,chenyichi,20250104
3964-18-9,"2,3-二甲基-2,3-二硝基丁烷","	2,3-DIMETHYL-2,3-DINITROBUTANE",Macklin,145.86,,,1,5,not_found,chenyichi,20250104
420-04-2,氰胺, Cyanamide，50%水溶液,百灵威J&K,25 g,25,g,1,56.1,running_out,wangxi,20250105
420-04-2,氰胺, Cyanamide，95%纯度,百灵威J&K,25 g,25,g,1,58.65,not_stocked,wangxi,20250105
448-61-3,"2,4,6-三苯基吡喃鎓四氟硼酸盐","2,4,6-Triphenylpyrylium tetrafluoroborate",欣恒研,1 g,1,g,1,60.8,not_stocked,wangxi,20250105
448-61-3,"2,4,6-三苯基吡喃鎓四氟硼酸盐","2,4,6-Triphenylpyrylium tetrafluoroborate",毕得,5 g,5,g,1,68.8,not_stocked,wangxi,20250105
4559-70-0,二苯基磷氧,Diphenylphosphine oxide,乐研,10 g,10,g,1,30.8,running_out,zhaobinzhi,20250105
151-10-0,间苯二甲醚,,阿拉丁,100g,100,g,1,69.2,running_out,tangshuyuan,20250105
1009-61-6,"1,4-二乙酰苯","1,4-Diacetylbenzene",毕得医药,5g,5,g,1,119,running_out,zhaobinzhi,20250106
224311-51-7,2-(二叔丁基膦)联苯,JohnPhos,毕得医药,25g,25,g,1,270,not_stocked,zhuminghui,20250106
902518-11-0,,9-(2-Bromophenyl)-9H-carbazole,毕得医药,5 g,5,g,1,34.3,running_out,zhaobinzhi,20250107
96551-22-3,3-羟基甲基吲哚-1-羧酸叔丁酯, 1-Boc-3-Hydroxymethylindole,毕得医药,1g,1,g,1,21,not_stocked,huangyilei,20250106
726-42-1,"1,3-二对甲苯基碳二酰亚胺","1,3-Di-p-tolylcarbodiimide",毕得,100mg,100,mg,1,142.8,not_stocked,huzhibin,20250107
1632-84-4,4-(甲硫基)苯基异氰酸酯,4-(Methylthio)phenylisocyanate,毕得,100mg,100,mg,1,43.4,not_stocked,huzhibin,20250107
4083-64-1,对甲基苯磺酰异氰酸酯,p-Toluenesulfonyl isocyanate,毕得,25g,25,g,1,25.9,not_stocked,huzhibin,20250107
1118-02-1,三甲基硅基异氰酸酯,Trimethylsilyl Isocyanate,Acmec,1g,1,g,1,46.4,not_stocked,huzhibin,20250107
101-68-8,4，4'-亚甲基双(异氰酸苯酯),"4,4'-Diphenylmethane diisocyanate",Acmec,25g,25,g,1,31.2,not_stocked,huzhibin,20250107
1077-28-7,DL-α-硫辛酸,(±)-α-Lipoic acid,Adamas,25 g,25,g,1,34,running_out,zhaobinzhi,20250108
4660-80-4,"2,3-环氧丙酸乙酯","ETHYL 2,3-EPOXYPROPANOATE",希恩思,5 g,5,g,1,113.75,not_stocked,zhaobinzhi,20250108
1109-15-5,三(五氟苯基)硼烷,Tris(perfluorophenyl)borane,,1 g,1,g,1,49.7,not_stocked,yanglicheng,20250108
83-33-0,"2,3-二氢-1H-茚-1-酮 ","2,3-Dihydro-1H-inden-1-one",毕得,25 g,25,g,1,21.7,running_out,chenyichi,20250108
1193-62-0,2-吡咯甲酸甲酯,Methyl 2-pyrrolecarboxylate,毕得,10g,10,g,1,28,not_stocked,xuguofeng,20250109
459817-82-4,"1,2,3-氧杂噻唑烷-3-羧酸叔丁酯2,2-二氧化物","tert-Butyl 1,2,3-oxathiazolidine-3-carboxylate 2,2-dioxide",毕得,5g,5,g,1,128,not_stocked,xuguofeng,20250109
108-88-3,甲苯,toluene,通广,500 mL x 10,500,ml,10,28,running_out,mengjunhong,20250110
580-19-8,7-氨基喹啉,Quinolin-7-amine,毕得,1g,1,g,1,65.8,not_stocked,heyuji,20250110
587-02-0,3-乙基苯胺,3-Ethylaniline,毕得,5g,5,g,1,32.9,not_stocked,heyuji,20250110
10130-87-7,2-甲氧基苯磺酰氯,2-Methoxybenzenesulfonyl chloride,毕得,5g,5,g,1,171.5,not_stocked,heyuji,20250110
2905-23-9,2-氯苯磺酰氯,2-Chlorobenzenesulfonyl chloride,毕得,1g,1,g,1,14.7,not_stocked,heyuji,20250110
312-94-7,"2-(三氟甲基)苯甲酰氯	",2-(Trifluoromethyl)benzoyl chloride,毕得,5g,5,g,1,18.9,not_stocked,heyuji,20250110
7727-21-1,"过硫酸钾
",Potassium peroxydisulfate,3AChem,100 g,100,g,1,20,running_out,chengzengrui,20250110
394-47-8,"	邻氟苯甲腈",2-Fluorobenzonitrile,毕得,25g,25,g,1,22,running_out,zhaoxinyi,20250110
64-04-0,2-苯乙胺,2-PhenylethylaMine,伊诺凯,25g,25,g,1,28,running_out,zhaoxinyi,20250110
65880-17-3,"4,5,6,7-四氢异吲哚-1-羧酸乙酯","Ethyl 4,5,6,7-Tetrahydroisoindole-1-carboxylate",毕得,250 mg,250,mg,1,268.1,not_stocked,chengzengrui,20250110
13476-99-8,乙酰丙酮钒(III),VANADIUM(III) ACETYLACETONATE,Adamas,5 g,5,g,1,60.75,not_stocked,chengzengrui,20250110
3153-26-2,乙酰丙酮氧钒(IV), Vanadyl(IV) acetylacetonate,Amethyst,10 g,10,g,1,51,not_stocked,chengzengrui,20250110
20026-96-4,(4-氯苯基)-丙酸乙酯,Ethyl 3-(4-chlorophenyl)propiolate,毕得,250 mg,250,mg,1,66.5,not_stocked,chengzengrui,20250110
5588-84-1,三异丙氧基氧化钒(V), Triisopropoxyvanadium(V) oxide,伊诺凯,1 g,1,g,1,111.2,not_stocked,chengzengrui,20250110
1111-78-0,氨基甲酸铵,"	Ammonium carbamate",阿拉丁,50 g,50,g,1,45.94,running_out,chengzengrui,20250110
133395-16-1,双(三氟甲磺酰基)酰亚胺镁(II),Magnesium bis(trifluoromethylsulfonyl)imide,毕得,25 g,25,g,1,361.2,not_stocked,chenyichi,20250113
140681-55-6,N-氟-N'-(氯甲基)三乙二胺双(四氟硼酸盐),N-Fluoro-N'-(chloromethyl)triethylenediamine Bis(tetrafluoroborate),阿拉丁,25 g * 2,25,g,2,73.16,running_out,chenyichi,20241224
939-23-1,4-苯基吡啶,4-Phenylpyridine,毕得,5 g,5,g,1,87.5,running_out,chenyichi,20241224
1826-11-5,2-苯基噻唑,2-Phenylthiazole,毕得,1 g,1,g,1,74.2,running_out,chenyichi,20241224
4595-59-9,5-溴嘧啶,5-Bromopyrimidine,毕得,10 g,10,g,1,62.3,running_out,chenyichi,20241224
72207-80-8,聚乙二醇二缩水甘油醚, Poly(ethylene glycol) diglycidyl,阿拉丁,1g*2,1,g,2,360.28,running_out,admin,20250113
186129-25-9,1-甲基-1H-吲哚-5-甲酸,1-METHYL-1H-INDOLE-5-CARBOXYLIC ACID,毕得,100mg,100,mg,1,27.3,not_stocked,xuguofeng,20250113
32387-21-6,1-甲基吲哚-3-甲酸,1-Methyl-1H-indole-3-carboxylic acid,毕得,250mg,250,mg,1,14.7,not_stocked,xuguofeng,20250113
68867-17-4,苯并噻唑-5-羧酸,Benzothiazole-5-carboxylic acid,毕得,250mg,250,mg,1,34.3,not_stocked,xuguofeng,20250113
677304-83-5,7-羧基苯并噻唑,7-Benzothiazolecarboxylicacid(9CI),毕得,100mg,100,mg,1,33.6,not_stocked,xuguofeng,20250113
53484-18-7,1-甲基-1H-苯并咪唑-6-羧酸,"1H-Benzimidazole-6-carboxylicacid,1-methyl-(9CI)",毕得,250mg,250,mg,1,116.2,not_stocked,xuguofeng,20250113
61471-45-2,3-(1H-吡咯-1-基)苯甲酸,3-(1H-PYRROL-1-YL)BENZOIC ACID,毕得,250mg,250,mg,1,58.8,not_stocked,xuguofeng,20250113
77940-94-4,3-哌啶苯甲酸,3-PIPERIDINOBENZOIC ACID,毕得,100mg,100,mg,1,201.6,not_stocked,xuguofeng,20250113
106-46-7,"1,4-二氯苯",1，4-dichlorobenzene,希恩思,25 g,25,g,1,14.95,not_found,chenyichi,20250113
10022-70-5,,,Adamas,25 g,25,g,1,184,not_stocked,zhaobinzhi,20250113
62-53-3,苯胺,Aniline,安耐吉,100ml,100,mL,1,16,not_found,heyuji,20250114
504-24-5,"	4-氨基吡啶","	4-Aminopyridine",安耐吉,5g,5,g,1,24,not_found,heyuji,20250114
2766-43-0,Boc-L-丝氨酸甲酯,"
Boc-Ser-OMe",毕得医药,100 g,100,g,1,108.5,not_stocked,zhaobinzhi,20250115
3262-72-4,(S)-2-((叔丁氧基羰基)氨基)-3-羟基丙酸,(S)-2-((tert-Butoxycarbonyl)amino)-3-hydroxypropanoicacid,乐研,25 g,25,g,1,25.9,not_stocked,zhaobinzhi,20250116
7087-68-5,"N,N二异丙基乙胺","N,N-Diisopropylethylamine","
Amethyst",100 ml,100,mL,1,55.25,running_out,zhaobinzhi,20250116
59908-47-3,5-氯-1-甲基吲哚-2-羧酸,5-CHLORO-1-METHYL-1H-INDOLE-2-CARBOXYLIC ACID,毕得,250mg,250,mg,1,75.6,not_stocked,xuguofeng,20250116
27018-76-4,1-苄基吲哚-3-甲酸,1-BENZYLINDOLE-3-CARBOXYLIC ACID,毕得,100mg,100,mg,1,57.4,not_stocked,xuguofeng,20250116
64951-10-6,"咪唑[1,2-A]嘧啶-2-羧酸","IMIDAZO[1,2-A]PYRIMIDINE-2-CARBOXYLIC ACID",毕得,100mg,100,mg,1,74.2,not_stocked,xuguofeng,20250116
25602-68-0,"8-氮杂双环[3,2,1]辛-3-酮盐酸盐",Nortropinot_stocked hydrochloride,毕得,10 g,10,g,1,39.2,not_stocked,chenyichi,20250204
1623-93-4,对联苯磺酰氯,Biphenyl-4-sulfonyl Chloride,毕得,25 g,25,g,1,77.7,not_stocked,chenyichi,20250204
1121-58-0,4-甲基氨基吡啶,4-(Methylamino)pyridine,毕得,5 g,5,g,1,60.2,not_stocked,chenyichi,20250204
65277-42-1,"顺-1-乙酰基-4-[4-[[2-(2,4-二氯苯基)-2-(1H-咪唑-1-基甲基)-1,3-二氧戊环-4-基]甲氧基]苯基]哌嗪","cis-1-Acetyl-4-[4-[[2-(2,4-dichlorophenyl)-2-(imidazol-1-ylmethyl)-1,3-dioxolan-4-yl]methoxy]phenyl]piperazine
货号BD41921",毕得,5 g,5,g,1,25.2,not_stocked,chenyichi,20250204
105816-04-4,"(R)-2-rel-((1r,4R)-4-异丙基环己基甲酰胺)-3-苯丙酸","(R)-2-rel-((1r,4R)-4-Isopropylcyclohexanecarboxamido)-3-phenylpropanoic",毕得,5 g,5,g,1,105.7,not_stocked,chenyichi,20250204
35037-73-1,4-三氟甲氧基苯基异氰酸酯,1-Isocyanato-4-(trifluoromethoxy)benzene,毕得,1 g,1,g,1,29.4,not_stocked,huzhibin,20250204
54132-75-1,"3,5-二甲基苯基异氰酸酯 ","3,5-Dimethylphenylisocyanate",毕得,1 g,1,g,1,18.9,not_stocked,huzhibin,20250204
69922-28-7,"5-异氰酰基苯并[d][1,3]二氧杂戊环","5-Isocyanatobenzo[d][1,3]dioxole",毕得,250mg,250,mg,1,69.3,not_stocked,huzhibin,20250204
822-06-0,六亚甲基二异氰酸酯,Hexamethylene diisocyanate,阿拉丁,25 mL,25,mL,1,28,not_stocked,zhaobinzhi,20250204
589-29-7,对苯二甲醇,"1,4-Benzenedimethanol",毕得医药,100 g,100,g,1,32.9,not_stocked,zhaobinzhi,20250204
719-64-2,5-氯-3-苯基苯并[c]异唑,5-Chloro-3-phenylbenzo[c]isoxazole,毕得,5g,5,g,1,56.7,not_stocked,huzhibin,20250204
30725-00-9,"(3aR,6R,6aR)-6-(羟甲基)-2,2-二甲基二氢呋喃[3,4-d][1,3]二氧杂环-4(3aH)-酮","(3aR,6R,6aR)-6-(Hydroxymethyl)-2,2-dimethyldihydrofuro[3,4-d][1,3]dioxol-4(3aH)-one",毕得,5g*2,5,g,2,74.2,not_stocked,huzhibin,20250204
100-76-5,奎宁环,Quinuclidine,欣恒研,250mg,250,mg,1,57.6,not_stocked,huangyilei,20250204
3483-82-7,N-苯甲酰-酪氨酸乙酯(BTEE),N-Benzoyl-L-tyrosine ethyl ,毕得医药,5g,5,g,1,79.1,not_stocked,huangyilei,20250204
72207-80-8,聚乙二醇二缩水甘油醚, Poly(ethylene glycol) diglycidyl,阿拉丁,1g*2,1,g,2,360.28,running_out,admin,20250205
201802-29-1,4-双(4-甲氧基苯基)氨基苯基硼酸 ,(4-(Bis(4-methoxyphenyl)amino)phenyl)boronic acid,安耐吉,5g,5,g,1,440,running_out,shihongwei,20250205
1013-23-6,"二苯并[b,d]噻吩5-氧化物","Dibenzo[b,d]thiophene 5-oxide",毕得,5g,5,g,1,268.1,running_out,huzhibin,20250205
2158-14-7,4-乙酰氨基苯磺酰基叠氮,4-Acetamidobenzenesulfonyl azide,毕得,25g,25,g,1,56.7,running_out,huzhibin,20250205
1829-26-1,"1-乙酰氧基-1,2-苯碘酰-3-(1H)-酮","1-Acetoxy-1,2-benziodoxol-3-(1H)-one",毕得,5g,5,g,1,383.6,not_stocked,huzhibin,20250205
603-36-1,三苯基锑,Triphenylantimony,毕得,25g,25,g,1,44.8,not_stocked,huzhibin,20250205
52721-69-4,邻氟苯乙胺,2-(2-Fluorophenyl)ethanamine,毕得,5g,5,g,1,37.8,not_stocked,zhaoxinyi,20250206
404-70-6,2-(3-氟苯)-乙胺,2-(3-Fluorophenyl)ethylamine,毕得,5g,5,g,1,33.6,not_stocked,zhaoxinyi,20250206
774-18-5,邻三氟甲基苯乙胺,2-(2-(Trifluoromethyl)phenyl)ethanamine,MREDA,1g,1,g,1,129,not_stocked,zhaoxinyi,20250206
83304-13-6,3-硝基苯基乙基胺,2-(3-Nitrophenyl)ethanamine,MREDA,1g,1,g,1,365,not_stocked,zhaoxinyi,20250206
55755-17-4,3-甲基苯乙胺,3-Methylphenethylamine,阿拉丁,1g ,1,g,1,279,not_stocked,zhaoxinyi,20250206
637-07-0,2-(4-氯苯氧基)-2-甲基丙酸乙酯,Ethyl 2-(4-chlorophenoxy)-2-methylpropanoate,毕得,5 g,5,g,1,36.4,not_stocked,chenyichi,20250206
169590-42-5,4-(5-(对甲苯基)-3-(三氟甲基)-1H-吡唑-1-基)苯磺酰胺,4-(5-(p-Tolyl)-3-(trifluoromethyl)-1H-pyrazol-1-yl)benzenesulfonamide,毕得,10 g,10,g,1,45.5,not_stocked,chenyichi,20250206
260-94-6,吖啶,Acridine,伊诺凯,1 g,1,g,1,44.8,not_stocked,chenyichi,20250206
6231-18-1,"2,6-二甲氧基吡啶","2,6-Dimethoxypyridine",毕得,25 g,25,g,1,33.6,not_stocked,chenyichi,20250206
129150-68-1,BOC-3-羟基苯乙胺,tert-butyl(3-hydroxyphenethyl)carbamate,毕得,1 g,1,g,1,537,not_stocked,huotongyu,20250206
153732-25-3,N-BOC-3-溴苯乙胺,TERT-BUTYL 3-BROMOPHENETHYLCARBAMATE,毕得,1 g,1,g,1,529,not_stocked,huotongyu,20250206
108307-56-8,3-(三氟甲氧基)苯乙腈,3-(TRIFLUOROMETHOXY)PHENYLACETONITRILE,乐研,1 g,1,g,1,35,not_stocked,huotongyu,20250206
27404-31-5,苯并呋喃-3-乙胺,2-BENZO[B]FURAN-3-YLETHYLAMINE,毕得,250 mg,250,mg,1,124,not_stocked,huotongyu,20250206
56-91-7,4-氨甲基苯甲酸,4-(Aminomethyl)benzoic acid,希恩思,5 g,5,g,1,12.35,not_stocked,pengjing,20250207
75279-53-7,2-氟-4-氯苯基乙腈,4-Chloro-2-fluorobenzeneacetonitrile,毕得,5g,5,g,1,53,running_out,zhaoxinyi,20250207
73918-56-6,对溴苯乙胺,"	2-(4-Bromophenyl)ethylamine",乐研,5g,5,g,1,61.6,running_out,zhaoxinyi,20250207
55755-16-3,"	2-甲基苯乙胺",2-Methylphenethylamine,百灵威,1g,1,g,1,405,running_out,zhaoxinyi,20250207
13078-79-0,2-(3-氯苯基)乙胺,2-(3-Chlorophenyl)ethylamine,百灵威,1g,1,g,1,28,running_out,zhaoxinyi,20250207
1077-28-7,DL-α-硫辛酸,(±)-α-Lipoic acid,Adamas,100 g,100,g,1,86,running_out,zhaobinzhi,
74124-79-1,"N,N-二琥珀酰亚胺基碳酸酯","Bis(2,5-dioxopyrrolidin-1-yl) carbonate",毕得医药,100g,100,g,1,77.7,running_out,zhaobinzhi,20250207
52602-39-8,4-羟基咔唑,9H-Carbazol-4-ol,毕得医药,25 g,25,g,1,41.3,not_stocked,hanshuai,20250207
1836-62-0,2-(2-甲氧基苯氧基)乙胺,2-(2-Methoxyphenoxy)ethylamine,毕得医药,25 g,25,g,1,25.9,not_stocked,hanshuai,20250207
51997-51-4,"4-(2,3-环氧丙氧基)-咔唑",4-Glycidyloxycarbazole,毕得医药,25g,25,g,1,96.6,not_stocked,hanshuai,20250207
619-64-7,4-乙基苯甲酸,4-Ethylbenzoic acid,毕得,100 g,100,g,1,35,not_stocked,chenyichi,20250206
20029-52-1,4-环己基苯甲酸,4-Cyclohexylbenzoic acid,毕得,1 g,1,g,1,44.1,not_stocked,chenyichi,20250206
280-57-9,"1,4-二氮杂双环[2,2,2]辛烷","1,4-Diazabicyclo[2.2.2]octane",毕得医药,25g,25,g,1,17.5,running_out,huangyilei,20250207
7778-53-2,磷酸钾, Potassium phosphate,毕得医药,100g,100,g,1,46.2,running_out,huangyilei,20250207
110-46-3,亚硝酸异戊酯,Isopentyl nitrite,毕得医药,100ML,100,mL,1,294.95,running_out,huangyilei,20250207
914348-74-6,4-氯-2-(2-苯并噁唑硫代)-5-噻唑甲醛,,麦克林(Macklin),250mg,250,mg,1,141.6,not_stocked,hanshuai,20250208
7647-14-5,氯化钠,Sodium chloride,通广,500gX10,500,g,10,38.5,running_out,zhaoxinyi,20250208
22367-82-4,3-甲基苯并呋喃-2-羧酸乙酯,Ethyl 3-methylbenzofuran-2-carboxylate,毕得,25g,25,g,1,261,running_out,zhaoxinyi,20250208
1520-31-6,二甲基亚磺酰亚胺,(S-Methylsulfonimidoyl)methane,毕得,1 g x2,1,g,2,46.2,not_stocked,huzhibin,20250210
1035235-27-8,4-溴异吲哚啉-2-碳酸叔丁酯, tert-Butyl 4-bromoisoindoline-2-carboxylate,毕得,1 g,1,g,1,204.4,not_stocked,wangxi,20250210
157472-96-3,"N,N’-(1,1,2,2-四甲基乙烷)双(3,5-二叔丁基亚水杨基亚胺)]钴(II) ","[N,N’-(1,1,2,2-Tetramethylethylene)Bis(3,5-Di-Tert-Butylsalicylideneiminato)]Cobalt(II)
",adamas,100 mg,100,mg,1,349,not_stocked,wangxi,20250210
74-95-3,二溴甲烷,Dibromomethane,adamas,25 g,25,g,1,20,running_out,wangxi,20250210
137215-27-1,7-巯基-4-甲基-2H-吡喃-2-酮,7-Mercapto-4-methyl-2H-chromen-2-one,毕得,250 mg,250,mg,1,287,not_stocked,wangxi,20250210
16721-80-5,硫氢化钠,Sodium hydrosulfide,adamas,25 g,25,g,1,34,not_stocked,wangxi,20250210
1310-73-2,氢氧化钠,Sodium hydroxide,通广,500 g,500,g,1,9.5,not_stocked,pengjing,20250210
64-17-5,95乙醇,Ethanol,通广,5 L,5,L,1,75,not_stocked,pengjing,20250210
98-86-2,苯乙酮,Acetophenot_stocked,安耐吉,100 ml,100,mL,1,16,not_stocked,liangyiqi,20250208
65-85-0,苯甲酸,Benzoic acid,安耐吉,100 g,100,g,1,16,running_out,liangyiqi,20250208
93-97-0,苯甲酸酐,Benzoic anhydride,安耐吉,25 g,25,g,1,16,not_stocked,liangyiqi,20250208
794-94-5,4-甲氧基苯甲酸酐,4-methoxybenzoic anhydride,麦克林(Macklin),1g,1,g,1,157.74,not_stocked,liangyiqi,20250208
100-06-1,对甲氧基苯乙酮,p-Methoxyacetophenot_stocked,安耐吉,100g,100,g,1,20,not_stocked,liangyiqi,20250208
774-18-5,邻三氟甲基苯乙胺,2-(2-(Trifluoromethyl)phenyl)ethanamine,源叶,1g,1,g,1,184,not_stocked,zhaoxinyi,20250208
,3-硝基苯基乙基胺盐酸盐,2-(3-Nitrophenyl)ethanamine,源叶,1g,1,g,1,296,not_stocked,zhaoxinyi,20250208
,丁酮,butanot_stocked,通广,500mL,500,mL,1,53,not_found,yanglicheng,20250210
98-86-2,,Acetophenot_stocked,毕得,100g,100,g,1,15.4,not_found,yanglicheng,20250210
121-44-8,三乙胺,,通广精细,500mlx2,500,ml,2,18,common_public,huzhibin,20250210
60-29-7,乙醚,,通广,500mlx2,500,ml,2,17.5,common_public,huzhibin,20250210
7647-01-0,盐酸,,"现代东方
",500mlx2,500,ml,2,16,common_public,huzhibin,20250210
631-61-8,乙酸铵,Ammonium acetate,源叶,50g,50,g,1,108,not_stocked,zhaoxinyi,20250210
62-31-7,盐酸多巴胺,3-Hydroxytyramine Hydrochloride,泰坦,100 mg,100,mg,1,456,not_stocked,yuyihan,20250211
73852-17-2,"2,6-二氯苯硼酸","(2,6-Dichlorophenyl)boronic acid",毕得,5g,5,g,1,24.5,not_stocked,xuguofeng,20250210
15864-32-1,2-氨基-6-溴苯并噻唑,2-Amino-6-bromobenzothiazole,毕得,10g,10,g,1,63.7,not_stocked,xuguofeng,20250210
119895-68-0,"2,2-二氟胡椒环-4-甲醛","2,2-Difluorobenzodioxole-4-carboxaldehyde",毕得,5 g,5,g,1,125,not_stocked,huotongyu,20250210
61-54-1,色胺,Tryptamine,毕得,25 g,25,g,1,23.8,running_out,huotongyu,20250210
153732-25-3,N-BOC-3-溴苯乙胺;叔-丁基 3-溴苯乙基氨基甲酯,TERT-BUTYL3-BROMOPHENETHYLCARBAMATE,毕得,1 g,1,g,1,529,not_stocked,huotongyu,20250210
129150-68-1,BOC-3-羟基苯乙胺,tert-butyl(3-hydroxyphenethyl)carbamate,毕得,1G,1,g,1,537,not_stocked,huotongyu,20250210
79-30-1,异丁酰氯 ,"Isobutyryl chloride, 98%, for synthesis",Amethyst,100 g,100,g,1,85.85,not_stocked,tanhui,20250211
27607-77-8,三氟甲磺酸三甲基硅酯,Trimethylsilyl trifluoromethanesulfonate,阿拉丁,10G,10,g,1,33.46,running_out,yanglicheng,20250211
623-03-0,4氯苄腈 ,"4-Chlorobenzonitrile, 99%",百灵威J&K,25 g,25,g,1,51,not_stocked,tanhui,20250212
1068-55-9,异丙基氯化镁," Isopropylmagnesium chloride, 2.0 M solution in THF, J&KSeal",百灵威J&K,100 ml,100,mL,1,78,not_stocked,tanhui,20250212
1897-45-6,"2,4,5,6-四氯间苯二甲腈 ","2,4,5,6-Tetrachloroisophthalonitrile",毕得医药,5g,5,g,1,30.1,not_stocked,tanhui,20250212
40817-08-1,4-戊基-4`-氰基联苯 ,"4'-Pentyl-[1,1'-biphenyl]-4-carbonitrile",毕得医药,10 g,10,g,1,43.4,not_stocked,tanhui,20250212
2648-61-5,"2,2-二氯苯乙酮",,罗恩,5 g,5,g,1,125.3,not_stocked,tanhui,20250212
7152/3/6,环丙基-4-甲氧基苯酮 ,Cyclopropyl(4-methoxyphenyl)methanot_stocked,毕得医药,1g,1,g,1,50.4,not_stocked,tanhui,20250212
1809-10-5,3-溴戊烷, 3-Bromopentane,毕得医药,5 g,5,g,1,29.4,not_stocked,tanhui,20250212
7553-56-2,碘 ,Iodine,安耐吉,25 g,25,g,1,44,not_found,tanhui,20250212
1666-13-3,二苯基二硒醚 ,Diphenyl diselenide,安耐吉,25 g,25,g,1,159.2,running_out,tanhui,20250212
5407-98-7,环丁基苯基甲酮 ,Cyclobutyl Phenyl Ketone,毕得医药,1 g,1,g,1,39.2,not_stocked,tanhui,20250212
773-82-0,"2,3,4,5,6-五氟苯腈 ","2,3,4,5,6-Pentafluorobenzonitrile",毕得医药,25 g,25,g,1,32.9,not_stocked,tanhui,20250212
2571-52-0,"2,4,6-三甲基苯腈 ","2,4,6-Trimethylbenzonitrile",毕得医药,5 g,5,g,1,91,not_stocked,tanhui,20250212
22445-42-7,"3,5-二甲基苯甲腈 ","3,5-Dimethylbenzonitrile",毕得医药,10 g,10,g,1,47.6,not_stocked,tanhui,20250212
620-22-4,3甲基苄腈 ,"3-Methylbenzonitrile, 98%",百灵威J&K,25 g,25,g,1,46.75,not_stocked,tanhui,20250212
529-19-1,邻甲苯甲腈," o-Tolunitrile, 98%",百灵威J&K,25 mL,25,mL,1,51,not_stocked,tanhui,20250212
120034-05-1,5-溴-2-羟基烟酸甲酯,"METHYL 5-BROMO-2-OXO-1,2-DIHYDRO-3-PYRIDINECARBOXYLATE",毕得,10g,10,g,1,99.4,not_stocked,xuguofeng,20250212
3605/1/4,"2-(4-(苯并[d][1,3]二氧戊环-5-基甲基)哌嗪-1-基)嘧啶 ","2-(4-(Benzo[d][1,3]dioxol-5-ylmethyl)piperazin-1-yl)pyrimidine",毕得,1 g,1,g,1,65.8,not_stocked,chenyichi,20250212
586-76-5,4-溴苯甲酸,4-Bromobenzoic acid,毕得,100 g,100,g,1,45.5,running_out,chenyichi,20250212
6140-17-6,对甲基三氟甲苯,1-Methyl-4-(trifluoromethyl)benzene,毕得,5 g,5,g,1,21,not_stocked,chenyichi,20250212
5876-76-6,4-苯基-3-丁炔-2-醇 ,4-Phenyl-3-butyn-2-ol,阿拉丁,1g,1,g,1,202.72,not_stocked,shihongwei,20250212
100-61-8,N-甲基苯胺,N-Methylaniline,泰坦,25 g,25,g,1,17,not_stocked,yuyihan,20250212
14635-75-7,亚硝鎓四氟硼酸盐,Nitrosonium tetrafluoroborate,毕得,1 g,1,g,1,49,not_stocked,wangxi,20252112
56-75-7,"2,2-二氯-N-[(1R,2R)-1,3-二羟基-1-(4-硝基苯基)-2-丙基]乙酰胺","2,2-Dichloro-N-[(1R,2R)-1,3-dihydroxy-1-(4-nitrophenyl)-2-propyl]acetamide
货号BD38972",毕得,5 g,5,g,1,73.5,running_out,chenyichi,20250212
4064/6/6,"((3aR,5R,5aS,8aS,8bR)-2,2,7,7-四甲基四氢-3aH-双([1,3]二氧杂戊环)[4,5-b:4',5'-d]吡喃-5-基)甲醇","((3aR,5R,5aS,8aS,8bR)-2,2,7,7-Tetramethyltetrahydro-3aH-bis([1,3]dioxolo)[4,5-b:4',5'-d]pyran-5-yl)methanol
",毕得,36.4,,,1,1,running_out,chenyichi,20250213
75706-12-6,5-甲基-N-(4-(三氟甲基)苯基)异恶唑-4-甲酰胺,5-Methyl-N-(4-(trifluoromethyl)phenyl)isoxazole-4-carboxamide,毕得,91.7,,,1,250,not_stocked,chenyichi,20250213
448-61-3,"2,4,6-三苯基吡喃鎓四氟硼酸盐","2,4,6-Triphenylpyrylium tetrafluoroborate",毕得,5 g,5,g,1,68.6,running_out,wangxi,20240213
64-17-5,超干乙醇,ethanol,安耐吉,100 mL,100,mL,1,35,running_out,wangxi,20250213
123-91-1,超干二氧六环,"1,4-dioxane",安耐吉,100 mL,100,mL,1,45,running_out,wangxi,20250213
60-29-7,无水乙醚, Diethyl ether absolute,通广,500mlx4,500,ml,4,18,high_usage,huzhibin,20250214
1493-13-6,三氟甲磺酸,"	Trifluoromethanesulfonic acid",百灵威J&K,10G,10,g,1,130.9,high_usage,tangshuyuan,20250214
150-78-7,1，4-二甲氧基苯,"1,4-Dimethoxybenzene AR",欣恒研,100g,100,g,1,96.8,not_stocked,tangshuyuan,20250214
7784-18-1,三氟化铝,Aluminiumfluoride,百灵威,25g,25,g,1,36.9,running_out,sunyichen,20240214
100-09-4,4-甲氧基苯甲酸,4-Methoxybenzoic acid,毕得医药,100g,100,g,1,43.4,not_stocked,liangyiqi,20240214
456-22-4,4-氟苯甲酸,4-Fluorobenzoic acid,毕得医药,100g,100,g,1,20.3,not_stocked,liangyiqi,20240214
10031-26-2,无水溴化铁(III),Iron(III) bromide anhydrous,安耐吉,5g,5,g,1,21.6,not_stocked,liangyiqi,20240214
7785-23-1,溴化银,Silver bromide,百灵威J&K,1g,1,g,1,42.5,not_stocked,liangyiqi,20240214
546-67-8,四乙酸高铅,Lead(IV) acetate,Acmec,25g,25,g,1,118.4,running_out,huzhibin,20240214
7718-54-9,"氯化镍(II),无水","Nickel(II) Chloride, Anhydrous",Adamas,25g,25,g,1,20,not_stocked,liangyiqi,20240214
7789-43-7,"溴化钴(II),无水",Cobalt(II) bromide,Adamas,5g,5,g,1,95,not_stocked,liangyiqi,20240214
7787-70-4,溴化亚铜(I),Copper(I) bromide,百灵威J&K,50g,50,g,1,136,not_stocked,liangyiqi,20240214
27607-77-8,三氟甲磺酸三甲基硅酯 ,Trimethylsilyl trifluoromethanesulfonate,毕得,100g,100,g,1,58.8,running_out,huzhibin,20240214
9002-84-0,聚(四氟乙烯),"poly(tetrafluoroethylene), particle size: 3 - 5",百灵威J&K,100g,100,g,1,123.25,not_stocked,yuyihan,20240216
637-69-4,对甲氧基苯乙烯,1-Methoxy-4-vinylbenzene,毕得,5g,5,g,1,39.9,not_stocked,huzhibin,20240216
95-92-1,草酸二乙酯,Diethyl Oxalate,毕得,100g,100,g,1,19,not_stocked,huzhibin,20240216
4942-47-6,1-金刚烷乙酸,2-(Adamantan-1-yl)acetic acid,毕得,10g,10,g,1,44.1,not_stocked,huzhibin,20240216
2158-14-7,4-乙酰氨基苯磺酰基叠氮,4-Acetamidobenzenesulfonyl azide,希恩斯,25g,25,g,1,39,not_stocked,huzhibin,20250216
65-46-3,"4-氨基-1-((2R,3R,4S,5R)-3,4-二羟基-5-(羟甲基)四氢呋喃-2-基)嘧啶-2(1H)-酮","4-Amino-1-((2R,3R,4S,5R)-3,4-dihydroxy-5-(hydroxymethyl)tetrahydrofuran-2-yl)pyrimidin-2(1H)-one
货号BD8568",毕得,100 g,100,g,1,37.1,not_stocked,chenyichi,20250217
4318-56-3,"6-氯-3-甲基嘧啶-2,4(1H,3H)-二酮","6-Chloro-3-methylpyrimidine-2,4(1H,3H)-dione",毕得,10 g,10,g,1,20.3,not_stocked,chenyichi,20250217
73-24-5,嘌呤-6-胺,Purin-6-amine,毕得,100 g,100,g,1,23.8,not_found,chenyichi,20250217
236406-55-6,"2-叔丁氧羰基-2,7-二氮杂螺[3.5]壬烷 ","-(tert-Butoxycarbonyl)-2,7-diazaspiro[3.5]nonane",毕得,5g,5,g,1,207,running_out,zhaoxinyi,20250217
10486-51-8,4-氯磺酰基苯甲酸乙酯,ethyl 4-(chlorosulfonyl)benzoate,源叶,1g,1,g,1,112,running_out,zhaoxinyi,20250217
16051-87-9,3-氰基丙酸,3-Cyanopropionic Acid,毕得,1g,1,g,1,84,running_out,zhaoxinyi,20250217
7719/9/7,氯化亚砜,Thionyl chloride,安耐吉,100g,100,g,1,20,running_out,zhaoxinyi,20250217
4524-93-0,环戊甲酰氯,Cyclopentanecarbonyl chloride,毕得,1g,1,g,1,73,running_out,zhaoxinyi,20250217
446-52-6,2-氟苯甲醛,2-Fluorobenzaldehyde,毕得,100g,100,g,1,22,running_out,zhaoxinyi,20250217
1334513-02-8,"N-[(S)-(2,3,4,5,6-五氟苯氧基)苯氧基磷酰基]-L-丙氨酸异丙酯","(S)-Isopropyl 2-(((S)-(perfluorophenoxy)(phenoxy)phosphoryl)amino)propanoate
",毕得,25 g,25,g,1,47.6,not_stocked,chenyichi,20250217
1666-13-3,二苯基二硒醚,Diphenyl diselenide,安耐吉,50 g,50,g,1,318.4,not_stocked,mengjunhong,20250217
4472-41-7,"N,N-二甲基甲酰胺-d7","N,N-Dimethylformamide-d7",安耐吉,1 g,1,g,1,238.4,not_stocked,mengjunhong,20250217
2206-26-0,氘代乙腈,Acetonitrile-d3,乐研,10*0.6ml,0.6,ml,10,256.9,running_out,mengjunhong,20250217
872-50-4,N-甲基吡咯烷酮,N-Methyl-2-Pyrrolidinot_stocked,adamas,100ml,100,mL,1,51,not_stocked,yanglicheng,20250217
7784-18-1,氟化铝,Aluminum fluoride,阿拉丁,"
5 g",5,g,1,23.32,not_stocked,zhaobinzhi,20250217
136040-19-2,四(五氟苯基)硼酸三苯基甲酯,"
Triphenylmethylium tetrakis(perfluorophenyl)borate",毕得医药,5 g,5,g,1,96.6,not_stocked,zhaobinzhi,20250217
7647-01-0,盐酸,Hydrochloric acid,现代东方,500ml*8,500,ml,8,16,not_stocked,liangyiqi,20250218
156-41-2,4-氯苯乙胺,4-Chlorophenethylamine,百灵威,5g,5,g,1,39,not_stocked,zhaoxinyi,20250218
50-89-5,胸腺嘧啶核苷,Thymidine,鸿柏科技,25 g,25,g,1,53.6,not_stocked,chenyichi,20250218
58-96-8,尿嘧啶核苷,Uridine,希恩思,5 g,5,g,1,11.7,not_stocked,chenyichi,20250218
603-34-9,三苯胺,Triphenylamine,毕得,25 g,25,g,1,28,not_found,huzhibin,20240218
3769-41-3,3-苄氧基苯酚,3-(Benzyloxy)phenol,毕得医药,1g*2,1,g,2,38.5,running_out,huangyilei,20240218
106-41-2,4-溴苯酚, 4-Bromophenol,Adamas,25g,25,g,1,20,not_stocked,huangyilei,20240218
615-58-7,"2,4-二溴苯酚","2,4-Dibromophenol",毕得医药,25g,25,g,1,50.4,not_stocked,huangyilei,20240218
112809-51-5,来曲唑,"	Letrozole",希恩思,5 g,5,g,1,178.1,not_stocked,tanhui,20240219
1068-55-9,异丙基氯化镁," Isopropylmagnesium chloride, 2.0 M solution in THF, J&KSeal",百灵威J&K,500 ml,500,mL,1,230,not_stocked,tanhui,20250219
7787-70-4,溴化亚铜 ,Copper(I) bromide,毕得医药,100 g,100,g,1,23.1,not_found,tanhui,20250219
104-85-8,对甲基苄腈 ,"p-Tolunitrile, 98%",百灵威J&K,25 g,25,g,1,51,not_stocked,tanhui,20250219
874-90-8,4-甲氧基苯腈 ,4-Methoxybenzonitrile,毕得医药,25 g,25,g,1,34.3,not_stocked,tanhui,20250219
94291-61-9,"4,4'-(己烷-1,6-二基双(氧基))二苯甲腈 ","4,4'-(Hexane-1,6-diylbis(oxy))dibenzonitrile",毕得医药,100 g,100,g,1,39.9,not_stocked,tanhui,20250219
1591-30-6,"[1,1'-联苯]-4,4'-二甲腈 ","[1,1'-Biphenyl]-4,4'-dicarbonitrile",毕得医药,1g,1,g,1,74.2,not_stocked,tanhui,20250219
73204-07-6,4-(4'-苯腈)环己酮, 4-(4-Oxocyclohexyl)benzonitrile,毕得医药,5 g,5,g,1,69.3,not_stocked,tanhui,20250219
52364-71-3,戊氧基联苯腈 ,"4'-Pentyloxy-[1,1'-biphenyl]-4-carbonitrile",毕得医药,5 g,5,g,1,81.9,not_stocked,tanhui,20250219
41122-71-8,4-庚基联苯腈," 4'-Heptyl-[1,1'-biphenyl]-4-carbonitrile",毕得医药,5g,5,g,1,65.1,not_stocked,tanhui,20250219
171364-82-2,4-氰基苯硼酸频哪醇酯 ,"4-(4,4,5,5-Tetramethyl-1,3,2-dioxaborolan-2-yl)benzonitrile",毕得医药,5 g,5,g,1,49,not_stocked,tanhui,20250219
4421/9/4,"苯并[d][1,3]二氧杂戊环-5-甲腈 ","3,4-(Methylenedioxy)benzonitrile",毕得医药,10G,10,g,1,40.6,not_stocked,tanhui,20250219
332-25-2,对三氟甲氧基苯腈 ,4-(Trifluoromethoxy)benzonitrile,毕得医药,10G,10,g,1,40.6,not_stocked,tanhui,20250219
3032-92-6,4-炔基苯腈 ,4-Ethynylbenzonitrile,毕得医药,5 g,5,g,1,90.3,not_stocked,tanhui,20250219
4210-32-6,4-叔丁基苯甲腈, 4-(tert-Butyl)benzonitrile,毕得医药,100g,100,g,1,39.2,not_stocked,tanhui,20250219
617-90-3,2-呋喃甲腈 ,2-Furonitrile,毕得医药,5 g,5,g,1,70.7,not_stocked,tanhui,20250219
6786-36-3,十八烷基苯酮 ,"Octadecanophenot_stocked,≥98%",安耐吉,5 g,5,g,1,107,not_stocked,tanhui,20250219
1674-38-0,月桂基苯甲酮 ,Dodecanophenot_stocked,安耐吉,5 g,5,g,1,47,not_stocked,tanhui,20250219
582-62-7,3-甲基-1-苯基丁-1-酮, 3-Methyl-1-phenylbutan-1-one,毕得医药,1 g x3,1,g,3,56,not_stocked,tanhui,20250219
100-70-9,2-氰基吡啶 ,Picolinonitrile,毕得医药,100 g,100,g,1,25.9,not_stocked,tanhui,20250219
1003-31-2,2-氰基噻吩 ,2-Thiophenecarbonitrile,毕得医药,10 g,10,g,1,18.9,not_stocked,tanhui,20250219
7647-01-0,盐酸,Hydrochloric acid,现代东方,500ml*4,500,ml,4,16,not_stocked,admin,20250219
694-53-1,,,泰坦,25g,25,g,1,279,running_out,yuyihan,20250219
16083-94-6,"1,2,2,3,4,4 -六甲基膦-1-氧化物","1,2,2,3,4,4 Hexamethylphosphetane 1-oxide",毕得,1g,1,g,1,335,not_stocked,yuyihan,20250219
149-73-5,原甲酸三甲酯,Trimethyl orthoformate,innochem,100 mL,100,mL,1,24,running_out,huzhibin,20250219
119-26-6,"2,4-二硝基苯肼","2,4-Dinitrophenylhydrazine",通广,25 g,25,g,1,42,not_stocked,yanglicheng,20250219
10486-51-8,4-氯磺酰基苯甲酸乙酯,ethyl 4-(chlorosulfonyl)benzoate,奇松生物,1g,1,g,1,144,not_stocked,zhaoxinyi,20250220
874-23-7,2-乙酰基环己酮, 2-Acetyl-1-cyclohexanot_stocked,毕得,10 g,10,g,1,40,not_found,tanhui,20250220
10458-14-7,2-异丙基-5-甲基环己-1-酮 ,2-Isopropyl-5-Methylcyclohexanot_stocked,毕得,25 g,25,g,1,40,not_found,tanhui,20250220
1583-88-6,4-氟苯乙胺,4-Fluorophenethylamine,毕得,5g,5,g,1,41,running_out,zhaoxinyi,20250220
16257-05-9,"	2-((2S,3S)-2-((叔丁氧羰基)氨基)-3-甲基戊酰胺)乙酸","	2-((2S,3S)-2-((tert-Butoxycarbonyl)amino)-3-methylpentanamido)acetic acid",毕得,1 g,1,g,1,329,not_stocked,mengjunhong,20250220
126752-51-0,十钨(VI)酸钠,Sodium tungstate(VI),毕得,250mg,250,mg,1,375.2,not_stocked,mengjunhong,20250220
483979-48-2,"	氯双(二甲基乙二肟基)[4-(二甲基氨基)吡啶]钴(III)","	Chlorobis(dimethylglyoximato)[4-(dimethylamino)pyridine]cobalt(III)",毕得,1 g,1,g,1,135.1,not_stocked,mengjunhong,20250220
1694-92-4,邻硝基苯磺酰氯,"	o-Nitrobenzenesulfonyl chloride",安耐吉,25g,25,g,1,30,not_stocked,heyuji,20250220
1530-45-6,乙氧甲酰基甲基三苯基溴化鏻,(2-Ethoxy-2-oxoethyl)triphenylphosphonium bromide,毕得,25g,25,g,1,21.7,not_stocked,huzhibin,20250220
615-20-3,2-氯苯并噻唑,2-Chlorobenzothiazole,毕得,25g,25,g,1,22.4,running_out,huzhibin,20250220
164470-64-8,FMOC-(4-氨甲基)苯甲酸,Fmoc-4-Amb-OH,毕得,1g,1,g,1,18.9,not_stocked,pengjing,20250220
75-65-0,叔丁醇,tert-butyl alcohol,通广,500 ml,500,mL,1,38,running_out,pengjing,20250220
591-50-4,碘苯,Iodobenzene,希恩斯,25g,25,g,1,19.5,running_out,huzhibin,20250220
100-68-5,甲基苯基硫醚,Thioanisole,希恩斯,25ml,25,mL,1,18.2,running_out,huzhibin,20250220
1520-31-6,二甲基亚磺酰亚胺,(S-Methylsulfonimidoyl)methane,毕得,5g,5,g,1,214.9,running_out,huzhibin,20250220
104-15-4,对甲苯磺酸,p-Toluenesulfonic acid,迈瑞达,25g,25,g,1,75.5,degraded,huzhibin,20250220
2923-28-6,三氟甲烷磺酸银(I),Silver(I) trifluoromethanesulfonate,毕得,5g,5,g,1,43.4,running_out,huzhibin,20250220
3375-31-3,醋酸钯,Palladium(II) acetate,毕得,1 g,1,g,1,285.6,not_stocked,chenyichi,20250221
1148-79-4,"2,2':6',2""-三联吡啶","2,2':6',2''-Terpyridine",毕得,5 g,5,g,1,247.8,running_out,chenyichi,20250221
67969-82-8,四氟硼酸-二乙醚络合物,FLUOROBORIC ACID DIETHYL ETHER COMPLEX,吉至生化,5 mL,5,mL,1,174.4,not_found,chenyichi,20250221
1126-00-7,1-苯基吡唑,1-Phenylpyrazole,毕得,5 g,5,g,1,31.5,running_out,chenyichi,20250221
670-95-1,4-苯基咪唑,4-Phenylimidazole,毕得,5 g,5,g,1,28,not_stocked,chenyichi,20250221
108281-79-4,"6-溴-1,2,4-三唑并[4,3-1]吡啶","6-Bromo-[1,2,4]triazolo[4,3-a]pyridine",毕得,1 g ,1,g,1,65.8,not_stocked,chenyichi,20250221
68-35-9,4-氨基-N-(嘧啶-2-基)苯磺酰胺,4-Amino-N-(pyrimidin-2-yl)benzenesulfonamide,毕得,25 g,25,g,1,27.3,not_stocked,chenyichi,20250221
,1-萘甲腈, 1-Naphthonitrile,麦克林/Macklin,5 g,5,g,1,89.2,not_stocked,tanhui,20250221
,甲醇,methanol,通广,500mL HPLC,,,1,10,not_stocked,zhaoxinyi,20250222
96-50-4,2-氨基噻唑,Thiazol-2-amine,毕得,100 g,100,g,1,23.1,not_stocked,heyuji,20250222
95-76-1,"3,4-二氯苯胺","3,4-Dichloroaniline",安耐吉,25g,25,g,1,16,running_out,xingyihong,20250222
124-41-4,甲醇钠,?Sodium methoxide,安耐吉,100ml,100,mL,1,16,not_stocked,xingyihong,20250222
63148-62-9,二甲基硅油,Dimethylsilicone oil,迈瑞达,1kg*2,1,kg,2,58,common_public,zhaoxinyi,20250222
368-39-8,三乙基氧翁四氟硼酸,Triethyloxonium Tetrafluoroborate,Adamas,100 ml,100,mL,1,389,not_stocked,huzhibin,20250223
1266134-54-6,"2-叠氮基-1,3-二甲基咪唑六氟磷酸盐","2-Azido-1,3-dimethylimidazolinium Hexafluorophosphate",希恩斯,1g*2,1,g,2,57.2,not_stocked,huzhibin,20250223
121-33-5,4-羟基-3-甲氧基苯甲醛,2-Methoxy-4-formylphenol;,毕得医药,100g,100,g,1,18.9,not_stocked,tangshuyuan,20250223
602-09-5,"1,1'-联-2-萘酚","1,1'-Bi-2-naphthol",毕得医药,25g,25,g,1,20.3,not_stocked,tangshuyuan,20250223
494-99-5,"3,4-二甲氧基甲苯","3,4-Dimethoxytoluene",毕得医药,25g,25,g,1,32.2,not_stocked,tangshuyuan,20250223
100-47-0,苯甲腈,Benzonitrile,adams,100g,100,g,1,17,not_stocked,tangshuyuan,20250223
7556-47-0,6-甲氧基二氢吲哚,6-Methoxyindoline,毕得医药,100mg,100,mg,1,49.7,not_stocked,tangshuyuan,20250223
4926-47-0,"3-溴咪唑并[1,2-a]吡啶","3-BROMOIMIDAZO[1,2-A]PYRIDINE",毕得医药,100mg*2,100,mg,2,19.6,not_stocked,tangshuyuan,20250223
7089-68-1,"2-氯,1,10-菲咯啉","2-Chloro-1,10-phenanthroline",毕得,5 g,5,g,1,97.3,not_stocked,chenyichi,20250221
2350-89-2,"4-乙烯基-1,1'-联苯",4-Vinylbiphenyl,毕得,5 g,5,g,1,142.1,running_out,mengjunhong,20250224
546-68-9,钛酸四异丙酯(IV) ,Titanium(IV) isopropoxide,百灵威,25g,25,g,1,56,not_stocked,zhaoxinyi,20250225
192944-51-7,5-吲唑羧酸乙酯,Ethyl 1H-indazole-5-carboxylate,毕得,250 mg *2,250,mg,2,42,not_stocked,chenyichi,20250225
19005-93-7,1H-吲哚-2-甲醛,1H-Indole-2-carbaldehyde,毕得,1 g,1,g,1,60.2,not_stocked,chenyichi,20250225
36193-65-4,2-氰基-1H-吲哚,1H-Indole-2-carbonitrile,毕得,1 g,1,g,1,74.9,running_out,chenyichi,20250225
64951-06-0,"咪唑[1,2-a]嘧啶-2-甲酸乙酯","Ethyl imidazo[1,2-a]pyrimidine-2-carboxylate",毕得,1 g,1,g,1,97.3,not_stocked,chenyichi,20250225
23012-14-8,噁唑-4-甲酸乙酯,Ethyl oxazole-4-carboxylate,毕得,5 g,5,g,1,28.7,not_stocked,chenyichi,20250225
3748-13-8,,,,5 g,5,g,1,29.4,not_stocked,zhaobinzhi,20250225
60-29-7,乙醚,,通广,500mlx4,500,ml,4,17.5,not_stocked,huzhibin,20250225
91-61-2,"喹啉,1,2,3,4-四氢-6-甲基喹啉","6-METHYL-1,2,3,4-TETRAHYDROQUINOLINE",毕得医药,1g,1,g,1,68.6,not_stocked,tangshuyuan,20230225
103-32-2,N-苄基苯胺,N-Phenylbenzylamine,乐研,5g,5,g,1,27,not_stocked,tangshuyuan,20230225
150-76-5,对羟基苯甲醚,4-Methoxyphenol,毕得医药,100g,100,g,1,28,not_stocked,tangshuyuan,20230225
100-10-7,对二甲胺基苯甲醛,4-Dimethylaminobenzaldehyde,毕得医药,100g,100,g,1,,not_stocked,tangshuyuan,20230225
121-69-7,"N,N-二甲基苯胺","N,N-Dimethylaniline",百灵威,25ml,25,mL,1,34,not_stocked,tangshuyuan,20230225
72804-96-7,二苯基膦酰羟胺,O-Diphenylphosphinylhydroxylamine,"	毕得医药",10g,10,g,1,48.3,running_out,huzhibin,20250225
1235865-77-6,"2-((1H-吡咯并[2,3-b]吡啶-5-基)氧基)-4-(4-((4'-氯-5,5-二甲基-3,4,5,6-四氢-[1,1'-联苯]-2-基)甲基)哌嗪-1-基)苯甲酸","2-((1H-Pyrrolo[2,3-b]pyridin-5-yl)oxy)-4-(4-((4'-chloro-5,5-dimethyl-3,4,5,6-tetrahydro-[1,1'-biphenyl]-2-yl)methyl)piperazin-1-yl)benzoic acid
货号BD333817",毕得,1 g,1,g,1,106.4,not_stocked,chenyichi,20250226
90357-06-5,N-(4-氰基-3-(三氟甲基)苯基)-3-(4-氟苯磺酰基)-2-甲基-2-羟基丙酰胺,"N-(4-Cyano-3-(trifluoromethyl)phenyl)-3-((4-fluorophenyl)sulfonyl)-2-hydroxy-2-methylpropanamide
货号BD16821",毕得,1 g,1,g,1,77,not_stocked,chenyichi,20250226
127-19-5,"N,N-二甲基乙酰胺","N,N-Dimethylacetamide",通广,500mL,500,mL,1,28,not_stocked,hanshuai,20250226
164470-64-8,FMOC-(4-氨甲基)苯甲酸,Fmoc-4-Amb-OH,毕得,5g,5,g,1,26.6,running_out,pengjing,20250227
1068-55-9,异丙基氯化镁," Isopropylmagnesium chloride, 2.0 M solution in THF, J&KSeal",百灵威J&K,500 ml,500,mL,1,230,not_stocked,tanhui,20250227
18362-64-6,"2,6-二甲基-3,5-庚二酮 ","2,6-Dimethyl-3,5-heptanedione",毕得,5 g,5,g,1,56.7,not_stocked,tanhui,20250227
2893/5/2,"3-甲基-1-苯基-2-丁酮 3-甲基-1-苯基-2-丁酮,98%",,MREDA,1 ml,1,mL,1,188,not_stocked,tanhui,20250227
1502-22-3,2-(1-环己烯基)环己酮 ,"1,1'-Bi(cyclohexan)]-1'-en-2-one",毕得,25 g,25,g,1,58,not_stocked,tanhui,20250227
7647-14-5,氯化钠,Sodium chloride,泰坦,500gX10,500,g,10,9,common_public,huzhibin,20250227
6084-17-9,2-氯苯丙酮 ,2-Chloropropiophenot_stocked,安耐吉,5g,5,g,1,109,not_stocked,tanhui,20250227
574-09-4,安息香乙醚 ,Benzoin Ethyl Ether,安耐吉,25 g,25,g,1,88,not_stocked,tanhui,20250227
504-24-5,4-氨基吡啶,"	4-Aminopyridine",安耐吉,5g,5,g,1,24,running_out,heyuji,20250227
580-19-8,7-氨基喹啉,Quinolin-7-amine,毕得,5g,5,g,1,246.4,running_out,heyuji,20250227
107228-51-3,"3,6-二氯-4-异丙基哒嗪","3,6-Dichloro-4-isopropylpyridazine",安耐吉,5g,5,g,1,60,not_stocked,hanshuai,20250228
6629/4/5,"
N-氰基乙酰尿烷",N-Cyanoacetylurethane,安耐吉,25g,25,g,1,87.2,not_stocked,hanshuai,20250228
,苯甲酰胺,Benzamide,乐研,10g,10,g,1,17.5,not_stocked,zhaobinzhi,20250228
100-47-0,苯甲腈,Benzonitrile,伊诺凯,500g,500,g,1,68.8,common_public,zhaobinzhi,20250228
536-66-3,4-异丙基苯甲酸,4-Isopropylbenzoic acid,毕得,5 g,5,g,1,26.6,running_out,chenyichi,20250301
3006-96-0,4-羟甲基苯甲酸,4-(Hydroxymethyl)benzoic acid,毕得,25 g,25,g,1,82.6,not_stocked,chenyichi,20250301
1642-81-5,4-(氯甲基)苯甲酸,4-(Chloromethyl)benzoic acid,毕得,25 g,25,g,1,18.9,not_stocked,chenyichi,20250301
1205-58-9,4-(乙酰氨基甲基)苯甲酸,4-(Acetamidomethyl)benzoic acid,毕得,5 g,5,g,1,63,not_stocked,chenyichi,20250301
92-66-0,4-溴代联苯,4-Bromobiphenyl,毕得,25 g,25,g,1,20.3,not_stocked,chenyichi,20250301
26095-59-0,"N,N-二乙基-N-甲基-2-((4((2-(辛氧基)苯甲酰氨基)苯甲酰)氧基)乙铵溴化物","N,N-Diethyl-N-methyl-2-((4-(2-(octyloxy)benzamido)benzoyl)oxy)ethanaminium bromide
",毕得,5 g,5,g,1,151.2,not_stocked,chenyichi,20250301
133395-16-1,双(三氟甲磺酰基)酰亚胺镁(II),Magnesium bis(trifluoromethylsulfonyl)imide,毕得,25 g,25,g,1,361.2,not_stocked,chenyichi,20250302
140681-55-6,N-氟-N'-(氯甲基)三乙二胺双(四氟硼酸盐),N-Fluoro-N'-(chloromethyl)triethylenediamine Bis(tetrafluoroborate),阿拉丁,25 g * 2,25,g,2,73.16,not_stocked,chenyichi,20250302
4105-38-8,"(2R,3R,4R,5R)-2-(乙酰氧甲基)-5-(2,4-二氧代-3,4-二氢嘧啶-1(2H)-基)四氢呋喃-3,4-二基 二乙酸酯","(2R,3R,4R,5R)-2-(Acetoxymethyl)-5-(2,4-dioxo-3,4-dihydropyrimidin-1(2H)-yl)tetrahydrofuran-3,4-diyl diacetate
货号BD7900",毕得,25 g,25,g,1,76.3,not_stocked,chenyichi,20250301
27247-96-7,2-乙基己基硝酸酯,"	2-Ethylhexyl nitrate",阿拉丁,25 mL,25,mL,1,23.32,not_stocked,wangxi,20250303
5292-43-3,溴乙酸叔丁酯,tert-Butyl bromoacetate,安耐吉,25g,25,g,1,16,running_out,heyuji,20250303
236406-55-6,"2-叔丁氧羰基-2,7-二氮杂螺[3.5]壬烷 ","-(tert-Butoxycarbonyl)-2,7-diazaspiro[3.5]nonane",毕得,5g,5,g,1,207,not_stocked,zhaoxinyi,20250303
1192-63-8,吡咯烷-1-甲酰氯,1-Pyrrolidinecarbonylchloride,毕得,1g,1,g,1,39,running_out,zhaoxinyi,20250303
34946-82-2,三氟甲磺酸铜(II),Copper(II) trifluoromethanesulfonate,安耐吉,5g,5,g,1,20,not_found,liangyiqi,20250303
1493-13-6,三氟甲磺酸,"	Trifluoromethanesulfonic acid",百灵威J&K,50G,50,g,1,217.6,high_usage,tangshuyuan,20250304
,1，1，2，2-四氯乙烷,"Tetrachloroethane,",百灵威J&K,25ml,25,mL,1,67.15,degraded,tangshuyuan,20250304
6231-18-1,,,毕得医药,5g,5,g,1,18.9,running_out,tangshuyuan,20250304
1126-00-7,1-苯基吡唑,1-Phenylpyrazole,毕得医药,1g,1,g,1,20.3,running_out,tangshuyuan,20250304
847818-74-0,1-甲基-1H-吡唑-5-硼酸频哪醇酯,1-Methyl-1H-pyrazole-5-boronic acid pinacol ester,毕得医药,1g,1,g,1,17.5,running_out,tangshuyuan,20250304
38922-77-9,"咪唑并[1,2-a]吡啶-2-甲酸乙酯","IMIDAZO[1,2-A]PYRIDINE-2-CARBOXYLIC ACID ETHYL ESTER",毕得医药,1g,1,g,1,40.6,not_stocked,tangshuyuan,20250304
473416-12-5,1H-吲唑-5-甲酸甲酯,Methyl 1H-indazole-5-carboxylate,毕得医药,1g,1,g,1,12.6,not_stocked,tangshuyuan,20250304
13436-48-1,1-甲基吲唑,1-Methyl-1H-indazole,毕得医药,250mg,250,mg,1,57.4,not_stocked,tangshuyuan,20250304
4265-27-4,2-丁基苯并呋喃,2-Butylbenzofuran,百灵威J&K,1g,1,g,1,80.75,not_stocked,tangshuyuan,20250304
274-79-3,,"Imidazo[1,2-a]pyrazine",毕得医药,1g,1,g,1,18.9,not_stocked,tangshuyuan,20250304
274-95-3,"咪唑并[1,2-a]嘧啶","Imidazo[1,2-a]pyrimidine",毕得医药,1g,1,g,1,53.2,not_stocked,tangshuyuan,20250304
64951-06-0,"咪唑[1,2-a]嘧啶-2-甲酸乙酯","IMIDAZO[1,2-A]PYRIMIDINE-2-CARBOXYLIC ACID ETHYL ESTER",毕得医药,1g,1,g,1,97.3,running_out,tangshuyuan,20250304
675-20-7,2-哌啶酮,Piperidin-2-one,毕得,10g,10,g,1,19.6,running_out,huzhibin,20250304
22693-41-0,"2,4,6-三异丙基苯硫酚","2,4,6-Triisopropylbenzenethiol",毕得,1 g,1,g,1,125.3,running_out,huzhibin,20250304
534-17-8,碳酸铯,Cesium carbonate,毕得,25g,25,g,1,53.2,running_out,huzhibin,20250304
630-18-2,三甲基乙腈,Pivalonitrile,毕得,100 g,100,g,1,68.6,not_stocked,huzhibin,20250304
59-89-2,N-亚硝基吗啉, N-Nitrosomorpholine,毕得医药,1g,1,g,1,96.6,not_stocked,huangyilei,20250304
638-51-7,亚硝酸己酯,"亚硝酸己酯,≥95%(GC)",迈瑞达,5ml,5,mL,1,65.5,not_stocked,huangyilei,20250304
1076-96-6,4-乙烯基苯甲酸甲酯,Methyl 4-vinylbenzoate,毕得医药,1 g,1,g,1,66.5,running_out,mengjunhong,20250305
4894-75-1,"4-苯基环己酮
",4-Phenylcyclohexanot_stocked,毕得医药,25g,25,g,1,37,running_out,zhuminghui,20250305
1666-13-3,"二苯基二硒醚,",Diphenyl diselenide,伊诺凯,372,,,1,25,running_out,zhuminghui,20250305
174886-04-5,"1,1,1-三氟-2-甲基-2-丙胺盐酸盐?","1,1,1-Trifluoro-2-methylpropan-2-amine hydrochloride",毕得,639.1,,,1,1,not_stocked,huwenshu,20250305
7647-14-5,氯化钠,Sodium chloride,泰坦,500gX10,500,g,10,9,running_out,zhaoxinyi,20250305
111-96-6,二乙二醇二甲醚,Diethylene glycol dimethyl ether,百灵威J&K,100 mL,100,mL,1,83,running_out,mengjunhong,20250305
271-29-4,6-氮杂吲哚,"1H-Pyrrolo[2,3-c]pyridine",毕得,5 g,5,g,1,91,not_stocked,chenyichi,20250305
272-49-1,4-氮杂吲哚,4-Azaindole,毕得,5 g,5,g,1,95.2,not_stocked,chenyichi,20250305
696-23-1,2-甲基-5-硝基咪唑,2-Methyl-5-nitro-1H-imidazole,毕得,25 g,25,g,1,34.3,not_stocked,chenyichi,20250305
5798-75-4,"	4-溴苯甲酸乙酯","	Ethyl 4-bromobenzoate",毕得,25g,25,g,1,31,running_out,zhaoxinyi,20250306
4039-32-1,双(三甲基硅基)氨基锂（正己烷溶液）,Lithium bis(trimethylsilyl)amide,研峰,100mL,100,mL,1,160,not_stocked,huzhibin,20250306
4039-32-1,双(三甲基硅基)氨基锂（THF溶液）,Lithium bis(trimethylsilyl)amide,研峰,100mL,100,mL,1,57,not_stocked,huzhibin,20250306
7550-45-0,四氯化钛(IV),Titanium(IV) chloride,研峰,100mL,100,mL,1,60.8,running_out,huzhibin,20250306
79-37-8,草酰氯,Oxalyl Chloride,阿拉丁,25g,25,g,1,26.44,running_out,huzhibin,20250306
6790-58-5,降龙涎香醚,Ambroxane,希恩斯,5g,5,g,1,107.25,not_stocked,huzhibin,20250306
108-48-5,"2,6-二甲基吡啶","2,6-Lutidine        ",伊诺凯,25mL,25,mL,1,24,running_out,huzhibin,20250306
86953-79-9,吡咯烷-1-羧酸叔丁酯,tert-Butyl pyrrolidine-1-carboxylate,毕得,25g,25,g,1,74.2,not_stocked,huzhibin,20250306
542-46-1,(Z)-9-环十七烯-1-酮,9-Cycloheptadecen-1-one,通广,1 g,1,g,1,69.3,not_stocked,mengjunhong,20250307
4004/5/1,"1,2-二油酰基-sn-丙三基-3-磷脂酰乙醇胺","1,2-Dioleoyl-sn-glycero-3-phosphoethanolamine",安耐吉,250mg,250,mg,1,238.4,not_stocked,mengjunhong,20250307
2566-97-4,"(9E,12E)-9,12-十八碳二烯酸甲酯","(9E,12E)-Methyl octadeca-9,12-dienoate",毕得医药,100mg,100,mg,1,154.7,not_stocked,mengjunhong,20250307
488-10-8,(Z)-3-甲基-2-(戊-2-烯-1-基)环戊-2-烯酮,(Z)-3-Methyl-2-(pent-2-en-1-yl)cyclopent-2-enot_stocked,毕得医药,5 g,5,g,1,35.7,not_stocked,mengjunhong,20250307
871700-17-3,曲美替尼,Trametinib,毕得医药,10mg,10,mg,1,131.6,not_stocked,xuguofeng,20250307
27404-31-5,苯并呋喃-3-乙胺,2-BENZO[B]FURAN-3-YLETHYLAMINE,毕得医药,100mg,100,mg,1,60.2,running_out,xuguofeng,20250307
24067-17-2,4-硝基苯基硼酸,(4-Nitrophenyl)boronic acid,毕得,5 g,5,g,1,88.9,not_found,chenyichi,20250307
1679-18-1,4-氯苯硼酸,(4-Chlorophenyl)boronic acid,毕得,25 g,25,g,1,29.4,running_out,chenyichi,20250307
128796-39-4,4-三氟甲基苯硼酸,(4-(Trifluoromethyl)phenyl)boronic acid,毕得,10 g,10,g,1,50.4,not_stocked,chenyichi,20250307
126747-14-6,4-氰基苯硼酸,4-Cyanophenylboronic acid,毕得,10 g,10,g,1,44.1,not_found,chenyichi,20250307
640-57-3,4-甲基二苯砜,1-Methyl-4-(phenylsulfonyl)benzene,毕得,5 g,5,g,1,125.3,not_stocked,chenyichi,20250307
90-47-1,9H-氧杂蒽-9-酮,9H-Xanthen-9-one,毕得,10 g,10,g,1,20.3,not_stocked,chenyichi,20250307
1998/8/8,超干三氟甲苯,Benzotrifluoride,虹湖联合,100ml,100,mL,1,52,running_out,huzhibin,20250307
112738-67-7,1-三氟甲基环丙胺盐酸盐,1-(Trifluoromethyl)cyclopropanamine hydrochloride,毕得,1g,1,g,1,487.2,not_stocked,huwenshu,20250308
141-78-6,超干乙酸乙酯,Ethyl acetate,伊诺凯,1000 mL,1000,mL,1,278.4,not_stocked,mengjunhong,20250308
106-42-3,超干对二甲苯,P-XYLENE,伊诺凯,500 ml,500,mL,1,135.2,not_stocked,mengjunhong,20250308
2668-47-5,"3,5-二叔丁基-[1,1'-联苯]-4-酚","3,5-Di-tert-butyl-[1,1'-biphenyl]-4-ol",毕得,100mg,100,mg,1,600,not_stocked,admin,20250308
1976/5/1,三氟乙酸,Trifluoroacetic acid ,麦克林,100 mL,100,mL,1,84,running_out,shihongwei,20250308
335654-06-3,"2-氯-7H-吡咯并[2,3-d]嘧啶","2-Chloro-7H-pyrrolo[2,3-d]pyrimidine",毕得,5 g,5,g,1,83.3,not_stocked,chenyichi,20250309
830346-47-9,"1-(2-氟-6-(三氟甲基)苄基)-6-甲基嘧啶-2,4(1H,3H)-二酮","1-(2-Fluoro-6-(trifluoromethyl)benzyl)-6-methylpyrimidine-2,4(1H,3H)",毕得,"5 g	",5,g,1,51.8,not_stocked,chenyichi,20250309
32809-16-8,"3-(3,5-二氯苯基)-1,5-二甲基-3-氮杂双环[3.1.0]己烷-2,4-二酮","3-(3,5-Dichlorophenyl)-1,5-dimethyl-3-azabicyclo[3.1.0]hexane-2,4-dione
货号",毕得,1 g,1,g,1,101.5,not_stocked,chenyichi,20250309
51310-54-4,2-三氟甲基吲哚,2-(Trifluoromethyl)-1H-indole,毕得,250 mg,250,mg,1,185.5,not_stocked,chenyichi,20250309
863329-66-2,"1-((2R,3R,4R,5R)-3-氟-4-羟基-5-(羟甲基)-3-甲基四氢呋喃-2-基)嘧啶-2,4(1H,3H)-二酮","1-((2R,3R,4R,5R)-3-Fluoro-4-hydroxy-5-(hydroxymethyl)-3-methyltetrahydrofuran-2-yl)pyrimidine-2,4(1H,3H)-dione
",毕得,10 g,10,g,1,60.9,not_stocked,chenyichi,20250309
13462-90-3,碘化镍(II),NICKEL IODIDE,希恩思,1g,1,g,1,17.55,not_stocked,shihongwei,20250309
26009-55-2,聚(4-叔丁基苯乙烯),Poly(4-tert-butylstyrene),罗恩,10 g,10,g,1,588,not_stocked,admin,20250309
485-35-8,"(1R,5S)-3,11-二氮杂三环[7.3.1.03,8]三癸-5,7-二烯-4-酮","(1R,5S)-1,2,3,4,5,6-Hexahydro-8H-1,5-methanopyrido[1,2-a][1,5]diazocin-8-one
",毕得,1 g,1,g,1,118.3,not_stocked,chenyichi,20250309
1577-22-6,5-己烯酸,5-Hexenoic acid,欣恒研,1g,1,g,1,77.6,running_out,admin,20250309
120013-39-0,"5,6-二甲氧基-2-(4-哌啶基甲基)-1-茚酮盐酸盐","5,6-Dimethoxy-2-(4-piperidinylmethyl)-1-indanot_stocked hydrochloride",毕得,5 G,5,g,1,25.2,not_stocked,wangxi,20250310
2114-33-2,1-苯基丙-2-基 乙酸酯 ,1-Phenylpropan-2-yl acetate,毕得医药,250mg,250,mg,1,184.1,not_stocked,admin,20250310
4132-48-3,对异丙基苯甲醚,4-Isopropylanisole,百灵威J&K,5 g,5,g,1,75.65,not_stocked,wangxi,20250310
122-72-5,乙酸-3-苯基丙酯 ,3-phenylpropyl acetate,欣恒研,1g,1,g,1,85.6,not_stocked,admin,20250310
1959/2/9,"(R)-2,5,7,8-四甲基-2-((4R,8R)-4,8,12-三甲基十三烷基)苯并吡喃-6-醇","(R)-2,5,7,8-Tetramethyl-2-((4R,8R)-4,8,12-trimethyltridecyl)chroman-6-ol
",毕得,5 g,5,g,1,23.1,not_stocked,wangxi,20250310
1191-25-9,6-羟基己酸 ,6-Hydroxyhexanoic acid,欣恒研,1g,1,g,1,80,running_out,admin,20250310
10035-10-6,氢溴酸, Hydrogen bromide,安耐吉,"	100ml",100,mL,1,16,running_out,liangyiqi,20250310
13730-09-1,"2,5-二甲基苯腈","2,5-dimethylbenzonitrile",安耐吉,250mg,250,mg,1,70,not_stocked,wangyihan,20250310
5779-94-2,"2,5-二甲基苯甲醛","2,5-Dimethylbenzaldehyde",安耐吉,1g,1,g,1,21.6,running_out,wangyihan,20250310
99-93-4,对羟基苯乙酮,4'-Hydroxyacetophenot_stocked,毕得,100 g,100,g,1,18.9,not_stocked,wangxi,20250310
624-75-9,碘乙腈,2-Iodoacetonitrile,毕得,100 g,100,g,1,1004.5,not_stocked,huangqianqian,20250310
936-16-3,"2,3-二氢-1,1-二氧代-1,2-苯并异噻唑","2,3-Dihydrobenzo[d]isothiazole 1,1-dioxide",毕得,750mg,750,mg,1,833.7,not_stocked,huangqianqian,20250310
56962-04-0,3-溴-5-氯苯酚,3-Bromo-5-chlorophenol,毕得,10 g,10,g,1,111.3,not_stocked,huangqianqian,20250310
128-09-6,N-氯代丁二酰亚胺,"1-Chloropyrrolidine-2,5-dione",毕得,500g,500,g,1,41,running_out,zhaoxinyi,20250310
20762-60-1,叠氮化钾,"	potassium azide",伊诺凯,25g,25,g,1,756.8,not_stocked,zhuminghui,20250311
676525-77-2,"(4,4'-二叔丁基-2,2'-联吡啶)双[(2-吡啶基)苯基]铱(III)六氟磷酸盐","	Ir(ppy)2(dtbbpy)PF6",毕得,100 mg,100,mg,1,89.6,not_stocked,chenyichi,20250311
75-52-5,硝基甲烷,Nitromethane,通广,500 mL,500,mL,1,193,running_out,chenyichi,20250311
79069-50-4,(S)-(1-氧代丙烷-2-基)氨基甲酸叔丁酯 ,(S)-tert-Butyl (1-oxopropan-2-yl)carbamate,毕得医药,5g,5,g,1,364,not_stocked,shihongwei,20250311
823-22-3,δ-己内酯, δ-Hexanolactone,欣恒研,10 g,10,g,1,56,not_stocked,admin,20250311
865-47-4,叔丁醇钾,"	Potassium 2-methylpropan-2-olate",毕得,100 g,100,g,1,44.1,not_stocked,mengjunhong,20250312
25812-30-0,"5-(2,5-二甲苯氧基)-2,2-二甲基戊酸","5-(2,5-Dimethylphenoxy)-2,2-dimethylpentanoic acid",毕得,10 g,10,g,1,45.5,not_stocked,chenyichi,20250312
4640-67-9,4-氟苯甲酰基乙腈,3-(4-Fluorophenyl)-3-oxopropanenitrile,毕得,25 g,25,g,1,71.4,not_stocked,chenyichi,20250312
502-49-8,环辛酮,Cyclooctanot_stocked,毕得,25 g,25,g,1,64.4,running_out,chenyichi,20250312
133-67-5,"6-氯-3-(二氯甲基)-3,4-二氢-2H-苯并[e][1,2,4]噻二嗪-7-磺酰胺1,1-二氧化物","6-Chloro-3-(dichloromethyl)-3,4-dihydro-2H-benzo[e][1,2,4]thiadiazine-7-sulfonamide 1,1-dioxide
货号BD155081",毕得,1 g,1,g,1,102.2,not_stocked,chenyichi,20250312
951-78-0,"1-((2R,4S,5R)-4-羟基-5-(羟甲基)四氢呋喃-2-基)嘧啶-2,4(1H,3H)-二酮","1-((2R,4S,5R)-4-Hydroxy-5-(hydroxymethyl)tetrahydrofuran-2-yl)pyrimidine-2,4(1H,3H)-dione
货号BD8061",毕得,10 g,10,g,1,72.1,not_stocked,chenyichi,20250312
870004-04-9,"4,4,5,5-四甲基-2-(4-乙烯基苯基)-1,3,2-二氧硼杂环戊烷","4,4,5,5-Tetramethyl-2-(4-vinylphenyl)-1,3,2-dioxaborolane",毕得医药,250mg,250,mg,1,31.5,not_stocked,liangyiqi,20250312
4177-16-6,2-乙烯基吡嗪,2-Vinylpyrazine,"	Adamas",100mg,100,mg,1,90,not_stocked,liangyiqi,20250312
100-43-6,4-乙烯基吡啶,4-Vinylpyridine,"	安耐吉",5ml,5,mL,1,44,running_out,liangyiqi,20250312
3435-51-6,4-乙烯基苯甲腈,4-Vinylbenzonitrile,乐研,250mg,250,mg,1,37.1,not_stocked,liangyiqi,20250312
79669-49-1,5-溴-2-甲基苯甲酸 ,5-Bromo-2-methylbenzoic acid,毕得,25 g,25,g,1,21.7,not_stocked,tanhui,20250312
100-13-0,4-硝基苯乙烯,4-Nitrostyrene,乐研,250mg,250,mg,1,22.4,not_stocked,liangyiqi,20250312
693-13-0,"N,N'二异丙基碳二亚胺"," N,N'-Diisopropylcarbodiimide, 99%",百灵威J&K,"5 g	",5,g,1,51,running_out,tanhui,20250312
2438/4/2,2-异丙基苯甲酸 ,2-Isopropylbenzoic Acid,毕得,1 g,1,g,1,135.8,not_stocked,tanhui,20250312
141556-45-8,"1,3-双(2,4,6-三甲基苯基)氯化咪唑 ","1,3-Bis(2,4,6-trimethylphenyl)imidazolium chloride",安耐吉,1 gx5,1,g,5,16,running_out,tanhui,20250312
3168-59-0,2-甲基-5-甲氧基苯甲酸 ,5-Methoxy-2-methylbenzoic acid,毕得,5 G,5,g,1,67.9,not_stocked,tanhui,20250312
128796-39-4,4-(三氟甲基)苯硼酸,4-Trifluoromethylphenylboronic acid,麦克林/Macklin,25g,25,g,1,156.8,running_out,heyuji,20250312
546-67-8,四乙酸高铅,Lead(IV) acetate,伊诺凯,200g,200,g,1,876,running_out,zhuminghui,20250312
407-25-0,三氟乙酸酐,Trifluoroacetic anhydride,伊诺凯,100G,100,g,1,46,running_out,zhuminghui,20250312
60-29-7,乙醚,,通广,500mlx10,500,ml,10,17.5,running_out,zhuminghui,20250312
603-35-0,三苯基膦,Triphenylphosphine,安耐吉,100g,100,g,1,30,not_stocked,liangyiqi,20250312
70693-62-8,过硫酸氢钾 过氧硫酸氢钾复合盐,,麦克林,100g,100,g,1,38.4,not_stocked,liangyiqi,20250312
107-15-3,乙二胺,Ethylenediamine,通广,500ML,500,mL,1,144,not_stocked,liangyiqi,20250312
67-66-3,三氯甲烷,TIRCHLOROMETHANE,通广,500ml*4 HPLC,,,1,35,not_stocked,liangyiqi,20250312
120-12-7,蒽,Anthracene,阿拉丁,5G GC std,,,1,60.72,not_stocked,liangyiqi,20250312
7440/5/3,10%钯碳(55%的水),Palladium on activated carbon(10%)(wetted with ca. 55% Water),毕得,25 g,25,g,1,636.3,not_stocked,huwenshu,20250313
863329-66-2,(2'R)-2'-脱氧-2'-氟-2'-甲基脲苷,"1-((2R,3R,4R,5R)-3-Fluoro-4-hydroxy-5-(hydroxymethyl)-3-methyltetrahydrofuran-2-yl)pyrimidine-2,4(1H,3H)-dione
",乐研,10 g,10,g,1,81,not_stocked,chenyichi,20250313
70-34-8,"2,4-二硝基氟苯","?2,4-Dinitrofluorobenzene",泰坦,25 g,25,g,1,45,not_stocked,huwenshu,20250313
1196-38-9,"3,4-二氢异喹啉-1(2H)-酮","3,4-Dihydroisoquinolin-1(2H)-one",毕得,1g*3,1,g,3,48.3,running_out,huzhibin,20250313
493-05-0,苯并二氢异吡喃,Isochroman,毕得,5g,5,g,1,26.6,not_stocked,huzhibin,20250313
274-09-9,"1,2-亚甲二氧基苯","1,3-Benzodioxole",乐研,25g,25,g,1,18.2,running_out,huzhibin,20250313
5894-65-5,N-叔丁基苯酰胺,N-(Tert-Butyl)Benzamide,adams,1g,1,g,1,44,not_stocked,huzhibin,20250313
95-48-7,邻甲酚,o-Cresol,百灵威J&K,25g,25,g,1,34,not_found,tangshuyuan,20250313
108-39-4,间基苯甲酚,p-Cresol,百灵威J&K,500ml,500,mL,1,79,not_found,tangshuyuan,20250313
123-31-9,对苯二酚,Hydroquinot_stocked,百灵威J&K,250g,250,g,1,111,not_found,tangshuyuan,20250313
221044-05-9,1-(嘧啶-2-基)-1H-吲哚,1-(Pyrimidin-2-yl)-1H-indole,毕得,250 mg,250,mg,1,118.3,not_found,chenyichi,20250313
13311-84-7,N-(4-硝基-3-(三氟甲基)苯基)异丁酰胺,N-(4-Nitro-3-(trifluoromethyl)phenyl)isobutyramide,毕得,10 g,10,g,1,65.8,not_found,chenyichi,20250313
13730-09-1,"2,5-二甲基苯甲腈","2,5-Dimethylbenzonitrile",毕得,1 g,1,g,1,46.9,not_stocked,wangyihan,20250314
95-78-3,"2,5-二甲基苯胺","2,5-Dimethylaniline",安耐吉,25 mL,25,mL,1,16,running_out,wangyihan,20250314
13154-24-0,三异丙基氯硅烷 ,Chlorotriisopropylsilane,毕得,100g,100,g,1,47.6,running_out,shihongwei,20250314
18162-48-6,叔丁基二甲基氯硅烷,tert-Butyldimethylsilyl chloride,毕得,100 g,100,g,1,18.2,not_stocked,chenyichi,
3556-83-0,3-甲氧基-4-甲基苯甲酸甲酯,Methyl 3-methoxy-4-methylbenzoate,毕得,5 g,5,g,1,21,not_stocked,chenyichi,
6880/4/2,4-甲氧基-3-甲基苯甲酸,4-Methoxy-3-methylbenzoic acid,毕得,5 g,5,g,1,96.6,not_stocked,chenyichi,
13311-84-7,N-(4-硝基-3-(三氟甲基)苯基)异丁酰胺,N-(4-Nitro-3-(trifluoromethyl)phenyl)isobutyramide,毕得,25 g,25,g,1,99.4,not_stocked,chenyichi,20250313
865-48-5,叔丁醇钠,Sodium tert-butoxide,百灵威,100g,100,g,1,57.8,running_out,huzhibin,
69739-34-0,叔丁基二甲基甲硅烷基三氟甲磺酸酯,tert-Butyldimethylsilyl trifluoromethanesulfonate,毕得,25g,25,g,1,34.3,running_out,huzhibin,
4229-44-1,N-甲基羟胺盐酸盐,N-Methylhydroxylamine hydrochloride,毕得,25 g,25,g,1,104.3,running_out,wangxi,20250315
98-59-9,对甲苯磺酰氯,p-Toluenesulfonyl chloride,百灵威J&K,100 g,100,g,1,57.8,running_out,wangxi,20250315
10102-17-7,硫代硫酸钠,,通广,500g*3,500,g,3,9.5,running_out,huzhibin,
7757-83-7,亚硫酸钠,,通广,500g,500,g,1,13,not_stocked,huzhibin,
865-47-4,叔丁醇钾-THF溶液,"Potassium tert-butoxide, 1.0 M solution in THF",百灵威,100 mL,100,mL,1,226.95,not_stocked,mengjunhong,20250316
920509-32-6,"2-(3,5-二氯-4-((5-异丙基-6-氧代-1,6-二氢哒嗪-3-基)氧基)苯基)-3,5-二氧代-2,3,4,5-四氢-1,2,4-三嗪-6-腈","2-(3,5-Dichloro-4-((5-isopropyl-6-oxo-1,6-dihydropyridazin-3-yl)oxy)phenyl)-3,5-dioxo-2,3,4,5-tetrahydro-1,2,4-triazine-6-carbonitrile",毕得,10mg,10,mg,1,83.3,not_stocked,hanshuai,20250316
30273-22-4,4-溴-2-乙基苯胺盐酸盐?,4-Bromo-2-ethylaniline hydrochloride,毕得,1g,1,g,1,40.6,not_stocked,huwenshu,20250316
301-04-2,醋酸铅,Lead acetate,Adamas,1 g,1,g,1,88,not_stocked,huzhibin,20250316
13633-25-5,4-苯基丁基溴,1-Bromo-4-phenylbutane,毕得,5g,5,g,1,27.3,not_stocked,sunyichen,20250317
4132-48-3,对异丙基苯甲醚,4-Isopropylanisole,Adamas,5g,5,g,1,40,not_stocked,sunyichen,20250317
66-71-7,"1,10-菲罗啉","1,10-Phenanthroline",毕得,25 g,25,g,1,29.4,running_out,chenyichi,20250317
151668-40-5,2-三氟甲基-4H-色烯-4-酮,"	2-(trifluoroMethyl)-4H-chroMen-4-one",毕得,1 g,1,g,1,72.45,not_stocked,chenyichi,20250317
41717-32-2,苯并呋喃-2-甲腈 ,1-Benzofuran-2-carbonitrile,毕得,1 g,1,g,1,105.7,not_stocked,chenyichi,20250317
1073-23-0,"2,6-二甲基吡啶N-氧化物","2,6-Dimethylpyridine N-oxide",毕得,"5 g	",5,g,1,80.5,not_stocked,chenyichi,20250317
26638-53-9,"3-氯-6-甲基二苯并[c,f][1,2]硫氮杂卓-11(6H)-酮5,5-二氧化物","3-Chloro-6,11-dihydro-6-methyl-5,5,11-trioxodibenzo[c,f]",毕得,5 g,5,g,1,82.6,not_stocked,chenyichi,20250317
2438/5/3,对丙基苯甲酸,4-Propylbenzoic acid,毕得,25 g,25,g,1,47.6,not_stocked,chenyichi,20250317
132690-91-6,4-(2-Boc-氨基乙基)苯甲酸,4-(2-((tert-Butoxycarbonyl)amino)ethyl)benzoic acid,毕得,1 g,1,g,1,90.3,not_stocked,chenyichi,20250317
52062-92-7,4-(2-溴乙基)苯甲酸,4-(2-Bromoethyl)benzoic acid,毕得,5 g,5,g,1,166.6,not_stocked,chenyichi,20250317
589-16-2,4-乙基苯胺,4-Ethylaniline,毕得医药,100g,100,g,1,77,running_out,zhuminghui,20250317
620-08-6,"4-甲氧基吡啶
",4-Methoxypyridine,毕得,100g,100,g,1,186,running_out,zhuminghui,20250317
20762-60-1,叠氮化钾,"	potassium azide",伊诺凯,25g,25,g,1,756.8,high_usage,zhuminghui,20250317
776-04-5,邻三氟甲基苯磺酰氯,2-(Trifluoromethyl)benzenesulfonylchloride,乐研,25g,25,g,1,124.6,high_usage,huwenshu,20250318
611-73-4,苯甲酰甲酸,Phenylglyoxylic acid,麦克林,5g,5,g,1,30.4,not_stocked,liangyiqi,20250318
850649-61-5,"(R)-2-((6-(3-氨基哌啶-1-基)-3-甲基-2,4-二氧代-3,4-二氢嘧啶-1(2H)-基)甲基)苯甲腈","(R)-2-((6-(3-Aminopiperidin-1-yl)-3-methyl-2,4-dioxo-3,4-dihydropyrimidin-1(2H)-yl)methyl)benzonitrile
",毕得,250 mg,250,mg,1,105,running_out,chenyichi,20250318
168759-60-2,7-溴-4H-色烯-4-酮,7-Bromo-4H-chromen-4-one,毕得,1 g,1,g,1,86.1,not_stocked,chenyichi,20250318
6969-71-7,"1,2,4-三唑并[4,3-a]吡啶-3(2H)-酮","[1,2,4]Triazolo[4,3-a]pyridin-3(2H)-one",毕得,25 g,25,g,1,28,not_stocked,chenyichi,20250318
951885-19-1,6-氯-N-丙基哒嗪-3-胺,N-(6-Chloro-pyridazin-3-yl) propylamine,毕得,1 g,1,g,1,31.5,not_stocked,chenyichi,20250318
529-37-3,喹啉-4(1H)-酮 ,Quinolin-4(1H)-one,毕得,10 g,10,g,1,55.3,not_stocked,chenyichi,20250318
100-47-0,苯甲腈 ,Benzonitrile,adamas,100g,100,g,1,17,not_stocked,yuyihan,20250318
7758-94-3,,,adamas,5g,5,g,1,58,not_stocked,yuyihan,20250318
1109-15-5,,Tris(perfluorophenyl)borane,毕得,1g,1,g,1,50,running_out,yuyihan,20250318
16029-98-4,"三甲基碘硅烷 , 含铜稳定剂",Iodotrimethylsilane,阿拉丁,5g,5,g,1,29,not_stocked,yuyihan,20250318
,托法替尼,Tofacitinib,毕得,50mg,50,mg,1,158.2,running_out,xuguofeng,20250318
55453-87-7,"2-(11-氧代-6,11-二氢二苯并[b,e]氧杂卓-2-基)乙酸","2-(11-Oxo-6,11-dihydrodibenzo[b,e]oxepin-2-yl)acetic acid",毕得,25 g,25,g,1,46.9,not_stocked,chenyichi,20250318
1446-61-3,"((1R,4aS,10aR)-7-异丙基-1,4a-二甲基-1,2,3,4,4a,9,10,10a-八氢菲-1-基)甲胺","((1R,4aS,10aR)-7-Isopropyl-1,4a-dimethyl-1,2,3,4,4a,9,10,10a-octahydrophenanthren-1-yl)methanamine
货号BD01159641",毕得,25 g,25,g,1,37.1,not_stocked,chenyichi,20250318
546-67-8,"四乙酸铅
",Lead(IV) acetate,伊诺凯,500g,500,g,1,1822,high_usage,zhuminghui,20250318
7605-30-3,2-(苯磺酰基)乙酸乙酯,Ethyl 2-(phenylsulfonyl)acetate,毕得,10g,10,g,1,35.7,not_stocked,huzhibin,20250319
948-65-2,2-苯基吲哚,2-Phenylindole,百灵威J&K,5g,5,g,1,51,not_stocked,tangshuyuan,20250319
494-99-5,"3,4-二甲氧基甲苯","3,4-Dimethoxytoluene",毕得医药,25g,25,g,1,32.2,not_found,tangshuyuan,20250319
93-51-6,2-甲氧基-4-甲基苯酚,2-Methoxy-4-methylphenol,毕得医药,25g,25,g,1,20.3,not_found,tangshuyuan,20250319
58861-48-6,2-(4-氟苯基)噻吩,2-(4-Fluorophenyl)-thiophene,毕得医药,1g,1,g,1,11.9,not_found,tangshuyuan,20250319
825-55-8,邻苯噻吩,2-PHENYLTHIOPHENE,毕得医药,1g,1,g,1,20.3,not_found,tangshuyuan,20250319
16382-15-3,5-甲基吲哚-2-甲基酸酯,ETHYL 5-METHYLINDOLE-2-CARBOXYLATE,毕得医药,1g,1,g,1,21.7,not_found,tangshuyuan,20250319
27034-51-1,6-氯-吲哚-2-羧酸乙酯,6-Chloroindole-2-carboxylic acid ethyl ester,毕得医药,1g,1,g,1,32.9,not_found,tangshuyuan,20250319
27421-51-8,1-甲基吲哚-2-甲醛,1-METHYLINDOLE-2-CARBOXALDEHYDE  97,毕得医药,250mg,250,mg,1,44.1,not_found,tangshuyuan,20250319
32195-55-4,"(5,10,15,20-四苯基卟啉)氯化锰","(5,10,15,20-Tetraphenylporphinato)manganese(III) chloride",毕得医药,100mg,100,mg,1,64.4,not_stocked,huzhibin,20250320
4039-32-1,双(三甲基硅基)氨基锂（甲苯溶液）,Lithium bis(trimethylsilyl)amide,安耐吉,100mL,100,mL,1,65,not_stocked,huzhibin,20250320
83-25-0,N-苯基琥珀酰亚胺,N-PhenylsucciniMide,毕得,5 g,5,g,1,109.9,not_stocked,chenyichi,20250320
39876-88-5,"4-氯苯并[4,5]呋喃并[3,2-D]嘧啶","4-Chlorobenzofuro[3,2-d]pyrimidine",毕得,250 mg,250,mg,1,47.6,not_stocked,chenyichi,20250320
808744-34-5,"7-溴咪唑并[1,2-a]吡啶","7-Bromoimidazo[1,2-a]pyridine",毕得,1 g,1,g,1,37.1,not_stocked,chenyichi,20250320
274-47-5,"咪唑并[1,5-a]吡啶","Imidazolo[1,5-a]pyridine",毕得,1 g,1,g,1,68.6,not_stocked,chenyichi,20250320
888720-29-4,"4-氯吡咯并[1,2-F][1,2,4]三嗪","4-Chloropyrrolo[2,1-f][1,2,4]triazine",毕得,100 mg,100,mg,1,93.1,not_stocked,chenyichi,20250320
61655-72-9,"N-(6-氯-2-吡嗪)-N,N-二甲胺","6-Chloro-N,N-dimethylpyrazin-2-amine",毕得,5 g,5,g,1,81.2,not_stocked,chenyichi,20250320
85-41-6,邻苯二甲酰亚胺,Phthalimide,安耐吉,100g,100,g,1,16,running_out,huzhibin,20250320
64443-05-6,六氟磷酸四乙腈铜,Tetrakis(acetonitrile)copper(I) hexafluorophosphate,毕得,1 g,1,g,1,20.3,not_stocked,huzhibin,20250320
7758-94-3,氯化铁(II),Iron(II) Chloride GR,毕得,5g,5,g,1,46.9,not_stocked,huzhibin,20250320
670-54-2,四氰基乙烯,Tetracyanoethylene              ,阿拉丁,1G,1,g,1,78.32,not_found,huzhibin,20250320
1632-73-1,"	1,3,3-三甲基二环[2.2.1]庚-2-醇","	1,3,3-Trimethylbicyclo[2.2.1]heptan-2-ol",毕得医药,25 g,25,g,1,63,not_stocked,mengjunhong,20250320
768-95-6,1-金刚烷醇,Adamantan-1-ol,毕得医药,100 g,100,g,1,42,running_out,mengjunhong,20250320
702-98-7,2-甲基-2-金刚烷醇,2-Methyladamantan-2-ol,毕得医药,5 G,5,g,1,19.6,not_stocked,mengjunhong,20250320
14648-57-8,2-乙基-2-金刚烷醇,"	2-Ethyladamantan-2-ol",毕得医药,5 G,5,g,1,29.4,not_stocked,mengjunhong,20250320
77-74-7,"	3-甲基-3-戊醇","	3-Methyl-3-pentanol",百灵威,25 g,25,g,1,98.6,not_stocked,mengjunhong,20250320
1826-67-1,乙烯基溴化镁, Vinylmagnesium bromide,安耐吉,100 mL,100,mL,1,52,not_stocked,shihongwei,20250320
1009-14-9,苯戊酮 ,1-Phenylpentan-1-one,毕得医药,100g,100,g,1,21,not_stocked,shihongwei,20250320
20734-58-1,"1,8-双二甲氨基萘 ","N1,N1,N8,N8-Tetramethylnaphthalene-1,8-diamine",毕得医药,10g,10,g,1,42.7,not_stocked,shihongwei,20250320
27607-77-8,三氟甲磺酸三甲基硅酯 ,Trimethylsilyl trifluoromethanesulfonate,毕得医药,100g,100,g,1,57.4,running_out,shihongwei,20250320
951885-19-1,6-氯-N-丙基哒嗪-3-胺,N-(6-Chloro-pyridazin-3-yl) propylamine,毕得,1 g,1,g,1,31.5,not_stocked,chenyichi,20250320
6969-71-7,"1,2,4-三唑并[4,3-a]吡啶-3(2H)-酮","[1,2,4]Triazolo[4,3-a]pyridin-3(2H)-one",毕得,25 g,25,g,1,28,not_stocked,chenyichi,20250320
129618-40-2,"1-环丙基-4-甲基-5H-二吡啶并[3,2-b:2',3'-e][1,4]二氮杂卓-6(11H)-酮","11-Cyclopropyl-4-methyl-5,11-dihydro-6H-dipyrido[3,2-b:2',3'-e][1,4]diazepin-6-one",毕得,10 g,10,g,1,87.5,not_stocked,chenyichi,20250320
84-58-2,"	2,3-二氯-5,6-二氰基苯醌(DDQ)","1,2-Dichloro-4,5-Dicyanobenzoquinot_stocked",AMETHYST,25g,25,g,1,64.6,running_out,wangxi,20250321
920-66-1,"1,1,1,3,3,3-六氟丙-2-醇","1,1,1,3,3,3-Hexafluoropropan-2-ol",毕得,100g,100,g,1,32.2,running_out,wangxi,20250321
111-96-6,二乙二醇二甲基醚,"Diethylene glycol dimethyl ether,",百灵威,500*2=1000mL,500,ml,2,83,running_out,mengjunhong,20250321
1646-27-1,苯并呋喃-2-羧酸甲酯,Methyl benzofuran-2-carboxylate,毕得,250 mg,250,mg,1,77.7,not_stocked,chenyichi,20250321
496-41-3,苯并呋喃-2-甲酸,Benzofuran-2-carboxylic acid,毕得,5 g,5,g,1,51.1,not_stocked,chenyichi,20250321
33094-66-5,2-硝基苯并呋喃,2-Nitrobenzofuran,毕得,1 g,1,g,1,139.3,not_stocked,chenyichi,20250321
1466-76-8,,,毕得医药,5g,5,g,1,19.6,not_stocked,tangshuyuan,20250323
2859-78-1,"3,4-二甲氧基溴苯","4-Bromo-1,2-dimethoxybe",毕得医药,5g,5,g,1,23.8,not_stocked,tangshuyuan,20250323
91-16-7,,,毕得医药,25g,25,g,1,14,not_stocked,tangshuyuan,20250323
100-84-5,,,毕得医药,26g,26,g,1,18.9,not_stocked,tangshuyuan,20250323
866319-00-8,"5-氟-1H-吡咯并[2,3-B]吡啶","5-FLUORO-1H-PYRROLO[2,3-B]PYRIDINE",毕得医药,1g,1,g,1,98,not_stocked,xuguofeng,20250323
597-49-9,3-乙基-3-戊醇,3-Ethylpentan-3-ol,毕得医药,1 g,1,g,1,83.3,not_stocked,mengjunhong,20250323
142-71-2,醋酸铜,Copper(II) acetate,毕得医药,100g,100,g,1,23.1,running_out,xuguofeng,20250323
3375-31-3,醋酸钯,Palladium (II) Acetate,毕得医药,1g,1,g,1,268,not_stocked,xuguofeng,20250323
127-08-2,乙酸钾,Potassium Acetate,毕得医药,100g,100,g,1,15.4,not_stocked,xuguofeng,20250323
126752-51-0,十钨(VI)酸钠,Sodium tungstate(VI),毕得医药,250 mg,250,mg,1,375.2,running_out,mengjunhong,20250323
16257-05-9,"2-((2S,3S)-2-((叔丁氧羰基)氨基)-3-甲基戊酰胺)乙酸","	2-((2S,3S)-2-((tert-Butoxycarbonyl)amino)-3-methylpentanamido)acetic acid",毕得医药,1 g,1,g,1,329,running_out,mengjunhong,20250323
1070663-78-3,"2-(二环己基膦)-3,6-二甲氧基-2'-4'-6'-三异丙基-11'-联苯","Dicyclohexyl(2',4',6'-triisopropyl-3,6-dimethoxy-[1,1'-biphenyl]-2-yl)phosphine
",毕得,5 g,5,g,1,170.8,not_stocked,chenyichi,20250324
918340-51-9,"4-氯呋喃[2,3-d]嘧啶","4-Chlorofuro[2,3-d]pyrimidine",毕得,250 mg,250,mg,1,49.7,not_stocked,chenyichi,20250324
71-30-7,6-氨基嘧啶-2(1H)-酮,6-Aminopyrimidin-2(1H)-one,毕得,100 g,100,g,1,18.9,not_stocked,chenyichi,20250324
34289-60-6,"4,6-二甲基-2-羟基嘧啶盐酸盐","4,6-Dimethylpyrimidin-2-ol hydrochloride",毕得,5 g,5,g,1,26.6,not_stocked,chenyichi,20250324
112-62-9,油酸甲酯,Methyloleate,乐研,25 g,25,g,1,17.5,running_out,mengjunhong,20250324
1666-13-3,二苯基二硒醚,Diphenyl diselenide,安耐吉,25*2=50g,25,g,2,199,not_stocked,mengjunhong,20250325
7202-43-9,(R)-2-四氢呋喃-2-甲基胺,(R)-2-Tetrahydrofurfurylamine,毕得,1g,1,g,1,78.4,running_out,huwenshu,20250325
2836/4/6,"N1,N1-二甲苯-1,3-二胺","N1,N1-Dimethylbenzene-1,3-diamine",毕得,1 g,1,g,1,105.7,running_out,huwenshu,20250325
52670-38-9,2-氨基苯炔,2-Ethynylaniline,毕得,1 g,1,g,1,48.3,running_out,huwenshu,20250325
2987-49-7,2-(甲基磺酰基)苯胺,2-(Methylsulfonyl)aniline,毕得,1 g,1,g,1,158.9,running_out,huwenshu,20250325
6291/1/6,环丁胺盐酸盐,Cyclobutanamine hydrochloride,毕得,1 g,1,g,1,19.6,running_out,huwenshu,20250325
1003-03-8,环戊胺,Cyclopentylamine,泰坦,25 mL,25,mL,1,21,running_out,huwenshu,20250325
69843-13-6,1-甲基-1H-吡唑-4-胺,1-Methyl-1H-pyrazol-4-amine,毕得,1 g,1,g,1,17.5,running_out,huwenshu,20250325
551-93-9,邻氨基苯乙酮,1-(2-Aminophenyl)ethanot_stocked,毕得,25g,25,g,1,24.5,running_out,huwenshu,20250325
21635-88-1,3-氧杂环丁胺,3-Oxetanamine,毕得,1 g,1,g,1,49,running_out,huwenshu,20250325
3375-31-3,醋酸钯,Palladium(II) acetate,毕得,5g,5,g,1,1300,running_out,zhuminghui,20250325
865-48-5,叔丁醇钠,Sodium tert-butoxide,百灵威,100g,100,g,1,57.8,running_out,zhuminghui,20250325
14221-01-3,四三苯基膦钯,Tetrakis(triphenylphosphine)palladium,毕得,5g,5,g,1,280,running_out,zhuminghui,20250325
2905-25-1,2-溴苯磺酰氯 ,2-Bromobenzenesulphonyl chloride,毕得,5 g,5,g,1,18.9,not_stocked,huwenshu,20250326
1998/9/9,苯磺酰氯,Benzenesulfonyl Chloride,Adamas,25 mL,25,mL,1,20,running_out,huwenshu,20250326
58164-61-7,三氟甲磺酸钴(II),"	Cobalt(II) trifluoromethanesulfonate",毕得医药,1 g,1,g,1,18.9,not_stocked,mengjunhong,20250326
54010-75-2,三氟甲磺酸锌,Zinc(II) trifluoromethanesulfonate,毕得医药,25 g,25,g,1,30.8,running_out,mengjunhong,20250326
10139-47-6,碘化锌,Zinc iodide,毕得医药,25 g,25,g,1,29.4,running_out,mengjunhong,20250326
27126-76-7,羟基甲苯磺酰碘苯,Phenyliodosohydroxy Tosylate,毕得,25g,25,g,1,49.7,running_out,huzhibin,20250327
124-41-4,甲醇钠,Sodium Methoxide,安耐吉,100g,100,g,1,16,not_stocked,huzhibin,20250327
141-52-6,乙醇钠,Sodium ethoxide,安耐吉,100g,100,g,1,16,degraded,huzhibin,20250327
65766-32-7,6-氯-N-甲基-4-氨基嘧啶,6-Chloro-N-methylpyrimidin-4-amine,毕得,5 g,5,g,1,40.6,not_stocked,chenyichi,20250327
10397-15-6,"4,6-二氯-N-甲基嘧啶-2-胺","4,6-Dichloro-N-methylpyrimidin-2-amine",毕得,250 mg,250,mg,1,78.4,not_stocked,chenyichi,20250327
14521-80-3,3-溴吡唑,3-Bromo-1H-pyrazole,毕得,5 g,5,g,1,66.5,not_stocked,chenyichi,20250327
84956-71-8,哒嗪酮,"2-(tert-Butyl)-4,5-dichloropyridazin-3(2H)-one",毕得,1 g,1,g,1,65.8,not_stocked,chenyichi,20250327
57489-77-7,"5,7-二氯吡唑并[1,5a]嘧啶","5,7-Dichloropyrazolo[1,5-a]pyrimidine",毕得,1 g,1,g,1,34.3,not_stocked,chenyichi,20250327
484-11-7,"2,9-二甲基-1,10-菲罗啉","2,9-Dimethyl-1,10-phenanthroline",毕得,5 g,5,g,1,51.8,running_out,chenyichi,20250327
16853-85-3,氢化铝锂 ,Lithium aluminium hydride,安耐吉,25g,25,g,1,111.2,running_out,shihongwei,20250328
153880-57-0,"(S)-4-苯基-2-(吡啶-2-基)-4,5-二氢恶唑","(S)-4-Phenyl-2-(pyridin-2-yl)-4,5-dihydrooxazole",毕得,250 mg,250,mg,1,147.7,not_stocked,chenyichi,20250327
126-33-0,环丁砜,"Tetrahydrothiophene 1,1-dioxide",毕得,100 g,100,g,1,16.1,not_stocked,chenyichi,20250327
7647-14-5,氯化钠,Sodium Chloride,Greagent,500 g*2,500,g,2,18,running_out,chenyichi,20250327
776-04-5,邻三氟甲基苯磺酰氯,2-(Trifluoromethyl)benzenesulfonylchloride,乐研,25g,25,g,1,124.6,high_usage,heyuji,20250328
2038/3/1,N-(2-氨基乙基)吗啉,2-Morpholinoethanamine,毕得,5g,5,g,1,12,running_out,zhaoxinyi,20250329
655225-02-8,4-(3-溴丙基)哌嗪-1-羧酸叔丁酯,tert-Butyl 4-(3-bromopropyl)piperazine-1-carboxylate,毕得,1g,1,g,1,376,not_stocked,zhaoxinyi,20250329
7647-14-5,氯化钠,Sodium Chloride,Greagent,500 g*2,500,g,2,18,running_out,heyuji,20250329
57948-41-1,"3-溴咪唑[1,2-A]吡嗪","3-Bromoimidazo[1,2-a]pyrazine",毕得,1 g,1,g,1,68.6,not_stocked,chenyichi,20250330
85989-61-3,"5,7-二氯咪唑并[1,2-c]嘧啶 ","5,7-Dichloroimidazo[1,2-c]pyrimidine",毕得,100 mg,100,mg,1,104.3,not_stocked,chenyichi,20250330
4282-32-0,"2,5-呋喃二甲酸二甲酯","Dimethyl furan-2,5-dicarboxylate",毕得,5 g,5,g,1,18.9,not_stocked,chenyichi,20250330
65-86-1,"2,6-二氧-1,2,3,6-四氢嘧啶-4-羧酸","2,6-Dioxo-1,2,3,6-tetrahydropyrimidine-4-carboxylic acid",毕得,100 g,100,g,1,22.4,not_stocked,chenyichi,20250330
51-21-8,"5-氟嘧啶-2,4(1H,3H)-二酮","5-Fluoropyrimidine-2,4(1H,3H)-dione",毕得,25 g,25,g,1,18.9,not_stocked,chenyichi,20250330
615-77-0,"1-甲基嘧啶-2,4(1H,3H)-二酮","1-Methylpyrimidine-2,4(1H,3H)-dione",毕得,250 mg,250,mg,1,95.9,not_stocked,chenyichi,20250330
7681-65-4,碘化铜(I),Copper(I) iodide,百灵威J&K,1G,1,g,1,64.6,running_out,liangyiqi,20250330
7758-89-6,氯化亚铜,Cuprous chloride,"	阿拉丁",5g,5,g,1,72.46,not_stocked,liangyiqi,20250330
7789-19-7,"氟化铜(II), 无水","Copper fluoride, anhydrous",阿拉丁,1g,1,g,1,155.92,running_out,liangyiqi,20250330
544-92-3,氰化亚铜,Copper(I) cyanide,Sigma-Aldrich,5g,5,g,1,331.28,not_stocked,liangyiqi,20250330
22205-45-4,硫化亚铜,Copper(I)Sulfide,Adamas,1g,1,g,1,38,running_out,liangyiqi,20250330
366-18-7,"2,2'-联吡啶","2,2'-Dipyridyl","安耐吉	",25g,25,g,1,16,running_out,liangyiqi,20250330
66-71-7,"1,10-邻菲罗啉","1,10-phenanthroline",安耐吉,5g,5,g,1,20,running_out,liangyiqi,20250330
10397-15-6,"4,6-二氯-N-甲基嘧啶-2-胺","4,6-Dichloro-N-methylpyrimidin-2-amine",毕得,1 g,1,g,1,211.4,running_out,chenyichi,20250330
826-73-3,1-苯并环庚酮 ,"6,7,8,9-Tetrahydro-5H-benzo[7]annulen-5-one",毕得,5g,5,g,1,67.2,running_out,shihongwei,20250330
9006-65-9,二甲基硅油,Dimethicone,希恩思,1L,1,L,1,124.15,running_out,shihongwei,20250331
9006-65-9,二甲基硅油,Dimethicone,希恩思,1L,1,L,1,124.15,not_stocked,yuyihan,20250331
7031-93-8,"1-羟基-2,2,6,6-四甲基哌啶","2,2,6,6-Tetramethylpiperidin-1-O",admas,1g,1,g,1,131,not_stocked,yuyihan,20250331
4039-32-1,双(三甲基硅基)氨基锂（甲苯溶液）,Lithium bis(trimethylsilyl)amide,研峰,100ml,100,mL,1,66.5,not_stocked,huzhibin,20250331
530-93-8,2-四氢萘酮, beta-Tetralone,毕得,5g,5,g,1,135.1,running_out,huzhibin,20250331
93-85-6,2-氨基苯并噻唑-6-甲酸, 2-Aminobenzo[d]thiazole-6-carboxylic acid,毕得,10g,10,g,1,78,not_stocked,zhuminghui,20250331
108-88-3,甲苯,Toluene,通广,500ml*10,500,ml,10,32,not_stocked,liangyiqi,20250331
150-78-7,对苯二甲醚,"1,4-Dimethoxybenzene",创试,100g,100,g,1,76.5,not_stocked,wangyihan,20250331
88497-27-2,3-氨基-6-溴哒嗪,3-Amino-6-bromopyridazine,毕得,5g,5,g,1,93.1,not_stocked,huwenshu,20250331
72287-26-4,"[1,1-双(二苯基磷)二茂铁]二氯化钯","[1,1'-Bis(diphenylphosphino)ferrocene]dichloropalladium(II)",毕得,10 g,10,g,1,814.1,not_stocked,huwenshu,20250331
286961-14-6,"N-Boc-1,2,5,6-四氢吡啶-4-硼酸频哪醇酯 ","tert-Butyl 4-(4,4,5,5-tetramethyl-1,3,2-dioxaborolan-2-yl)-5,6-dihydropyridine-1(2H)-carboxylate
",毕得,25g,25,g,1,109.2,not_stocked,huwenshu,20250331
168106-25-0,双(三氟甲磺酰基)酰亚胺锌,Zinc bis(trifluoromethylsulfonyl)imide,毕得医药,5g,5,g,1,41.3,running_out,huzhibin,20250331
456-27-9,4-硝基苯重氮四氟硼酸盐,4-NITROBENZENEDIAZONIUM TETRAFLUOROBORATE,希恩斯,1 g,1,g,1,40.3,not_stocked,huzhibin,20230401
1450-14-2,六甲基二硅烷,"	Hexamethyldisilan",jk,25ml,25,mL,1,80,not_stocked,zhuminghui,20230401
72804-96-7,二苯基膦酰羟胺,O-Diphenylphosphinylhydroxylamine,毕得,10g,10,g,1,48,not_stocked,zhuminghui,20230401
,"4-溴代联苯
",4-Bromobiphenyl,毕得,25g,25,g,1,14,not_stocked,zhuminghui,20230401
7789-78-8,氢化钙,Calcium hydride,安耐吉,100 g,100,g,1,52,running_out,mengjunhong,20250401
368-39-8,三乙基氧翁四氟硼酸,Triethyloxonium Tetrafluoroborate,innochem,25 g,25,g,1,144,running_out,huzhibin,20250401
20762-60-1,叠氮化钾,"	potassium azide",迈瑞达,5g,5,g,1,165,running_out,huzhibin,20250401
627-27-0,3-丁烯-1-醇,But-3-en-1-ol,毕得,10 g,10,g,1,37.1,running_out,wangxi,20250401
29671-92-9,氯甲脒盐酸盐,Carbamimidic chloride hydrochloride,毕得,5 g,5,g,1,14,not_stocked,wangxi,20250401
863329-66-2,(2'R)-2'-脱氧-2'-氟-2'-甲基脲苷,"1-((2R,3R,4R,5R)-3-Fluoro-4-hydroxy-5-(hydroxymethyl)-3-methyltetrahydrofuran-2-yl)pyrimidine-2,4(1H,3H)-dione
",乐研,5 g*2,5,g,2,95.4,not_stocked,chenyichi,
52093-29-5,钆(III)三氟甲磺酸盐,Gadolinium(III) trifluoromethanesulfonate,毕得,1 g,1,g,1,19.6,not_stocked,wangxi,20250401
236406-55-6,"2-叔丁氧羰基-2,7-二氮杂螺[3.5]壬烷 ","-(tert-Butoxycarbonyl)-2,7-diazaspiro[3.5]nonane",毕得,5g,5,g,1,205,running_out,zhaoxinyi,20250401
1187236-18-5,"7-溴咪唑并[1,2-a]吡啶-2-羧酸乙酯","Ethyl 7-bromoimidazo[1,2-a]pyridine-2-carboxylate",毕得,1 g,1,g,1,105,not_stocked,chenyichi,
15307-86-5,"7-溴咪唑并[1,2-a]吡啶-2-羧酸乙酯","Ethyl 7-bromoimidazo[1,2-a]pyridine-2-carboxylate",毕得,10 g,10,g,1,27.3,not_stocked,chenyichi,
4039-32-1,双(三甲基硅基)氨基锂（甲苯溶液）,Lithium bis(trimethylsilyl)amide,阿拉丁,100ml,100,mL,1,176.98,not_stocked,huzhibin,
5006-22-4,环丁基甲酰氯,Cyclobutanecarbonylchloride,毕得,1g,1,g,1,14,running_out,zhaoxinyi,20250403
93919-56-3,对三氟甲氧基苄胺,(4-(Trifluoromethoxy)phenyl)methanamine,毕得,5g,5,g,1,25,not_stocked,zhaoxinyi,20250403
3300-51-4,(4-(三氟甲基)苯基)甲胺,4-(Trifluoromethyl)benzylamine,毕得,5g,5,g,1,23,not_stocked,zhaoxinyi,20250403
173416-05-2,(二甲基膦酸)铂(II)氢化络合物,"	Hydrido(dimethylphosphinous acid-kP)[hydrogen bis(dimethylphosphinito-kP)]platinum(II)",毕得,100mg,100,mg,1,233.8,not_stocked,wangxi,20250403
154471-65-5,1-甲基-3-三氟甲基-1H-吡唑,1-Methyl-3-(trifluoromethyl)-1H-pyrazole,毕得,5 g,5,g,1,86.8,not_stocked,chenyichi,20250403
271-80-7,"1H-吡唑并[3,4-D]嘧啶","1H-Pyrazolo[3,4-d]pyrimidine",毕得,250 mg,250,mg,1,79.8,not_stocked,chenyichi,20250403
4467/6/5,2-(对甲苯基)吡啶,2-(p-Tolyl)pyridine,毕得,5 g,5,g,1,34.3,not_stocked,chenyichi,20250403
53008-65-4,"甲基2,3,4-三-O-苄基-α-D-吡喃葡萄糖苷","Methyl 2,3,4-Tri-O-benzyl-α-D-glucopyranoside",毕得,1 gx2,1,g,2,82.6,not_stocked,huzhibin,20250403
28905-12-6,β-D-葡萄糖,BETA-D-GLUCOSE,安耐吉,5 g,5,g,1,27,not_stocked,huzhibin,20250403
6564-72-3,"2,3,4,6-四-o-苄基-D-吡喃葡萄糖","2,3,4,6-TETRA-O-BENZYL-ALPHA-D-GLUCOPYRANOSE",安耐吉,5 g,5,g,1,21.6,not_stocked,huzhibin,20250403
75-89-8,三氟乙醇,"2,2,2-Trifluoroethanol",Adamas,100 g,100,g,1,32,not_stocked,huzhibin,20250403
60-29-7,无水乙醚,Diethyl ether absolute,通广,500 ml*6,500,ml,6,18,not_stocked,huzhibin,20250403
7677-24-9,三甲基氰硅烷,Trimethylsilyl Cyanide,毕得,25 g,25,g,1,18.9,running_out,huzhibin,20250403
791-28-6,三苯基氧化膦,Triphenylphosphine oxide,毕得,100 g,100,g,1,18.9,not_found,huzhibin,20250403
358-23-6,三氟甲磺酸酐,Trifluoromethanesulfonic anhydride,毕得,25 g,25,g,1,53.9,running_out,huzhibin,20250403
2065-67-0,四苯基碘化鏻,Tetraphenylphosphonium iodide,毕得,5 g,5,g,1,18.9,not_stocked,huzhibin,20250403
2001-45-8,四苯基氯化膦,Tetraphenylphosphonium chloride,希恩思,25 g,25,g,1,19.5,not_stocked,huzhibin,20250403
15525-15-2,四苯基硼四苯基膦,Tetraphenylphosphorium tetraphenylborate,希恩思,5 g,5,g,1,49.4,not_stocked,huzhibin,20250403
100-48-1,4-氰基吡啶,4-Cyanopyridine,希恩思,25 g,25,g,1,12.35,not_found,huzhibin,20250403
874-60-2,对甲基苯甲酰氯,p-Toluoyl chloride,毕得,25 g,25,g,1,25.2,degraded,huzhibin,20250403
920-66-1,六氟异丙醇,"1,1,1,3,3,3-Hexafluoro-2-propanol (HFIP)",麦克林,100g,100,g,1,140,running_out,wangyihan,20250403
67-56-1,甲醇,Methanol,通广,500*10,,,1,100,running_out,liangyiqi,20250403
10486-08-5,4-甲基苯硫酚钠盐,4-Methylbenzenethiol Sodium Salt,Adamas,1g,1,g,1,45,not_stocked,huzhibin,20250404
141095-78-5,2-溴-1-(四氢-2H-吡喃-4-基)乙酮,2-Bromo-1-(tetrahydro-2H-pyran-4-yl)ethanot_stocked,毕得,1g,1,g,1,239.4,running_out,xuguofeng,20250405
477600-75-2,托法替尼,tofacitinib,毕得,250mg,250,mg,1,386.4,running_out,xuguofeng,20250405
1206161-97-8,非戈替尼,Filgotinib,毕得,250mg,250,mg,1,532,running_out,xuguofeng,20250405
67-56-1,甲醇,,通广精细,500mL,500,mL,1,10,running_out,zhaoxinyi,
85575-93-5,"2,9-二正丁基-1,10-邻二氮杂菲","2,9-Dibutyl-1,10-phenanthroline",毕得,250 mg,250,mg,1,105.7,not_stocked,chenyichi,20250406
92149-07-0,"4,7-二甲氧基-1,10-菲咯啉","4,7-Dimethoxy-1,10-phenanthroline",毕得,1 g,1,g,1,49,not_stocked,chenyichi,20250406
85698-56-2,"4,4' -双(N,N-二甲基氨基)-2,2'-联吡啶","4,4' -Bis(N,N-dimethylamino)-2,2' -bipyridine",毕得,250 mg,250,mg,1,93.1,not_stocked,chenyichi,20250406
7722-84-1,过氧化氢,Hydrogen peroxide,通广,500 mL,500,mL,1,25,not_stocked,wangxi,20250407
325142-91-4,4-异丙基苯硼酸频那醇酯,"2-(4-Isopropylphenyl)-4,4,5,5-tetramethyl-1,3,2-dioxaborolane",迈瑞达,1 g,1,g,1,54,not_stocked,sunyichen,20250407
4946-14-9,"
4-异丙基苯硫酚",(4-Isopropyl)thiophenol,安耐吉,5 g,5,g,1,49.5,running_out,sunyichen,20250407
99-88-7,4-异丙基苯胺,4-Isopropylaniline,希恩思,5 mL,5,mL,1,13,not_stocked,sunyichen,20250407
34658-66-7,"2-(4-溴苯基)咪唑并[1,2-a]吡啶","2-(4-Bromophenyl)imidazo[1,2-a]pyridine",毕得,250 mg,250,mg,1,53.9,not_stocked,chenyichi,20250408
38922-74-6,"2-(4-氯苯基)咪唑并[1,2-a]吡啶","2-(4-Chlorophenyl)imidazo[1,2-a]pyridine",毕得,250 mg,250,mg,1,86.1,not_stocked,chenyichi,20250408
16205-44-0,"吡唑并[1,5-A]吡啶-3-甲酸乙酯","Ethylpyrazolo[1,5-a]pyridine-3-carboxylate",毕得,1 g,1,g,1,69.3,not_stocked,chenyichi,20250408
516-12-1,,,毕得,25g,25,g,1,22.4,not_found,yuyihan,20250408
53491-30-8,1-苯氧基-2-氯丙烷,1-Phenoxy-2-chloropropane,麦克林,1g,1,g,1,97.35,not_stocked,yuyihan,20250408
1968/12/2,"N,N二甲基甲酰胺","	N,N-Dimethylformamide, 99.8%, SuperDry, with molecular sieves, J&KSeal",百灵威,500ml,500,mL,1,64,not_stocked,yuyihan,20250408
98-80-6,苯硼酸,Phenylboronic acid,希恩思,25g,25,g,1,28,running_out,yuyihan,20250408
55120-76-8,,Manganese bis(trifluoromethanesulfonate),毕得医药,1 g,1,g,1,44.8,running_out,zhaobinzhi,20250408
72914-19-3,,"4,4'-Di-tert-butyl-2,2'-bipyridine",毕得医药,5 g,5,g,1,149.8,not_stocked,zhaobinzhi,20250408
13453-07-1,三氯化金, Gold(III) chloride,毕得医药,250 mg,250,mg,1,164.5,running_out,shihongwei,20250408
1976/5/1,三氟乙酸,Trifluoroacetic acid,百灵威,25 g,25,g,1,73.1,running_out,chenyichi,20250408
590-67-0,1-甲基环己醇,1-Methylcyclohexanol,毕得医药,25 g,25,g,1,40.6,not_stocked,mengjunhong,20250408
40949-94-8,"	双(三甲基硅烷基)氨基钾",Potassium bis(trimethylsilyl)amide,安耐吉,100 mL,100,mL,1,76,running_out,mengjunhong,20250408
139-66-2,二苯硫醚,Diphenylsulfane,毕得医药,100g,100,g,1,45.5,running_out,huzhibin,20250408
184416-84-0,"2,3-二氯吡啶-4-羧酸","2,3-DICHLOROPYRIDINE-4-CARBOXYLIC ACID",毕得医药,250mg,250,mg,1,15.4,not_stocked,xuguofeng,20250408
88912-26-9,"2,5-二氯异烟酸","2,5-Dichloroisonicotinic acid",毕得医药,250mg,250,mg,1,11.9,not_stocked,xuguofeng,20250408
406676-18-4,"2,3,5-三氯吡啶-4-甲酸","2,3,5-Trichloropyridine-4-carboxylic acid",毕得医药,1g,1,g,1,30.8,not_stocked,xuguofeng,20250408
133928-73-1,2-氯-3-甲基-4-吡啶甲酸,2-Chloro-3-Methyl-4-pyridinecarboxylic Acid,毕得医药,100mg,100,mg,1,84.7,not_stocked,xuguofeng,20250408
56602-33-6,卡特缩合剂,1H-Benzotriazol-1-yloxytris(dimethylamino)phosphonium Hexafluorophosphate,毕得医药,100g,100,g,1,77,not_stocked,xuguofeng,20250408
10486-00-7,过硼酸钠四水合物,Sodium perborate tetrahydrate,百灵威,100 g,100,g,1,39.1,running_out,huzhibin,20250408
21050-95-3,1-氯苯并三氮唑,1-chloro-1H-benzotriazole,希恩斯,5g,5,g,1,66.3,not_stocked,huzhibin,20250408
3481/9/2,N-氯代酞酰亚胺,N-Chlorophthalimide,希恩斯,5g,5,g,1,17.55,not_found,huzhibin,20250408
1975/5/8,乙腈HPLC , Acetonitrile,通广,500MLx3,500,ml,3,33,running_out,huzhibin,20250409
7080-50-4,对甲苯磺酰氯胺钠三水合物,Sodium chloro(tosyl)amide trihydrate,毕得医药,25 g,25,g,1,19.6,not_stocked,huzhibin,20250409
162401-32-3,"3-(环丙基甲氧基)-N-(3,5-二氯吡啶-4-基)-4-(二氟甲氧基)苯甲酰胺","3-(Cyclopropylmethoxy)-N-(3,5-dichloropyridin-4-yl)-4-(difluoromethoxy)benzamide
",毕得,1 g,1,g,1,121.1,not_stocked,chenyichi,20250410
284461-73-0,4-(4-(3-(4-氯-3-(三氟甲基)苯基)脲基)苯氧基)-N-甲基-2-吡啶甲酰胺,"4-(4-(3-(4-Chloro-3-(trifluoromethyl)phenyl)ureido)phenoxy)-N-methylpicolinamide
",毕得,5 g,5,g,1,74.2,not_stocked,chenyichi,20250410
99607-70-2,庚烷-2-基 2-((5-氯喹啉-8-基)氧基)乙酸酯,2-Heptyl 2-(5-Chloro-8-quinolinyloxy)acetate,毕得,5 g,5,g,1,70,not_stocked,chenyichi,20250410
874-14-6,"1,3-二甲基嘧啶-2,4(1H,3H)-二酮","1,3-Dimethylpyrimidine-2,4(1H,3H)-dione",毕得,25 g,25,g,1,32.9,not_stocked,chenyichi,20250410
58-55-9,"1,3-二甲基-1H-嘌呤-2,6(3H,9H)-二酮 ","1,3-Dimethyl-1H-purine-2,6(3H,9H)-dione",毕得,25 g,25,g,1,69.3,not_stocked,chenyichi,20250410
526-95-4,,,创试,"25g, 95%, 固体",,,1,99,not_stocked,zhaobinzhi,20250411
140681-55-6,N-氟-N'-(氯甲基)三乙二胺双(四氟硼酸盐),N-Fluoro-N'-(chloromethyl)triethylenediamine Bis(tetrafluoroborate),阿拉丁,25 g * 3,25,g,3,112.56,not_stocked,chenyichi,20250411
7080-50-4,对甲苯磺酰氯胺钠三水合物,Sodium chloro(tosyl)amide trihydrate,毕得医药,100 g,100,g,1,23.8,running_out,huzhibin,20250411
80-73-9,"1,3-二甲基-2-咪唑啉酮","1,3-Dimethylimidazolidin-2-one",毕得医药,100 g,100,g,1,18.9,common_public,huzhibin,20250411
7226-23-5,"N,N-二甲基丙烯基脲","1,3-Dimethyltetrahydropyrimidin-2(1H)-one",毕得医药,100 g,100,g,1,37.8,common_public,huzhibin,20250411
89763-93-9,"	2-氟-4-(三氟甲基)苯甲醛",2-FLUORO-4-(TRIFLUOROMETHYL)BENZALDEHYDE,毕得,5g,5,g,1,63,not_stocked,zhaoxinyi,20250411
109-99-9,超干四氢呋喃,Tetrahydrofuran AR,安耐吉,100ml,100,mL,1,30,common_public,huzhibin,20250412
5614-37-9,超干环戊基甲基醚,Cyclopentyl methyl ether AR,安耐吉,100ml,100,mL,1,55,common_public,huzhibin,20250412
7757-82-6,"硫酸钠,无水",Sodium Sulfate AR,Greagent,500g*5,500,g,5,11,common_public,huzhibin,20250412
623-03-0,对氯苯甲腈,4-Chlorobenzonitrile,安耐吉,25g,25,g,1,16,not_stocked,huzhibin,20250412
110-86-1,吡啶,Pyridine,Greagent,500ml,500,mL,1,56,common_public,huzhibin,20250412
53641-60-4,2-氨基-2-苯基乙腈盐酸盐,2-Amino-2-phenylacetonitrile hydrochloride,毕得,5g*2,5,g,2,100.1,not_stocked,huzhibin,20250413
532-28-5,扁桃腈,Mandelonitrile,安耐吉,25ml,25,mL,1,199.2,high_usage,huzhibin,20250413
59664-42-5,"2,4-双(三氟甲基)苯甲醛","2,4-Bis(trifluoromethyl)benzaldehyde",毕得,10 g,10,g,1,128.1,not_stocked,huzhibin,20250413
4946-14-9,4-异丙基苯硫酚?,4-Isopropylbenzenethiol,罗恩,1 g,1,g,1,67.56,not_stocked,sunyichen,20250413
104-86-9,对氯苄胺 ,(4-Chlorophenyl)methanamine,毕得,20.3,,,1,10,not_stocked,zhuminghui,20250413
55120-75-7,三氟甲磺酸钙盐, Calcium trifluoromethanesulfonate,毕得,74.9,,,1,25,running_out,zhuminghui,20250413
74-88-4,碘甲烷, Iodomethane,百灵威J&K,302.6,,,1,100,running_out,huangyilei,20250413
1968/12/2,"N,N-二甲基甲酰胺","N,N-Dimethylformamide",通广精细,500ML*2,500,ml,2,18,running_out,heyuji,20250413
104-88-1,4-氯苯甲醛,4-Chlorobenzaldehyde,安耐吉,100g,100,g,1,20,running_out,huzhibin,20250413
1007-26-7,新戊基苯,Neopentylbenzene,毕得,1 g,1,g,1,166.6,not_stocked,wangxi,20250414
10289-45-9,4-正丙基联苯,,毕得,5 g,5,g,1,34.3,not_stocked,wangxi,20250414
61566-34-5,2-(4-异丁基苯基)丙酸甲酯,Methyl2-(4-isobutylphenyl)propanoate,毕得,1 g,1,g,1,49.7,not_stocked,wangxi,20250414
64628-44-0,2-氯-N-((4-(三氟甲氧基)苯基)氨基甲酰基)苯甲酰胺,2-Chloro-N-((4-(trifluoromethoxy)phenyl)carbamoyl)benzamide,毕得,5 g,5,g,1,30.8,not_stocked,chenyichi,20250414
1334513-02-8,"N-[(S)-(2,3,4,5,6-五氟苯氧基)苯氧基磷酰基]-L-丙氨酸异丙酯",(S)-Isopropyl 2-(((S)-(perfluorophenoxy)(phenoxy)phosphoryl)amino)propanoate,毕得,25 g,25,g,1,46.9,running_out,chenyichi,20250414
73852-19-4,"3,5-双(三氟甲基)苯硼酸","(3,5-Bis(trifluoromethyl)phenyl)boronic acid",毕得,10 g,10,g,1,49.7,not_stocked,chenyichi,20250414
108-24-7,乙酸酐,Acetic anhydride,校内库房（国药）,500 ml,500,mL,1,58,running_out,admin,20250414
17217-57-1,"4,4'-二甲氧基-2,2'-联吡啶","4,4'-Dimethoxy-2,2'-bipyridine",毕得,5 g,5,g,1,175.7,running_out,zhaobinzhi,20250414
55120-76-8,,Manganese bis(trifluoromethanesulfonate),毕得医药,5 g,5,g,1,167.3,running_out,zhaobinzhi,20250408
32149-57-8,叔丁醇镁,Magnesium tert-butoxide,希恩斯,25g,25,g,1,24.05,not_stocked,huzhibin,20250414
653-37-2,"2,3,4,5,6-五氟苯甲醛",Pentafluorobenzaldehyde,希恩斯,5g,5,g,1,39,not_stocked,huzhibin,20250414
133395-16-1,双(三氟甲磺酰基)酰亚胺镁(II),Magnesium bis(trifluoromethylsulfonyl)imide,毕得,25 g,25,g,1,324.1,running_out,chenyichi,20250415
82113-65-3,双三氟甲烷磺酰亚胺,"1,1,1-Trifluoro-N-((trifluoromethyl)sulfonyl)methanesulfonamide",毕得,25 g,25,g,1,115.5,running_out,chenyichi,20250415
26956-43-4,"4,5-二氢-4-氧代呋喃[3,2]吡啶","Furo[3,2-c]pyridin-4(5H)-one",毕得,1 g,1,g,1,80.5,not_stocked,chenyichi,20250415
3886-69-9,(R)-alpha-甲基苄胺,(R)-1-Phenylethan-1-amine,毕得,100g,100,g,1,18.9,not_stocked,huzhibin,20250415
29858-07-9,溴化镁乙醚,magnesium bromide diethyl etherate,安耐吉,5g,5,g,1,25,not_stocked,huzhibin,20250415
532-28-5,扁桃腈,Mandelonitrile,acmec,25ml,25,mL,1,198.4,high_usage,huzhibin,20250415
615-13-4,2-茚酮,1H-Inden-2(3H)-one,毕得,10g,10,g,1,35,not_stocked,huzhibin,20250415
1034-39-5,二溴三苯基膦,Dibromotriphenylphosphorane,毕得,25g,25,g,1,34.3,running_out,huzhibin,20250415
460-00-4,对溴氟苯,4-Bromofluorobenzene,希恩思,100 g,100,g,1,24.7,running_out,shihongwei,20250415
7787-58-8,溴化铋,Tribromobismuthine,希恩思,25 g,25,g,1,126.75,not_stocked,shihongwei,20250415
60-29-7,无水乙醚,Diethyl ether absolute,通广,500 ml*6,500,ml,6,18,not_stocked,huzhibin,20250415
401-95-6,"3,5-双三氟甲基苯甲醛","3,5-Bis(trifluoromethyl)benzaldehyde",毕得,10 g,10,g,1,18.2,not_stocked,huzhibin,20250415
85342-65-0,N-羟基四氯邻苯二甲酰亚胺,"4,5,6,7-Tetrachloro-2-hydroxyisoindoline-1,3-dione",希恩思,1 g*2,1,g,2,45.5,not_stocked,huzhibin,20250418
1885-22-9,2-溴丙二腈,2-Bromopropanedinitrile,毕得,100 mg,100,mg,1,256.2,not_stocked,huzhibin,20250418
42116-44-9,苄基氨基甲酸叔丁酯,N-Boc benzylamine,毕得,5 g,5,g,1,32.9,not_stocked,huzhibin,20250418
358-23-6,三氟甲磺酸酐,Trifluoromethanesulfonic anhydride,安耐吉,25 g,25,g,1,35,high_usage,huzhibin,20250418
288-32-4,咪唑,Imidazole,安耐吉,100 g,100,g,1,12.6,not_stocked,huzhibin,20250418
103-80-0,苯乙酰氯,Phenylacetyl chloride,安耐吉,100 g,100,g,1,38.5,running_out,huzhibin,20250418
108-91-8,环己胺,Cyclohexylamine,安耐吉,100 mL,100,mL,1,14,not_stocked,huzhibin,20250418
13433-00-6,氨基丙二酸二乙酯 盐酸盐,Diethyl 2-aminomalonate hydrochloride,希恩思,25g,25,g,1,22.75,not_stocked,huzhibin,20250418
3005-61-6,N-苯甲酰-L-苯丙氨酸甲酯,N-Benzoyl-L-Phenylalanine methyl ester,麦克林,5g,5,g,1,71.2,not_stocked,huzhibin,20250418
42196-31-6,三氟乙酸钯," Palladium(II) 2,2,2-trifluoroacetate",毕得,1 g,1,g,1,169.4,running_out,chengzengrui,20250418
1423-60-5,3-丁炔-2-酮,"3-Butyn-2-one
",麦克林,1 mL,1,mL,1,346,running_out,chengzengrui,20250418
490-91-5,"2-异丙基-5-甲基环己烷-2,5-二烯-1,4-二酮","2-Isopropyl-5-methylcyclohexa-2,5-diene-1,4-dione",毕得,5 g,5,g,1,56.1,not_stocked,chengzengrui,20250418
19559-06-9,三氯化钒四氢呋喃络合物,Vanadium(III) Chloride Tetrahydrofuran Complex,伊诺凯,1 g,1,g,1,210,not_stocked,chengzengrui,20250418
17356-09-1,1-碘-4-异丙基苯,1-Iodo-4-isopropylbenzene,毕得,5g,5,g,1,37.8,not_stocked,sunyichen,20250419
1075719-87-7,4-乙基苯硼酸频哪醇酯,4-Ethylphenylboronic acid pinacol ester,MREDA,5g,5,g,1,80.5,not_stocked,sunyichen,20250419
144-62-7,无水草酸,Oxalic acid AR,安耐吉,100g,100,g,1,20,degraded,huzhibin,20250421
98-88-4,苯甲酰氯,Benzoyl chloride AR,"安耐吉	",25 g,25,g,1,21,high_usage,huzhibin,20250421
347-84-2,4’-氟-2-苯基苯乙酮,1-(4-Fluorophenyl)-2-phenylethanot_stocked,毕得,1 g,1,g,1,39.9,not_stocked,huzhibin,20250421
452-73-3,2-氯-4-氟甲苯,2-Chloro-4-fluorotoluene,百灵威,25g,25,g,1,22.1,not_stocked,huzhibin,20250421
719-54-0,N-甲基-9-吖啶酮,10-Methylacridin-9(10H)-one,毕得,1 g,1,g,1,81.2,not_stocked,chenyichi,20250421
578-95-0,吖啶-9-(10H)-酮,Acridin-9(10H)-one,毕得,10 g,10,g,1,28.7,not_stocked,chenyichi,20250421
7661-55-4,5-甲基喹啉,5-Methylquinoline,毕得,1 g,1,g,1,22.4,not_stocked,chenyichi,20250421
5332-25-2,6-溴喹啉,6-Bromoquinoline,毕得,5 g,5,g,1,16.1,not_stocked,chenyichi,20250421
90719-32-7,(S)-4-苄基-2-唑烷酮,(S)-4-Benzyloxazolidin-2-one,毕得,25 g,25,g,1,19.6,not_stocked,chenyichi,20250421
5263-87-6,6-甲氧基喹啉,6-Methoxyquinoline,毕得,5 g,5,g,1,25.2,not_stocked,chenyichi,20250421
51803-78-2,N-(4-硝基-2-苯氧基苯基)甲磺酰胺,N-(4-Nitro-2-phenoxyphenyl)methanesulfonamide,毕得,5 g,5,g,1,74.9,not_stocked,chenyichi,20250421
5081-87-8,"3-(2-氯乙基)-2,4(1H,3H)-喹唑啉二酮","3-(2-Chloroethyl)quinazoline-2,4(1H,3H)-dione",毕得,1 g,1,g,1,62.3,not_stocked,chenyichi,20250421
597-49-9,3-乙基-3-戊醇,3-Ethyl-3-pentanol,阿拉丁,5 mL,5,mL,1,87.92,running_out,mengjunhong,20250421
248274-03-5,(2-(氨甲基)苯基)硼酸 ,(2-(Aminomethyl)phenyl)boronic acid,毕得医药,1g,1,g,1,366.8,not_stocked,shihongwei,20250421
64-17-5,超干乙醇,ethanol,安耐吉,100 mL,100,mL,1,35,running_out,wangxi,20250421
123-91-1,"超干1,4-二氧六环",dioxane,安耐吉,100 mL,100,mL,1,31.5,running_out,wangxi,20250421
446-86-6,6-((1-甲基-4-硝基-1H-咪唑-5-基)硫基)-9H嘌呤,6-((1-Methyl-4-nitro-1H-imidazol-5-yl)thio)-9H-purine,毕得,1 g,1,g,1,133.7,not_stocked,wangxi,20250421
508233-74-7,"1-[2-(2,4-甲基苯硫基)苯基]哌嗪?","1-(2-((2,4-Dimethylphenyl)thio)phenyl)piperazine",毕得,1 g,1,g,1,101.5,not_stocked,wangxi,20250421
63379-16-8, PROPYL N-(P-TOLYL)CARBAMATE-, PROPYL N-(P-TOLYL)CARBAMATE-,sigma,250mg,250,mg,1,266,not_stocked,admin,20250421
82419-36-1,"9-氟-3-甲基-10-(4-甲基哌嗪-1-基)-7-氧代-3,7-二氢-2H-[1,4]恶嗪并[2,3,4-ij]喹啉-6-羧酸","9-Fluoro-3-methyl-10-(4-methylpiperazin-1-yl)-7-oxo-3,7-dihydro-2H-[1,4]oxazino[2,3,4-ij]quinoline-6-carboxylic acid
",毕得,5 g,5,g,1,74.2,not_stocked,chenyichi,20250422
101831-37-2,"2-(4-氯苯基)-2-(2,6-二氯-4-(3,5-二氧代-4,5-二氢-1,2,4-三嗪-2(3H)-基)苯基)乙腈","2-(4-Chlorophenyl)-2-(2,6-dichloro-4-(3,5-dioxo-4,5-dihydro-1,2,4-triazin-2(3H)-yl)phenyl)acetonitrile
",毕得,1 g,1,g,1,44.8,not_stocked,chenyichi,20250422
1483-72-3,二苯基氯化碘,DIPHENYLIODONIUM CHLORIDE,希恩思,25 g,25,g,1,505.05,running_out,shihongwei,20250422
1499-53-2,2-苯甲酰胺基乙酸乙酯,Ethyl 2-benzamidoacetate,毕得,5 g,5,g,1,37.1,not_stocked,huzhibin,20250422
811-98-3,氘代甲醇d4,Methanol-d4,百灵威,10X0.6mL,0.6,ml,10,123,not_stocked,zhaoxinyi,20250422
1195-14-8,2-甲基苯并噻吩,2-Methylbenzo[b]thiophene,毕得医药,25mg,25,mg,1,20.3,not_stocked,tangshuyuan,20250422
527-54-8,3，4，5-三甲基苯酚,3，4，5-Trimethylphenol,迈瑞达,250mg,250,mg,1,64,not_stocked,tangshuyuan,20250422
113665-84-2,氯吡格雷,Clopidogrel,毕得医药,251mg,251,mg,1,176.4,not_stocked,tangshuyuan,20250422
874-60-2,对甲基苯甲酰氯,p-Toluoyl chloride,毕得,25 g,25,g,1,25.2,running_out,huzhibin,20250423
7677-24-9,三甲基氰硅烷,Trimethylsilyl Cyanide,毕得,25 g,25,g,1,18.9,running_out,huzhibin,20250423
123-91-1,"1,4二氧六环","1,4-Dioxane",百灵威,500 mL,500,mL,1,109,running_out,zhaoxinyi,20250423
166883-20-1,1-甲基-2-氧代吲哚啉-5-磺酰氯,1-Methyl-2-oxoindoline-5-sulfonylchloride,乐研,100mg,100,mg,1,162.4,not_stocked,sulingyu,20250423
16761-18-5,4-乙酰氨基-3-氯苯磺酰氯,4-Acetamido-3-chlorobenzenesulfonylchloride,乐研,250mg,250,mg,1,135.1,not_stocked,sulingyu,20250423
4442-85-7,2-环己基乙胺,2-Cyclohexylethanamine,毕得,1 g,1,g,1,189,not_stocked,zhaoxinyi,20250423
89763-93-9,2-氟-4-(三氟甲基)苯甲醛,2-Fluoro-4-(trifluoromethyl)benzaldehyde,毕得,5 g,5,g,1,63,not_stocked,zhaoxinyi,20250423
336191-17-4,"2,8-二氮杂螺[4.5]癸-2-羧酸叔丁酯","tert-Butyl 2,8-diazaspiro[4.5]decane-2-carboxylate",毕得,1 g,1,g,1,123,not_stocked,zhaoxinyi,20250423
138022-04-5,甲基(哌啶-4-甲基)氨基甲酸叔丁酯,"tert-Butyl 2,8-diazaspiro[4.5]decane-2-carboxylate",毕得,1 g,1,g,1,338,not_stocked,zhaoxinyi,20250423
1975/3/6,碘乙烷,Iodoethane,安耐吉,25 g,25,g,1,31,not_stocked,zhaoxinyi,20250423
6628-86-0,2-硝基-5-氯苯甲醛,5-Chloro-2-nitrobenzaldehyde,毕得,10 g,10,g,1,33.6,running_out,sulingyu,20250424
126752-51-0,十钨(VI)酸钠,"	Sodium tungstate(VI)",毕得,250 mg,250,mg,1,375.2,running_out,mengjunhong,20250425
6011-14-9,氨基乙腈盐酸盐,2-Aminoacetonitrilehydrochloride,乐研,25 g,25,g,1,17.5,running_out,huzhibin,20250425
50846-36-1,2-氨基-2-甲基丙腈盐酸盐,2-Amino-2-methylpropanenitrilehydrochloride,乐研,25 g,25,g,1,26.6,not_stocked,huzhibin,20250425
13033-84-6,(R)-2-氨基-3-苯基丙酸甲酯盐酸盐,(R)-Methyl 2-amino-3-phenylpropanoate hydrochloride,毕得,25 g,25,g,1,18.9,not_stocked,huzhibin,20250425
7789-60-8,三溴化磷,Phosphorus tribromide,百灵威,100 g,100,g,1,67.15,degraded,huzhibin,20250425
7778-80-5,硫酸钾,Potassium sulfate,欣恒研,100 g,100,g,1,48.8,not_stocked,huzhibin,20250425
7487-88-9,无水硫酸镁,Magnesium sulfate,欣恒研,100 g,100,g,1,52.8,not_stocked,huzhibin,20250425
584-08-7,无水碳酸钾,Potassium carbonate,欣恒研,100 g,100,g,1,43.2,not_stocked,huzhibin,20250425
144-55-8,碳酸氢钠,Sodium bicarbonate,泰坦,500 g*4,500,g,4,13,common_public,huzhibin,20250425
630-18-2,三甲基乙腈,Pivalonitrile,安耐吉,100 ml,100,mL,1,66.5,common_public,huzhibin,20250425
123-91-1,"1,4二氧六环，超干","1,4-Dioxane",伊诺凯,500 mL,500,mL,1,127.2,common_public,huzhibin,20250425
123-91-1,"1,4二氧六环，HPLC","1,4-Dioxane",伊诺凯,500 mL,500,mL,1,150.4,common_public,huzhibin,20250425
123-91-1,"1,4二氧六环，含BHT","1,4-Dioxane",百灵威,100 mL,100,mL,1,45,common_public,huzhibin,20250425
505-22-6,"1,3-二氧六环","1,3-Dioxane",希恩斯,25 mL,25,mL,1,16.25,common_public,huzhibin,20250425
98-59-9,对甲苯磺酰氯,p-Toluenesulfonyl chloride,百灵威J&K,100 g,100,g,1,57.8,running_out,huzhibin,20250425
1310-58-3,氢氧化钾（片状）,Potassium hydroxide,3AChem,100 g,100,g,1,14,not_stocked,huzhibin,20250425
1310-58-4,氢氧化钾（粉末）,Potassium hydroxide,3AChem,100 g,100,g,1,17.5,not_stocked,huzhibin,20250425
75-52-5,硝基甲烷,Nitromethane,通广,500 mL,500,mL,1,193,running_out,chenyichi,20250426
5006-22-4,环丁基甲酰氯,Cyclobutanecarbonylchloride,毕得,1g,1,g,1,14,running_out,zhaoxinyi,20250403
110-46-3,亚硝酸异戊酯," 	 Isopentyl nitrite",百灵威J&K,100ML,100,mL,1,294.95,not_stocked,huangyilei,20250427
123-07-9,对乙基苯酚,4-Ethylphenol,Adamas,25g,25,g,1,22,not_stocked,huangyilei,20250427
609-65-4,邻氯苯甲酰氯,2-Chlorobenzoyl chloride,安耐吉,25g,25,g,1,17.5,running_out,sulingyu,20250427
865758-96-9,"2-((6-氯-3-甲基-2,4-二氧代-3,4-二氢嘧啶-1(2H)-基)甲基)苯甲腈","2-((6-Chloro-3-methyl-2,4-dioxo-3,4-dihydropyrimidin-1(2H)-yl)methyl)benzonitrile
",毕得,5 g,5,g,1,73.5,not_stocked,chenyichi,20250428
15362-40-0,"1-(2,6-二氯苯基)-1,3-二氢-2H-吲哚-2-酮","1-(2,6-Dichlorophenyl)-2-indolinot_stocked",毕得,25 g,25,g,1,18.9,not_stocked,chenyichi,20250428
86479-06-3,"N-((3,5-二氯-4-(1,1,2,2-四氟乙氧基)苯基)氨基甲酰基)-2,6-二氟苯甲酰胺","N-((3,5-Dichloro-4-(1,1,2,2-tetrafluoroethoxy)p",毕得,1 g,1,g,1,87.5,not_stocked,chenyichi,20250428
58068-80-7,辛酰苯并三氮唑,"1-(1H-Benzo[d][1,2,3]triazol-1-yl)octan-1-one",毕得,100 g*2,100,g,2,44.8,not_stocked,chenyichi,20250428
184475-35-2,N-(3-氯-4-氟苯基)-7-甲氧基-6-(3-吗啉丙氧基)喹唑啉-4-胺,"N-(3-Chloro-4-fluorophenyl)-7-methoxy-6-(3-morpholinopropoxy)quinazolin-4-amine
",毕得,1 g,1,g,1,39.9,not_stocked,chenyichi,20250428
91-62-3,6-甲基喹啉,6-Methylquinoline,毕得,1 g,1,g,1,14,not_stocked,chenyichi,20250428
934-32-7,2-氨基苯并咪唑,1H-Benzo[d]imidazol-2-amine,毕得,25 g,25,g,1,30.1,not_stocked,huwenshu,20250428
7646-69-7,氢化钠,60% dispersion in mineral oil，25g Sodium hydride,阿拉丁,25 g,25,g,1,23.92,not_stocked,huwenshu,20250428
6232-92-4,2-氨基-6-硝基苯并咪唑,6-Nitro-1H-benzo[d]imidazol-2-amine,毕得,1g,1,g,1,76.3,not_stocked,huwenshu,20250428
1805-02-3,1-甲基-2-氨基-5-甲氧基苯并咪唑 ,2-Amino-5-methoxy-1-methylbenzimidazole,毕得,250mg,250,mg,1,133,not_stocked,huwenshu,20250428
945023-35-8,2-氨基-6-甲氧基-1-甲基苯并咪唑 ,2-Amino-6-methoxy-1-methylbenzimidazole,毕得,100mg,100,mg,1,213.5,not_stocked,huwenshu,20250428
1609406-56-5,4-甲基-1H-苯并[d]咪唑-2-胺氢溴酸盐,4-Methyl-1H-benzo[d]imidazol-2-aminehydrobromide,乐研,250 mg,250,mg,1,168,not_stocked,huwenshu,20250428
62929-02-6,聚酰亚胺树脂,POLYIMIDE RESIN,Acmec,5 g,5,g,1,54.4,not_stocked,chenyichi,20250428
1576-37-0,N-苄基对甲苯磺酰胺,N-Benzyl-p-toluenesulfonaMide,毕得,5g,5,g,1,121.8,running_out,huzhibin,20250428
13465-09-3,溴化铟(III),Indium(III) bromide,毕得,5g,5,g,1,43.4,not_stocked,huzhibin,20250428
121-44-8,三乙胺,Triethylamine,通广精细,500mlx2,500,ml,2,18,common_public,huzhibin,20250428
604-34-2,,,MCE,1mg,1,mg,1,400,not_stocked,xingyihong,20250429
448-61-3,"2,4,6-三苯基吡喃鎓四氟硼酸盐","2,4,6-Triphenylpyrylium tetrafluoroborate",毕得,5 g,5,g,1,67.9,running_out,wangxi,20250429
5579-84-0,N-甲基-2-吡啶乙胺二盐酸盐,N-Methyl-2-(pyridin-2-yl)ethanamine dihydrochloride,毕得,1g,1,g,1,62.3,running_out,wangxi,20250429
540-37-4,4-碘苯胺,4-Iodoaniline,毕得,25 g,25,g,1,40.6,not_stocked,sunyichen,20250429
143-28-2,油醇,Oleyl alcohol,阿拉丁,100mL,100,mL,1,65.44,degraded,sunyichen,20250429
1821-36-9,N-环己基苯胺 ,N-Cyclohexylaniline,安耐吉,1g,1,g,1,17.5,not_stocked,sunyichen,20250429
136434-34-9,(S)-N-甲基-3-(萘-1-氧基)-3-(t噻吩-2-基)丙-1-胺盐酸盐,(S)-N-Methyl-3-(naphthalen-1-yloxy)-3-(thiophen-2-yl)propan-1-amine,毕得,1 g*2,1,g,2,35.7,not_stocked,wangxi,20250429
112611-93-5,4-溴-1-氟-2-异丙基苯,2-fluoro-5-bromocumene,MREDA,1g,1,g,1,138,not_stocked,sunyichen,20250429
171599-83-0,"5-(2-乙氧基 -5-((4-甲基哌嗪-1-基)磺酰基)苯基)-1-甲基-3-丙基-1H-吡唑并[4,3-d]嘧啶-7(4H)-酮 2-羟基丙烷-1,2,3-三羧酸盐","5-(2-Ethoxy-5-((4-methylpiperazin-1-yl)sulfonyl)phenyl)-1-methyl-3-propyl-1H-pyrazolo[4,3-d]pyrimidin-7(4H)-one 2-hydroxypropane-1,2,3-tricarboxylate
",毕得,5 g,5,g,1,38.5,not_stocked,chenyichi,20250429
126-33-0,环丁砜,"Tetrahydrothiophene 1,1-dioxide",毕得,500 g,500,g,1,21.7,common_public,chenyichi,20250429
2314-97-8,三氟碘甲烷,Trifluoroiodomethane,安耐吉,5 g,5,g,1,28,running_out,huwenshu,20250430
7757-82-6,无水硫酸钠,Sodium sulfate,毕得,500 g,500,g,1,15.4,running_out,chenyichi,20250430
7379-35-3,4-氯吡啶盐酸盐,4-Chloropyridinium chloride,毕得,10g,10,g,1,13.3,not_found,xuguofeng,20250430
123-30-8,4-氨基苯酚,4-Aminophenol,伊诺凯,50g,50,g,1,24,not_found,xuguofeng,20250430
3128/7/2,6-氧代庚酸,6-Oxoheptanoic acid,毕得医药,1g,1,g,1,16.1,not_stocked,zhaobinzhi,20250501
122-01-0,4-氯苯甲酰氯,4-Chlorobenzoyl chloride,安耐吉,25g,25,g,1,25,running_out,huzhibin,20250501
401-95-6,"3,5-双三氟甲基苯甲醛","3,5-Bis(trifluoromethyl)benzaldehyde",毕得,10 g,10,g,1,18.2,running_out,huzhibin,20250503
874-60-2,对甲基苯甲酰氯,p-Toluoyl chloride,毕得,100 g,100,g,1,46.9,running_out,huzhibin,20250503
7677-24-9,三甲基氰硅烷,Trimethylsilyl Cyanide,毕得,25 g,25,g,1,18.9,running_out,huzhibin,20250503
140-53-4,对氯苯乙腈,4-Chlorobenzyl cyanide,毕得,100 g,100,g,1,18.2,not_stocked,huzhibin,20250503
17425-20-6,butyl p-tolylcarbamate,BUTYL N-(P-TOLYL)CARBAMATE-,Sigma,250 mg,250,mg,1,266,not_stocked,admin,20250504
65-28-1,"3-(((4,5-二氢-1H-咪唑-2-基)甲基)(对甲苯基)氨基)苯酚 甲磺酸盐 ","3-(((4,5-Dihydro-1H-imidazol-2-yl)methyl)(p-tolyl)amino)phenol methanesulfonate
货号BD147523",毕得医药,1g,1,g,1,408.1,not_stocked,huangyilei,20250504
124937-52-6,"(R)-2-(3-(二异丙胺基)-1-苯基丙基)-4-甲基苯酚 (2R,3R)-2,3-二羟基琥珀酸盐","(R)-2-(3-(Diisopropylamino)-1-phenylpropyl)-4-methylphenol (2R,3R)-2,3-dihydroxysuccinate
",毕得医药,1g,1,g,1,106.4,not_stocked,huangyilei,20250504
15307-86-5,双氯芬酸,"1-(2,6-Dichlorophenyl)-2-indolinot_stocked",毕得医药,10g,10,g,1,27.3,not_stocked,tangshuyuan,20250504
1706-11-2,"2,5-二甲基苯甲醚","2,5-DIMETHYLANISOLE",毕得医药,5g,5,g,1,16.8,not_stocked,tangshuyuan,20250504
4137-56-8,"((3aR,4R,6R,6aR)-6-甲氧基-2,2-二甲基四氢呋喃并[3,4-d][1,3]二氧戊环-4-基)甲基 4-甲基苯磺酸酯","((3aR,4R,6R,6aR)-6-Methoxy-2,2-dimethyltetrahydrofuro[3,4-d][1,3]dioxol-4-yl)methyl 4-methylbenzenesulfonate",毕得,1 g,1,g,1,35,not_stocked,wangxi,20250505
20880-92-6,"果糖二丙酮 2,3:4,5-二-O-异亚丙基-β-D-吡喃果糖",Diacetonefructose,毕得,5 g,5,g,1,12.6,not_stocked,wangxi,20250505
7498-57-9,2-萘乙腈,2-Naphthylacetonitrile,毕得,5g,5,g,1,25.9,running_out,huzhibin,20250505
1975/5/8,乙腈 HPLC,Acetonitrile,通广,500ml*4,500,ml,4,33,not_stocked,liangyiqi,20250505
1975/5/8,乙腈 HPLC,Acetonitrile,通广,4L*4,4,l,4,190,not_stocked,liangyiqi,20250505
993-22-6,"叠氮化四丁基铵
",Tetrabutylammonium azide,罗恩,1 g,1,g,1,223,not_stocked,chengzengrui,20250505
19597-69-4,"叠氮化锂溶液
","Lithium azide
",麦克林,5 g,5,g,1,323.2,not_stocked,chengzengrui,20250505
20762-60-1,"叠氮化钾
","potassium azide
",迈瑞达,5 g,5,g,1,165,running_out,chengzengrui,20250505
37222-66-5,"过氧单磺酸钾
",Potassiumperoxymonosulfatesulfate,乐研,500 g,500,g,1,25.2,running_out,chengzengrui,20250505
2065-37-4,"2-溴-1,4-萘并醌
","2-Bromonaphthalene-1,4-dione	",毕得,5 g,5,g,1,133.7,not_stocked,chengzengrui,20250505
1010-60-2,"2-氯-1,4-萘醌
","2-Chloronaphthalene-1,4-dione",毕得,25 g,25,g,1,19.6,not_stocked,chengzengrui,20250505
23391-99-3,"4,4'-双环己酮","4,4'-Bicyclohexanot_stocked",阿拉丁,5 g,5,g,1,94.32,not_stocked,yanglicheng,20250506
487-68-3,"2,4,6-三甲基苯甲醛","2,4,6-Trimethylbenzaldehyde",毕得,25 g,25,g,1,18.9,not_stocked,huzhibin,20250506
79-34-5,"1,1,2,2-四氯乙烷",1，1，2，2-tetrachloroethane,阿拉丁,500 ml,500,mL,1,80.72,running_out,yanglicheng,20250506
295-48-7,环十五烷,Cyclopentadecane,阿拉丁,1 g,1,g,1,221,not_stocked,mengjunhong,20250507
39896-97-4,苄基氨基甲酸苄酯,Benzyl benzylcarbamate,毕得,1 g*2,1,g,2,80.5,not_stocked,huzhibin,20250506
121-60-8,对乙酰胺基苯磺酰氯,N-Acetylsulfanilyl chloride,毕得,100g,100,g,1,19.6,not_stocked,sulingyu,20250507
53341-66-5,3-氧代-3-(苯基氨基)丙酸乙酯,Ethyl 3-oxo-3-(phenylamino)propanoate,毕得,100mg,100,mg,1,621.6,not_stocked,sulingyu,20250507
280-57-9,"1,4-二氮杂双环[2,2,2]辛烷","1,4-Diazabicyclo[2.2.2]octane",毕得医药,25g,25,g,1,16.1,running_out,huangyilei,20250507
7778-53-2,磷酸钾, Potassium phosphate,毕得医药,100g,100,g,1,36.4,running_out,huangyilei,20250507
10540-29-1,他莫西芬,Tamoxifen,欣恒研,1g,1,g,1,105.6,not_stocked,xingyihong,20250507
126752-51-0,十钨(VI)酸钠,Sodium tungstate(VI),毕得,250 mg,250,mg,1,375.2,running_out,mengjunhong,20250507
24280-93-1,,"
Mycophenolic acid",毕得医药,5 g,5,g,1,31.5,not_stocked,zhaobinzhi,20250507
10203-08-4,"3,5-二氯苯甲醛","3,5-Dichlorobenzaldehyde",毕得,10 g,10,g,1,23.1,not_stocked,huzhibin,20250508
32085-88-4,"3,5-二氟苯甲醛","3,5-Difluorobenzaldehyde",毕得,10 g,10,g,1,27.3,not_stocked,huzhibin,20250508
107-06-2,"1,2-二氯乙烷",DCE,通广,500 mL,500,mL,1,12,common_public,huzhibin,20250508
108-88-3,甲苯,toluene,通广,500 mL,500,mL,1,28,common_public,huzhibin,20250508
1622-57-7,1-甲基-1H-苯并[d]咪唑-2-胺,1-Methyl-1H-benzo[d]imidazol-2-amine,毕得,1g,1,g,1,46.9,running_out,huwenshu,20250508
216144-18-2,2-溴-4'-(1-吡咯烷基)苯乙酮,2-Bromo-4'-(1-pyrrolidinyl)acetophenot_stocked,阿拉丁,1g,1,g,1,160.6,not_stocked,huwenshu,20250508
210832-85-2,α-溴代-4-吗啡啉苯乙酮,2-Bromo-1-(4-Morpholinophenyl)Ethanot_stocked,adamas,250mg,250,mg,1,175,not_stocked,huwenshu,20250508
42445-46-5,2-溴-1-(4-(甲硫基)苯基)乙酮,2-Bromo-1-(4-(methylthio)phenyl)ethanot_stocked,毕得,250 mg,250,mg,1,86.1,not_stocked,huwenshu,20250508
60965-26-6,"2-溴-2',4'-二甲氧基苯乙酮","-Bromo-1-(2,4-dimethoxyphenyl)ethanot_stocked",毕得,250mg,250,mg,1,175.7,not_stocked,huwenshu,20250508
56077-28-2,2-溴-1-环己基乙酮,2-Bromo-1-cyclohexylethan-1-one,毕得,100mg,100,mg,1,179.9,not_stocked,huwenshu,20250508
5122-82-7,1-金刚烷基溴甲酮,1-(Adamantan-1-yl)-2-bromoethanot_stocked,毕得,1 g,1,g,1,53.9,not_stocked,huwenshu,20250508
816-40-0,1-溴-2-丁酮,1-Bromo-2-butanot_stocked,安耐吉,1g,1,g,1,52.5,not_stocked,huwenshu,20250508
69267-75-0,1-环丙基-2-溴乙酮 ,2-Bromo-1-cyclopropylethanot_stocked,毕得,1 g,1,g,1,27.3,not_stocked,huwenshu,20250508
2227-64-7,2-溴-3'-硝基苯乙酮,2-Bromo-3'-nitroacetophenot_stocked,毕得,5g,5,g,1,20.3,not_stocked,huwenshu,20250508
20099-89-2,4-(2-溴乙酰基)苯腈,4-(2-Bromoacetyl)benzonitrile,毕得,1 g,1,g,1,18.9,not_stocked,huwenshu,20250508
5457-28-3,3-氰基吲哚,1H-Indole-3-carbonitrile,毕得,5 g,5,g,1,20.3,running_out,chenyichi,20250508
137977-97-0,"1-(4-氨基-2-甲基苯甲酰基)-7-氯-3,4-二氢-1H-苯并[b]氮杂卓-5(2H)-酮","1-(4-Amino-2-methylbenzoyl)-7-chloro-3,4-dihydro-1H-benzo[b]azepin-5(2H)-one
",毕得,1 g,1,g,1,137.2,not_stocked,chenyichi,20250508
459-60-9,4-氟苯甲醚,1-Fluoro-4-methoxybenzene,毕得,25 g,25,g,1,23.1,not_stocked,chenyichi,20250508
56-54-2,"(S)-[(1S,2R,4S,5R)-5-乙烯基-1-氮杂双环[2.2.2]辛-2-基](6-甲氧基喹啉-4-基)甲醇","(S)-(6-Methoxyquinolin-4-yl)((1S,2R,4S,5R)-5-vinylquinuclidin-2-yl)methanol
",毕得,5 g,5,g,1,20.3,not_stocked,chenyichi,20250508
16853-85-3,氢化铝锂,"	Lithium aluminium hydride",百灵威J&K,100 mL,100,mL,1,119,running_out,wangxi,20250509
534-17-8,碳酸铯,Cesium carbonate,毕得,25 g,25,g,1,55.3,running_out,zhaoxinyi,20250509
13033-84-6,(R)-2-氨基-3-苯基丙酸甲酯盐酸盐,(R)-Methyl 2-amino-3-phenylpropanoate hydrochloride,毕得,25 g,25,g,1,18.9,not_stocked,zhaoxinyi,20250509
4916-55-6,3-溴甲基吡啶氢溴酸盐,3-(Bromomethyl)pyridine hydrobromide,毕得,5 g,5,g,1,63,not_stocked,zhaoxinyi,20250509
19438-10-9,3-羟基苯甲酸甲酯,Methyl 3-Hydroxybenzoate,毕得,25 g,25,g,1,18.9,not_stocked,zhaoxinyi,20250509
15570-12-4,3-甲氧基-1-巯基苯,3-Methoxybenzenethiol,毕得,1g,1,g,1,52.5,not_stocked,tangshuyuan,20250509
69778-83-2,4-甲氧基-3-吡咯啉-2-酮,4-Methoxy-1H-pyrrol-2,毕得,5g,5,g,1,156.8,not_stocked,tangshuyuan,20250509
213318-44-6,,,毕得,5g,5,g,1,122.5,not_stocked,tangshuyuan,20250509
7789-59-5,氧溴化磷,Phosphorus oxybromide,安耐吉,10g,10,g,1,17.5,not_stocked,tangshuyuan,20250509
1310-65-2,氢氧化锂,Lithium hydroxide,百灵威,25 g,25,g,1,111.35,not_stocked,zhaoxinyi,20250511
124937-52-6,"(R)-2-(3-(二异丙胺基)-1-苯基丙基)-4-甲基苯酚 (2R,3R)-2,3-二羟基琥珀酸盐 ","(R)-2-(3-(Diisopropylamino)-1-phenylpropyl)-4-methylphenol (2R,3R)-2,3-dihydroxysuccinate
",毕得医药,1g,1,g,1,106.4,running_out,huangyilei,20250511
2968-93-6,2-(4-(三氟甲基)苯基)乙醇,2-(4-(Trifluoromethyl)phenyl)ethanol,毕得,5g,5,g,1,191.8,not_stocked,huzhibin,20250512
506-32-1,花生四烯酸,Arachidonic acid,毕得医药,100mg,100,mg,1,201.6,not_stocked,xingyihong,20250512
506-30-9,二十酸?,Icosanoic acid,毕得医药,5g,5,g,1,50.4,not_stocked,xingyihong,20250512
4099-85-8,"	((3aR,4R,6R,6aR)-6-甲氧基-2,2-二甲基四氢呋喃[3,4-d][1,3]二氧醇-4-基)甲醇","	Methyl-2,3-O-isopropylidene-beta-D-ribofuranoside",毕得,1 g*2,1,g,2,30.1,not_stocked,wangxi,20250512
112-86-7,(Z)-二十二-13-烯酸?,(Z)-Docos-13-enoic acid,毕得医药,25g,25,g,1,20.3,not_stocked,xingyihong,20250512
773-01-3,"2,4,6-三甲基吡喃四氟硼酸盐","2,4,6-Trimethylpyryliumtetrafluoroborate",毕得,5 g,5,g,1,76.3,running_out,wangxi,20250512
2091-27-2,Eicosa-11Z，14Z，17Z-三烯酸,"Eicosa-11Z,14Z,17Z-trienoic Acid (20:3, n-3)",迈瑞达,100mg,100,mg,1,104.5,not_stocked,xingyihong,20250512
4064/6/6,"((3aR,5R,5aS,8aS,8bR)-2,2,7,7-四甲基四氢-3aH-双([1,3]二氧杂戊环)[4,5-b:4',5'-d]吡喃-5-基)甲醇","((3aR,5R,5aS,8aS,8bR)-2,2,7,7-Tetramethyltetrahydro-3aH-bis([1,3]dioxolo)[4,5-b:4',5'-d]pyran-5-yl)methanol",毕得,1g*2,1,g,2,18.2,running_out,wangxi,20250512
931-40-8,"4-(羟甲基)-1,3-二氧戊环-2-酮","4-(Hydroxymethyl)-1,3-dioxolan-2-one",毕得医药,5g,5,g,1,21,not_stocked,xingyihong,20250512
1517-72-2,1-(1-萘)乙醇,1-(Naphthalen-1-yl)ethanol,毕得,1 g,1,g,1,45.5,not_stocked,wangxi,20250512
6329-73-3,"-(苯并[d] [1,3]二氧杂环戊烯-5-基)乙醇","1-(Benzo[d][1,3]dioxol-5-yl)ethanol",毕得,250 mg,250,mg,1,142.1,not_stocked,wangxi,20250512
403-41-8,1-(4-氟苯基)-1-乙醇,1-(4-Fluorophenyl)ethyl Alcohol,毕得,1 g,1,g,1,16.8,not_stocked,wangxi,20250512
99-81-0,2-溴-4'-硝基苯乙酮,2-Bromo-4'-nitroacetophenot_stocked,毕得,25g,25,g,1,25.2,not_stocked,huwenshu,20250513
7631-86-9,石英砂,,泰坦,500g*5,500,g,5,20,common_public,huzhibin,20250513
120144-90-3,,poly(oxy(methylaluminio)) (CH3AlO)n,研峰/INFI,100 ml,100,mL,1,351.5,not_stocked,zhaobinzhi,20250513
65-28-1,"3-(((4,5-二氢-1H-咪唑-2-基)甲基)(对甲苯基)氨基)苯酚 甲磺酸盐 ","3-(((4,5-Dihydro-1H-imidazol-2-yl)methyl)(p-tolyl)amino)phenol methanesulfonate",毕得医药,1g,1,g,1,408.1,running_out,huangyilei,20250513
64439-81-2,"4-乙基-4,9-二羟基-1H-吡喃并[3',4':6,7]吲哚并[1,2-b]喹啉-3,14(4H,12H)-二酮"," 4-Ethyl-4,9-dihydroxy-1H-pyrano[3',4':6,7]indolizino[1,2-b]quinoline-3,14(4H,12H)-dione",毕得医药,1g,1,g,1,217,not_stocked,huangyilei,20250513
10519-96-7,三甲基硅烷醇钾,Potassium trimethylsilanolate,希恩斯,5g,5,g,1,17.55,not_stocked,huzhibin,20250514
366789-02-8,(S)-5-氯-N-((2-氧代-3-(4-(3-氧代吗啉)苯基)恶唑烷-5-基)甲基)噻吩-2-甲酰胺,"(S)-5-Chloro-N-((2-oxo-3-(4-(3-oxomorpholino)phenyl)oxazolidin-5-yl)methyl)thiophene-2-carboxamide
",毕得,1 g,1,g,1,51.1,not_stocked,chenyichi,20250514
13734-34-4,N-Boc-L-苯丙氨酸,Boc-Phe-OH,毕得,25,,,1,18.9,running_out,chenyichi,20250514
59936-29-7,"(S)-1-叔-丁基-2-甲基吡咯烷-1,2-二羧酸",Boc-Pro-OMe,毕得,25,,,1,26.6,not_stocked,chenyichi,20250514
716-32-5,"6-硝基苯并[d][1,3]二氧戊环-5-羧酸","6-Nitrobenzo[d][1,3]dioxole-5-carboxylic acid",毕得,1 g,1,g,1,30.1,not_stocked,chenyichi,20250514
89565-68-4,"rel-(1R,3r,5S)-8-甲基-8-氮杂双环[3.2.1]辛烷-3-基 1H-吲哚-3-羧酸酯","rel-(1R,3r,5S)-8-Methyl-8-azabicyclo[3.2.1]octan-3-yl 1H-indole-3-carboxylate
",毕得,1 g,1,g,1,184.1,not_stocked,chenyichi,20250514
137234-62-9,"(2R,3S)-2-(2,4-二氟苯基)-3-(5-氟嘧啶-4-基)-1-(1H-1,2,4-三唑-1-基)丁-2-醇","(2R,3S)-2-(2,4-Difluorophenyl)-3-(5-fluoropyrimidin-4-yl)-1-(1H-1,2,4-triazol-1-yl)butan-2-ol
",毕得,1 g,1,g,1,84.7,not_stocked,chenyichi,20250514
99614-02-5,"9-甲基-3-((2-甲基-1H-咪唑-1-基)甲基)-2,3-二氢-1H-咔唑-4-(9H)-酮","9-Methyl-3-((2-methyl-1H-imidazol-1-yl)methyl)-2,3-dihydro-1H-carbazol-4(9H)-one
",毕得,1 g,1,g,1,75.6,not_stocked,chenyichi,20250514
49562-28-9,2-(4-(4-氯苯甲酰)苯氧基)-2-甲基丙酸异丙酯,Isopropyl 2-(4-(4-chlorobenzoyl)phenoxy)-2-methylpropanoate,毕得,5 g,5,g,1,23.8,running_out,chenyichi,20250514
5496/10/6,1-氨基环己烷甲腈, 1-Aminocyclohexanecarbonitrile,毕得,1 g,1,g,1,25.2,running_out,wangxi,20250514
874-61-3,4-环己酮羧酸,4-Oxocyclohexanecarboxylic acid,毕得医药,5g,5,g,1,53.2,high_usage,tangshuyuan,
110-86-1,吡啶,Pyridine,Greagent,500ml,500,mL,1,56,common_public,huzhibin,20250515
107-06-2,"1,2-二氯乙烷",DCE,Greagent,500 mL,500,mL,1,18,common_public,huzhibin,20250515
7787-58-8,溴化铋,Tribromobismuthine,希恩思,100 g,100,g,1,443.3,running_out,shihongwei,20250515
937-14-4,3氯过氧苯甲酸 ,"3-Chloroperoxybenzoic acid, 85%",百灵威J&K,100 g,100,g,1,86.7,running_out,shihongwei,20250515
2091-27-2,Eicosa-11Z，14Z，17Z-三烯酸,"Eicosa-11Z,14Z,17Z-trienoic Acid (20:3, n-3)",欣恒研,100mg,100,mg,1,220,not_stocked,xingyihong,20250515
1622-58-8,1-乙基-1H-苯并[d]咪唑-2-胺,1-Ethyl-1H-benzo[d]imidazol-2-amine,MREDA,100mg,100,mg,1,142,not_stocked,huwenshu,20250515
945021-49-8,"1,7-二甲基-2-氨基苯并咪唑","1,7-dimethyl-1,3-dihydro-2H-benzo[d]imidazol-2-imine",安耐吉,100mg,100,mg,1,200.9,not_stocked,huwenshu,20250515
90871-47-9,2-氨基-1-异丙基苯并咪唑,2-Amino-1-isopropylbenzimidazole,毕得,250mg,250,mg,1,73.5,not_stocked,huwenshu,20250515
576-26-1,"2,6-二甲基苯酚 ","2,6-Dimethylphenol",安耐吉,25g,25,g,1,21,running_out,shihongwei,20250516
844501-71-9,"3-(4,4,5,5-四甲基-1,3,2-二杂氧戊硼烷)-吡唑?","3-(4,4,5,5-Tetramethyl-1,3,2-dioxaborolan-2-yl)-1H-pyrazole",毕得,25g,25,g,1,165,not_stocked,wangchao,20250516
191732-72-6,"3-(4-氨基-1-氧代-1,3-二氢-2H-异吲哚-2-基)哌啶-2,6-二酮","3-(4-Amino-1-oxoisoindolin-2-yl)piperidine-2,6-dione",毕得,25g,25,g,1,305,running_out,wangchao,20250516
470478-90-1,4-(4-Boc-1-哌嗪基)苯硼酸频哪醇酯,"tert-Butyl 4-(4-(4,4,5,5-tetramethyl-1,3,2-dioxaborolan-2-yl)phenyl)piperazine-1-carboxylate",毕得,5 g,5,g,1,152,not_stocked,wangchao,20250516
63038-27-7,"(S)-2-氨基-3,3-二甲基丁酸甲酯盐酸盐",H-Tle-OMe.HCl,毕得,5 g,5,g,1,16,not_stocked,zhaoxinyi,20250517
2456-81-7,4-吡咯烷基吡啶,4-Pyrrolidinopyridine,毕得,25 g,25,g,1,52.5,not_stocked,zhaoxinyi,20250518
13826-86-3,硝酸四氟硼酸,,麦克林,100mg*2,100,mg,2,30.4,not_stocked,tangshuyuan,20250518
,,,,,,,1,,not_stocked,admin,
165800-03-3,(S)-N-(((3-(3-氟-4-吗啉代苯基)-2-氧代恶唑烷-5-基)甲基)乙酰胺,"(S)-N-((3-(3-fluoro-4-morpholinophenyl)-2-oxooxazolidin-5-yl)methyl)acetamide
",毕得,1 g,1,g,1,40.6,not_stocked,chenyichi,20250518
138-42-1,4-硝基苯磺酸,4-nitro-benzenesulfonicacid,麦克林,1 g,1,g,1,101.6,not_stocked,chenyichi,20250518
80-82-0,"2-硝基苯磺酸
",2-NITROBENZENESULFONIC ACID,麦克林,1 g,1,g,1,92.8,not_stocked,chenyichi,20250518
133395-16-1,双(三氟甲磺酰基)酰亚胺镁(II),Magnesium bis(trifluoromethylsulfonyl)imide,毕得,25 g,25,g,1,324.1,running_out,chenyichi,20250518
4894-75-1,4-苯基环己酮,4-Phenylcyclohexanot_stocked,毕得,5 g,5,g,1,14,not_stocked,chenyichi,20250518
536-38-9,2-溴-4'-氯苯乙酮,2-Bromo-4′-chloroacetophenot_stocked,毕得,5g,5,g,1,24.5,not_stocked,huwenshu,20250519
619-41-0,2-溴-4'-甲基苯乙酮,2-Bromo-1-(p-tolyl)ethanot_stocked,毕得,1 g,1,g,1,21,not_stocked,huwenshu,20250519
57842-27-0,"苯并[d][1,3]二硫戊环-1-鎓四氟硼酸盐","Benzo[d][1,3]dithiol-1-ium tetrafluoroborate",安耐吉,1 g,1,g,1,90.3,not_stocked,huzhibin,20250519
10031-26-2,溴化铁(III),Iron(III) bromide,毕得,10g,10,g,1,18.9,not_stocked,huzhibin,20250519
3598-14-9,苯氧基乙腈,Phenoxyacetonitrile,毕得,5g,5,g,1,84,not_stocked,huzhibin,20250519
1706-11-2,"2-甲氧基-1,4-二甲基苯","2,5-DIMETHYLANISOLE",毕得,5g,5,g,1,16.8,not_stocked,tangshuyuan,20250519
530-44-9,4-二甲基氨基苯并苯基酮,4-(Dimethylamino)benzophenot_stocked,毕得,1g,1,g,1,18.2,not_stocked,tangshuyuan,20250519
92-53-5,4-苯基吗啉,4-Phenylmorpholine,毕得,5g,5,g,1,16.1,running_out,tangshuyuan,20250519
7524-52-9,L-色氨酸甲酯盐酸盐,H-Trp-OMe.HCl,毕得,25 g,25,g,1,18.9,running_out,zhaoxinyi,20250519
14907-27-8,(R)-2-氨基-3-(1H-吲哚-3-基)丙酸甲酯盐酸盐,H-D-Trp-OMe.HCl,毕得,25 g,25,g,1,25.9,not_stocked,zhaoxinyi,20250519
20769-85-1,2-溴-2-甲基丙酰溴,2-Bromo-2-methylpropionylbromide,毕得,25 g,25,g,1,18.9,not_stocked,chenyichi,20250520
100-66-3,苯甲醚,Anisole,安耐吉,100 mL*2,100,ml,2,40,common_public,chenyichi,20250520
18598-74-8,L-异亮氨酸甲酯盐酸盐,H-Ile-OMe.HCl,毕得,25 g,25,g,1,25.2,running_out,mengjunhong,20250520
126752-51-0,十钨(VI)酸钠,Sodium tungstate(VI),毕得,250mg,250,mg,1,375.2,running_out,mengjunhong,20250520
109-99-9,"四氢呋喃, 色谱级 ","Tetrahydrofuran (Inhibitor Free),for HPLC, ≥99.8%",innochem（伊诺凯）,4L*4,4,l,4,375,not_stocked,tanhui,20250520
1975/9/2,"二氯甲烷, 色谱级 ","Dichloromethane,for HPLC, ≥99.9%",innochem（伊诺凯）,4L*4,4,l,4,250,not_stocked,tanhui,20250520
1975/5/8,"乙腈, 梯度级 ","Acetonitrile, gradient grade, for HPLC, ≥99.9%",innochem（伊诺凯）,4L*4,4,l,4,270,not_stocked,tanhui,20250520
,多聚甲醛,Paraformaldehyde,MREDA,500 g,500,g,1,18,running_out,zhaobinzhi,20250520
1125-88-8,苯甲醛二甲缩醛,Benzaldehyde dimethyl acetal,安耐吉,25ml,25,mL,1,20,not_stocked,huzhibin,20250520
93-58-3,苯甲酸甲酯,Methyl benzoate,安耐吉,100ml,100,mL,1,14,not_stocked,huzhibin,20250520
13599-84-3,6-羟基苯并噻唑,6-Hydroxybenzothiazole,毕得医药,2g,2,g,1,141.4,running_out,huangyilei,20250520
580-16-5,6-羟基喹啉, 6-Hydroxyquinoline,毕得医药,5g,5,g,1,23.8,running_out,huangyilei,20250520
434958-85-7,N-Boc-5-羟基吲哚,N-Boc-5-Hydroxyindole,毕得医药,2.5g,2.5,g,1,295.4,running_out,huangyilei,20250520
68109-03-5,四丁基铵十钨酸盐,Tetrabutylammonium decatungstate,毕得,1 g,1,g,1,144.9,not_stocked,chenyichi,20250521
937-14-4,3氯过氧苯甲酸 ,"3-Chloroperoxybenzoic acid, 75%",伊诺凯,25 g,25,g,1,32,not_stocked,shihongwei,20250521
7553-56-2,碘单质,Iodine,Amethyst,100 g,100,g,1,165.75,running_out,sunyichen,20250521
7718-98-1,氯化钒(III),Vanadium(III) chloride,安耐吉,1g,1,g,1,28,not_stocked,liangyiqi,20250521
7790-86-5,"氯化铈,无水",Cerous chloride,aladdin,5g,5,g,1,29,not_stocked,liangyiqi,20250521
152459-95-5,N-(4-甲基-3-((4-(吡啶-3-基)嘧啶-2-基)氨基)苯基)-4-((4-甲基哌嗪-1-基)甲基)苯甲酰胺,"N-(4-Methyl-3-((4-(pyridin-3-yl)pyrimidin-2-yl)amino)phenyl)-4-((4-methylpiperazin-1-yl)methyl)benzamide
",毕得,5 g,5,g,1,39.2,not_stocked,chenyichi,20250521
873-55-2,苯亚磺酸钠,Sodium benzenesulfinate,安耐吉,25 g,25,g,1,7,not_stocked,huzhibin,20250522
95-14-7,苯并三氮唑,1H-Benzotriazole,安耐吉,25 g,25,g,1,7,not_stocked,huzhibin,20250522
94-97-3,"5-氯-1H-苯并[d] [1,2,3]三唑","5-Chloro-1H-benzo[d][1,2,3]triazole",毕得,25 g,25,g,1,24.5,not_stocked,huzhibin,20250522
1309-48-4,氧化镁,Calcium oxide,毕得,100g,100,g,1,17.5,not_stocked,huzhibin,20250522
1305-78-8,氧化钙,Magnesium oxide,毕得,100g,100,g,1,37.1,not_stocked,huzhibin,20250522
811-98-3,氘代甲醇,Methanol-D4,百灵威J&K,246,,,1,20,not_stocked,huwenshu,20250524
3680-69-1,"4-氯-7H-吡咯并[2,3-d]嘧啶","4-Chloro-7H-pyrrolo[2,3-d]pyrimidine",毕得,5 g,5,g,1,25.2,not_stocked,chenyichi,20250524
65-28-1,"3-(((4,5-二氢-1H-咪唑-2-基)甲基)(对甲苯基)氨基)苯酚 甲磺酸盐","3-(((4,5-Dihydro-1H-imidazol-2-yl)methyl)(p-tolyl)amino)phenol methanesulfonate",毕得医药,1g,1,g,1,408.1,running_out,huangyilei,20250524
7757-83-7,亚硫酸钠,Sodium sulfite,毕得医药,500 g,500,g,1,22.4,running_out,huzhibin,20250525
2926-29-6,三氟甲基亚磺酸钠,Sodium trifluoromethanesulfinate,毕得医药,25 g,25,g,1,25.2,running_out,huzhibin,20250525
7778-53-2,磷酸钾,Potassium phosphate,毕得医药,100g,100,g,1,36.4,not_stocked,huangyilei,20250525
30525-89-4,多聚甲醛," Paraformaldehyde, 96%, extra pure",安耐吉,100g,100,g,1,20,not_stocked,huzhibin,20250525
6136-93-2,二乙氧基乙腈,"2,2-Diethoxyacetonitrile",毕得医药,5g,5,g,1,18.2,not_stocked,huzhibin,20250525
57842-27-0,"苯并[d][1,3]二硫戊环-1-鎓四氟硼酸盐","Benzo[d][1,3]dithiol-1-ium tetrafluoroborate",安耐吉,5 g,5,g,1,385,running_out,huzhibin,20250525
1975/5/8,乙腈 HPLC,Acetonitrile HPLC HPLC,百灵威/通广,4 L *2,4,l,2,238,running_out,zhaoxinyi,20250526
107-06-2,"	1,2-二氯乙烷（超干）","1,2-Dichloroethane SuperDry",百灵威,200 mL,200,mL,1,68,running_out,mengjunhong,20250526
61-73-4,亚甲基蓝,Methylene Blue,MREDA,5g,5,g,1,12.5,not_stocked,wangyihan,20250526
609-71-2,2-羟基烟酸,2-Hydroxynicotinic acid,毕得,100g,100,g,1,64.4,not_stocked,xuguofeng,20250526
15506-18-0,2-氧代-1-甲基-烟酸,3-pyridinecarboxylic acid,毕得,250 mg,250,mg,1,38.5,not_stocked,xuguofeng,20250526
115122-63-9,"2-羟基-6,7-二氢-5H-环戊烷[B]吡啶-3-羧酸","2-Hydroxy-6,7-dihydro-5H-cyclopenta[b]pyridine-3-carboxylicacid",毕得,250 mg,250,mg,1,85.4,not_stocked,xuguofeng,20250526
4383/8/8,2-甲基-1-苯基-2-丙烯-1-醇,2-METHYL-1-PHENYL-2-PROPEN-1-OL,赛默飞,5g,5,g,1,582,not_stocked,huzhibin,20250527
39860-12-3,"1,5-二甲基-2-氨基苯并咪唑","1,5-Dimethyl-1H-benzo[d]imidazol-2-amine",毕得,100MG,100,mg,1,142.8,not_stocked,huwenshu,20250527
57667-50-2,1-丙基-1H-苯并[d]咪唑-2-胺,1-Propyl-1H-benzo[d]imidazol-2-amine,毕得,100mg,100,mg,1,204.4,not_stocked,huwenshu,20250527
122-78-1,苯乙醛,Phenylacetaldehyde,aladdin,25ml,25,mL,1,30.34,not_stocked,huzhibin,20250527
7605-30-3,2-(苯磺酰基)乙酸乙酯,Ethyl 2-(phenylsulfonyl)acetate,毕得,10g,10,g,1,35.7,not_stocked,huzhibin,20250527
144026-79-9,三氟甲烷磺酸钪,Scandium trifluoromethanesulfonate,希恩斯,5g,5,g,1,33.15,running_out,huzhibin,20250528
88189-03-1,三氟甲烷磺酸铋,Bismuth trifluoromethanesulfonate,希恩斯,5g,5,g,1,29.9,not_stocked,huzhibin,20250528
52093-30-8,三氟甲烷磺酸钇(III),Yttrium(III) trifluoromethanesulfonate,希恩斯,5g,5,g,1,30.1,not_stocked,huzhibin,20250528
63295-48-7,三氟甲烷磺酸铁(III),Iron(III) trifluoromethanesulfonate,希恩斯,5g,5,g,1,19.5,common_public,huzhibin,20250528
59163-91-6,三氟甲烷磺酸亚铁(II),Iron(II) trifluoromethanesulfonate,希恩斯,5g,5,g,1,37.7,common_public,huzhibin,20250528
54761-04-5,三氟甲烷磺酸镱(III),Ytterbium(III) trifluoromethanesulfonate,希恩斯,5g,5,g,1,19.5,not_stocked,huzhibin,20250528
2158-14-7,对乙酰氨基苯磺酰叠氮,4-Acetamidobenzenesulfonyl azide,希恩斯,100g,100,g,1,143,running_out,huzhibin,20250528
141556-45-8,"1,3-双(2,4,6-三甲基苯基)氯化咪唑 ","1,3-Bis(2,4,6-trimethylphenyl)imidazolium chloride",毕得,5 g,5,g,1,62.3,running_out,huzhibin,20250528
626-72-2,L-高胱氨酸,(H-HoCys-OH)2,毕得,5 g,5,g,1,56.7,not_stocked,wangxi,20250529
920-66-1,,"1,1,1,3,3,3-Hexafluoropropan-2-ol",毕得,100 g x2,100,g,2,32.2,running_out,wangxi,20250529
6240/11/5,1-金刚烷乙醇,1-Adamantaneethanol,毕得,5 g,5,g,1,118.3,running_out,wangxi,20250520
57667-50-2,1-丙基-1H-苯并[d]咪唑-2-胺,1-Propyl-1H-benzo[d]imidazol-2-amine,毕得,100mg,100,mg,1,204.4,running_out,huwenshu,20250529
39860-12-3,"1,5-二甲基-2-氨基苯并咪唑","1,5-Dimethyl-1H-benzo[d]imidazol-2-amine",毕得,100mg,100,mg,1,142.8,running_out,huwenshu,20250529
1622-57-7,1-甲基-1H-苯并[d]咪唑-2-胺,1-Methyl-1H-benzo[d]imidazol-2-amine,毕得,1g,1,g,1,46.9,running_out,huwenshu,20250529
288315-03-7,"3,3-二氟三甲叉亚胺 盐酸盐","3,3-DIFLUOROAZETIDINE HYDROCHLORIDE",毕得,250 mg,250,mg,1,18.9,not_stocked,xuguofeng,20250530
936850-33-8,3-甲基-3-氰基氮杂环丁烷盐酸盐,3-METHYL-3-AZETIDINECARBONITRILE HYDROCHLORIDE,毕得,250 mg,250,mg,1,67.2,running_out,xuguofeng,20250530
1427379-42-7,3-氟-3-甲基氮杂环丁烷盐酸盐,3-Fluoro-3-Methylazetidine hydrochloride,毕得,250 mg,250,mg,1,135.8,not_stocked,xuguofeng,20250530
163457-23-6,"3,3-二氟吡咯烷盐酸","3,3-DIFLUOROPYRROLIDINE HYDROCHLORIDE",毕得,250 mg,250,mg,1,16.1,not_stocked,xuguofeng,20250530
1050477-31-0,"S)-4-(4-氰基-2-甲氧基苯基)-5-乙氧基-2,8-二甲基-1,4-二氢-1,6-萘啶-3-甲酰胺","methoxyphenyl)-5-ethoxy-2,8-dimethyl-1,4-dihydro-1,6-naphthyridine-3-carboxamide",安耐吉,1 g,1,g,1,111.3,not_stocked,huwenshu,20250530
10034-81-8,高氯酸镁,Magnesium perchlorate,安耐吉,25g,25,g,1,97.3,not_stocked,sunyichen,20250531
620-08-6,"4-甲氧基吡啶
","4-Methoxypyridine
",jk,5 g,5,g,1,135,not_stocked,zhuminghui,20250531
100-86-7,2甲基1苯基2丙醇,2-Methyl-1-phenyl-2-propanol,百灵威,25 g,25,g,1,40.8,not_stocked,huzhibin,20250601
150529-93-4,"(R,R)-2,2’-异丙亚基双(4-苯基-2-噁唑啉)","(R,R)-2,2-Isopropylidenebis(4-phenyl-2-oxazoline)",毕得,1 g,1,g,1,244.3,not_stocked,huzhibin,20250601
598-54-9,乙酸亚铜,Copper(I) acetate,希恩斯,1 g,1,g,1,59.5,not_found,huzhibin,20250601
130995-12-9,(4-氟苯乙炔)三甲基硅烷 ,(4-Fluorophenylethynyl)Trimethylsilane,Adamas,1ml,1,mL,1,98,not_stocked,shihongwei,20250602
4526/7/2,"1,4-双(三甲基甲硅烷基)-1,3-丁二炔 ","1,4-Bis(trimethylsilyl)buta-1,3-diyne",毕得,5 g,5,g,1,153.3,not_stocked,shihongwei,20250602
18163-47-8,(碘炔基)三甲基硅烷 ,(Iodoethynyl)trimethylsilane,毕得,5g,5,g,1,56.7,not_stocked,shihongwei,20250602
83140-96-9,2-甲基-3-(1H-吡咯-1-基)苯甲酸 ,2-Methyl-3-(1H-pyrrol-1-yl)benzoic acid,毕得医药,250mg,250,mg,1,415.1,not_stocked,zhuminghui,20250602
166599-84-4,苯并呋喃-4-甲酸, Benzofuran-4-carboxylic acid,毕得,250mg,250,mg,1,266,not_stocked,zhuminghui,20250602
90871-47-9,2-氨基-1-异丙基苯并咪唑,2-Amino-1-isopropylbenzimidazole,毕得,1 g,1,g,1,277.2,running_out,huwenshu,20250602
533-58-4,2-碘苯酚 ,2-Iodophenol,毕得,10 g,10,g,1,21.7,not_stocked,shihongwei,20250602
2374/5/2,"4-溴-2,6-二甲基苯酚","4-Bromo-2,6-dimethylphenol",希恩思,100 g,100,g,1,157.3,not_stocked,shihongwei,20250602
2987-16-8,"3,3二甲基丁醛","3,3-dimethylbutanal",百灵威,25ML,25,mL,1,77.35,not_stocked,huzhibin,20250602
7677-24-9,三甲基氰硅烷,Trimethylsilyl Cyanide,毕得,25 g,25,g,1,18.9,running_out,huzhibin,20250602
5697-44-9,对甲苯磺酰乙腈,p-Toluenesulfonylacetonitrile,毕得,5g,5,g,1,19.6,not_stocked,sunyichen,20250603
29166-72-1,"2-叔丁基-1,1,3,3-四甲基胍","2-(tert-Butyl)-1,1,3,3-tetramethylguanidine",毕得,10g,10,g,1,46.9,not_stocked,huzhibin,20250602
79-55-0,"1,2,2,6,6-五甲基哌啶","1,2,2,6,6-Pentamethylpiperidine",毕得,5g,5,g,1,60.9,not_stocked,huzhibin,20250602
14447-18-8,2-氰基乙酸苄酯,Benzyl cyanoacetate,毕得,5 g*2,5,g,2,47.6,not_stocked,huzhibin,20250602
764-42-1,"反式-1,2-二氰基乙烯",Fumaronitrile,毕得,5g,5,g,1,60.2,running_out,huzhibin,20250602
618-32-6,,,毕得医药,5 g,5,g,1,62.3,not_stocked,zhaobinzhi,20250603
12125-02-9,氯化铵,Ammonium Chloride,泰坦,500 g*2,500,g,2,14,common_public,huzhibin,20250602
1643-19-2,四丁基溴化铵,Tetrabutylammonium Bromide,安耐吉,100 g,100,g,1,14,not_found,huzhibin,20250602
169309-80-2,2-叔丁基顺丁烯二腈,cis-2-(tert-Butyl)maleonitrile,毕得,5g,5,g,1,176.4,not_stocked,huzhibin,20250602
2605-67-6,"
甲氧甲酰基亚甲基三苯基膦",Methyl (triphenylphosphoranylidene)acetate,毕得,100g,100,g,1,51.8,high_usage,sunyichen,20250603
7757-82-6,"硫酸钠,无水",Sodium Sulfate AR,Greagent,500g*5,500,g,5,11,common_public,huzhibin,20250605
118-42-3,2-[[4-[(7-氯喹啉-4-基)氨基]戊基](乙基)氨基]乙醇,2-((4-((7-Chloroquinolin-4-yl)amino)pentyl)(ethyl)amino)ethanol,毕得,38.5,,,1,1,running_out,chenyichi,20250605
108-36-1,"1,3-二溴苯","1,3-Dibromobenzene",毕得,18.9,,,1,25,not_stocked,chenyichi,20250605
541-73-1,"1,3-二氯苯","1,3-Dichlorobenzene",安耐吉,14,,,1,25,not_stocked,chenyichi,20250605
462-06-6,氟苯,Fluorobenzene,安耐吉,20,,,1,25,not_stocked,chenyichi,20250605
1109-15-5,三(五氟苯基)硼烷,Tris(perfluorophenyl)borane,毕得,1g,1,g,1,49.7,running_out,huzhibin,20250605
84030-20-6,"7-甲基-1,5,7-三氮杂二环[4.4.0]癸-5-烯","7-Methyl-1,5,7-triazabicyclo[4.4.0]dec-5-ene",毕得,1g,1,g,1,69.3,not_stocked,huzhibin,20250605
470478-90-1,5-(4-Boc-1-哌嗪基)苯硼酸频哪醇酯,"tert-Butyl 4-(4-(4,4,5,5-tetramethyl-1,3,2-dioxaborolan-2-yl)phenyl)piperazine-1-carboxylate",毕得,25 g,25,g,1,675.5,running_out,wangchao,20250604
183208-35-7,5-溴-7-氮杂吲哚," 5-Bromo-1H-pyrrolo[2,3-b]pyridine",毕得,100g,100,g,1,308,not_stocked,wangchao,20250527
1193-62-0,2-吡咯羧酸甲酯,Methyl 2-pyrrolecarboxylate,毕得,1g,1,g,1,15.4,running_out,tangshuyuan,20250607
431-03-8,丁二酮,"	2,3-Butanedione",阿拉丁,100ml,100,mL,1,47.92,not_stocked,tangshuyuan,20250607
10034-81-8,高氯酸镁,Magnesium Perchlorate,Adamas,25g,25,g,1,112.5,not_stocked,sunyichen,20250607
654663-32-8,3-甲氧基-4-吡啶羧酸,3-METHOXY-4-PYRIDINECARBOXYLIC ACID,毕得,250mg,250,mg,1,26.6,not_stocked,xuguofeng,20250609
10177-31-8,4-甲氧基烟酸,4-METHOXY-3-PYRIDINECARBOXYLIC ACID,毕得,250mg,250,mg,1,59.5,not_stocked,xuguofeng,20250609
855-38-9,三(4-甲氧苯基)膦,Tris(4-methoxyphenyl)phosphine,毕得,10g,10,g,1,55.3,not_stocked,huzhibin,20250609
922-67-8,丙炔酸甲酯,Methyl propiolate,毕得,10g,10,g,1,59.5,not_stocked,huzhibin,20250609
7681-82-5,碘化钠," Sodium iodide, 99%, for analysis",Amethyst,25G,25,g,1,45,not_stocked,tanhui,20250610
472-66-2,"2,6,6-三甲基-1-环己烯基乙醛 ","2,6,6-Trimethyl-1-cyclohexene-1-acetaldehyde",毕得医药,1 g,1,g,1,374.5,not_stocked,tanhui,20250610
533-58-4,2-碘苯酚 ,2-Iodophenol,毕得医药,10 g,10,g,1,21.7,not_stocked,tanhui,20250610
7664-41-7,氨 溶液, Ammonia solution,阿拉丁,100 ml,100,mL,1,66.32,not_stocked,tanhui,20250610
133395-16-1,双(三氟甲磺酰基)酰亚胺镁(II),Magnesium bis(trifluoromethylsulfonyl)imide,毕得,25 g,25,g,1,324.1,running_out,chenyichi,20250611
556-08-1,对乙酰氨基苯甲酸,4-Acetamidobenzoic acid,毕得,100 g,100,g,1,43.4,running_out,chenyichi,20250611
41717-32-2,苯并呋喃-2-甲腈 ,1-Benzofuran-2-carbonitrile,毕得,1 g,1,g,1,105.7,running_out,chenyichi,20250611
1126-00-7,1-苯基吡唑,1-Phenylpyrazole,毕得,5 g,5,g,1,31.5,running_out,chenyichi,20250611
13436-48-1,1-甲基吲唑,1-Methyl-1H-indazole,毕得,1 g,1,g,1,118.3,not_stocked,chenyichi,20250611
271-44-3,吲唑,1H-Indazole,毕得,5 g,5,g,1,25.2,not_stocked,chenyichi,20250611
118-42-3,2-[[4-[(7-氯喹啉-4-基)氨基]戊基](乙基)氨基]乙醇,2-((4-((7-Chloroquinolin-4-yl)amino)pentyl)(ethyl)amino)ethanol,毕得,1 g,1,g,1,38.5,running_out,chenyichi,20250611
38922-77-9,"咪唑并[1,2-a]吡啶-2-甲酸乙酯","IMIDAZO[1,2-A]PYRIDINE-2-CARBOXYLIC ACID ETHYL ESTER",毕得,1g,1,g,1,40.6,running_out,chenyichi,20250611
1805-02-3,1-甲基-2-氨基-5-甲氧基苯并咪唑,2-Amino-5-methoxy-1-methylbenzimidazole,毕得,500mg,500,mg,1,266,running_out,huwenshu,20250612
33100-27-5,"1,4,7,10,13-五氧杂环十五烷","1,4,7,10,13-Pentaoxacyclopentadecane",毕得,10 g,10,g,1,25.2,not_stocked,huzhibin,20250612
23391-99-3,4，4'-双环己酮,"
[1,1'-Bi(cyclohexane)]-4,4'-dione",tci,25 g,25,g,1,288,running_out,yanglicheng,20250613
161118-67-8,(叔丁基亚氨基)三(吡咯烷)膦,2-Methyl-N-(tri(pyrrolidin-1-yl)phosphoranylidene)propan-2-amine,毕得,1 g,1,g,1,342.3,not_stocked,huzhibin,20250613
811-98-3,D4 氘代甲醇,Methanol-d4,伊诺凯,0.6 mL*10*3,,,1,270,not_stocked,chenyichi,20250613
107-13-1,丙烯腈,Acrylonitrile,阿拉丁,25ml,25,mL,1,23.92,not_stocked,huzhibin,20250613
75-30-9,碘代异丙烷,2-Iodopropane,阿拉丁,25G,25,g,1,48.72,not_stocked,huzhibin,20250613
7440-66-6,锌粉,zinc,阿拉丁,100g,100,g,1,259.9,not_stocked,huzhibin,20250613
7647-01-0,盐酸,Hydrochloric acid,现代东方,500ml*4,500,ml,4,16,running_out,huzhibin,20250613
60-29-7,无水乙醚,Diethyl ether absolute,通广,500 ml*6,500,ml,6,18,running_out,huzhibin,20250613
598-54-9,乙酸亚铜,Copper(I) Acetate,adamas,1g,1,g,1,95.25,not_stocked,huzhibin,20250613
42152-46-5,三氟甲烷磺酸铜(I)与苯的络合物,Copper(I) trifluoromethanesulfonate benzene complex,毕得,1g,1,g,1,67.9,not_stocked,huzhibin,20250613
142946-79-0,"4,4'-双(三氟甲基)-2,2'-联吡啶","4,4'-Bis(trifluoromethyl)-2,2'-bipyridine",毕得,250mg,250,mg,1,47.6,not_stocked,huzhibin,20250613
143-16-8,二己胺,Dihexylamine,毕得医药,100g,100,g,1,49,not_stocked,huangyilei,20250613
27421-51-8,1-甲基吲哚-2-甲醛,1-METHYLINDOLE-2-CARBOXALDEHYDE  97,毕得医药,250mg,250,mg,1,44.1,running_out,tangshuyuan,20250616
948-65-2,2-苯基吲哚,2-Phenyl-1H-indole,毕得医药,100g,100,g,1,30.8,not_stocked,tangshuyuan,20250616
867-13-0,膦酰基乙酸三乙酯, Ethyl 2-(diethoxyphosphoryl)acetate,"	毕得医药",500 g,500,g,1,81.9,running_out,tanhui,20250618
7646-69-7,氢化钠 ,Sodium Hydride,Adamas,100g,100,g,1,33.75,running_out,tanhui,20250618
917-54-4,"甲基锂, 1.6M 乙醚溶液 ","Methyllithium, 1.6M in diethyl ether, in resealable bottle",innochem（伊诺凯）,100mL,100,mL,1,200,running_out,tanhui,20250618
18650-39-0,(S)-哌啶-2-甲酸甲酯盐酸盐,H-HOMOPRO-OME HCL,毕得,5g,5,g,1,55.3,not_stocked,xuguofeng,20250618
876-08-4,"
4-(氯甲基)苯甲酰氯","
4-(Chloromethyl)benzoyl chloride",毕得,25g,25,g,1,29.4,not_stocked,xuguofeng,20250618
110-85-0,哌嗪,Piperazine,安耐吉,100g,100,g,1,25,not_stocked,xuguofeng,20250618
75-52-5,硝基甲烷,Nitromethane,通广,500 mL,500,mL,1,193,running_out,chenyichi,20250619
60-29-7,乙醚,Diethyl Ether,通广,500ml*2,500,ml,2,35,running_out,chenyichi,20250619
6192-13-8,醋酸钕,Neodymium acetate,欣恒研,25g,25,g,1,85.6,not_stocked,huangyilei,20250621
122536-77-0,(R)-3-叔丁氧羰基氨基吡咯烷,(R)-tert-Butyl pyrrolidin-3-ylcarbamate,毕得,5g,5,g,1,66.5,not_stocked,xuguofeng,20250622
4530-20-5,N-Boc-甘氨酸,Boc-Gly-OH,毕得,100g,100,g,1,44.1,not_stocked,xuguofeng,20250622
15761-39-4,(S)-1-(叔丁氧羰基)吡咯烷-2-羧酸?,?(S)-1-(tert-Butoxycarbonyl)pyrrolidine-2-carboxylic acid,毕得,100g,100,g,1,26.6,not_stocked,xuguofeng,20250622
200124-22-7,"(S)-2-((叔丁氧羰基)氨基)-5-(3-((2,2,4,6,7-五甲基-2,3-二氢苯并呋喃-5-基)磺酰基)胍基)戊酸","(S)-2-((tert-Butoxycarbonyl)amino)-5-(3-((2,2,4,6,7-pentamethyl-2,3-dihydrobenzofuran-5-yl)sulfonyl)guanidino)pentanoic acid",毕得,5g,5,g,1,31.5,not_stocked,xuguofeng,20250622
50413-24-6,2-溴-1-(4-甲磺酰基)苯乙酮,2-Bromo-1-(4-(methylsulfonyl)phenyl)ethanot_stocked,毕得,1g,1,g,1,21,not_stocked,huwenshu,20250622
37904-72-6,2-溴-1-(4-(二甲基氨基)苯基)乙酮,2-Bromo-1-(4-(dimethylamino)phenyl)ethanot_stocked,毕得,250mg,250,mg,1,100.8,not_stocked,huwenshu,20250622
42445-46-5,2-溴-1-(4-(甲硫基)苯基)乙酮,2-Bromo-1-(4-(methylthio)phenyl)ethanot_stocked,毕得,250mg,250,mg,1,86.1,running_out,huwenshu,20250622
903550-26-5,1-(2-四氢吡喃基)-1H-吡唑-5-硼酸频哪酯,"-(Tetrahydro-2H-pyran-2-yl)-5-(4,4,5,5-tetramethyl-1,3,2-dioxaborolan-2-yl)-1H-pyrazole",毕得,10g,10,g,1,31.5,running_out,xuguofeng,20250624
14221-01-3,四(三苯基膦)钯,Tetrakis(triphenylphosphine)palladium,毕得,5g,5,g,1,243.6,running_out,xuguofeng,20250624
89976-12-5,2-甲基-5-硝基三氟甲苯,-Methyl-4-nitro-2-(trifluoromethyl)benzene,毕得,5g,5,g,1,23.1,not_stocked,xuguofeng,20250624
231277-92-2,N-[3-氯-4-[(3-氟苯基)甲氧基]苯基]-6-[5-[(2-甲磺酰乙基氨基)甲基]-2-呋喃基]喹唑啉-4-胺,N-(3-Chloro-4-((3-fluorobenzyl)oxy)phenyl)-6-(5-(((2-(methylsulfonyl)ethyl)amino)methyl)furan-2-yl)quinazolin-4-amine,毕得,1 g,1,g,1,286.3,not_stocked,wangxi,20250625
870987-63-6,"二[2-(2,4-二氟苯基)-5-三氟甲基吡啶][2-2'-联(4-叔丁基吡啶)]铱六氟磷酸盐 ",Ir[dF(CF3)ppy]2(dtbbpy)PF6,毕得,100 mg,100,mg,1,102.2,not_stocked,wangxi,20250625
830-79-5,"2,4,6-三甲氧基苯甲醛 ","2,4,6-Trimethoxybenzaldehyde",毕得,1 g,1,g,1,21,not_stocked,wangxi,20250625
57775-06-1,2-(2-溴苯基)-2-甲基丙腈,2-(2-Bromophenyl)-2-methylpropanenitrile,毕得,1 g,1,g,1,287,not_stocked,wangxi,20250625
27025-41-8,"	(2S,2'S)-5,5'-(((2R,2'R)-二硫二基双(1-((羧甲基)氨基)-1-氧代丙-3,2-二基))双(氮杂二基)双(2-氨基-5-氧代戊酸)","	(2S,2'S)-5,5'-(((2R,2'R)-Disulfanediylbis(1-((carboxymethyl)amino)-1-oxopropane-3,2-diyl))bis(azanediyl))bis(2-amino-5-oxopentanoic acid)",毕得, 5 g,5,g,1,92.4,not_stocked,wangxi,20250625
100-17-4,4-硝基苯甲醚,4-Nitroanisole,安耐吉,25 g,25,g,1,32.2,not_stocked,chenyichi,20250625
112246-73-8,(+)二异松蒎基氯硼烷?,(+)-B-Chlorodiisopinocampheylborane,虹湖联合,25ml,25,mL,1,77.92,not_stocked,xuguofeng,20250626
95-76-1,"3,4-二氯苯胺","3,4-Dichloroaniline","
安耐吉",25 g,25,g,1,14,running_out,xingyihong,20250627
1976/5/1,三氟乙酸,Trifluoroacetic Acid,Adamas,500g,500,g,1,116,not_stocked,zhaobinzhi,20250628
108-18-9,二异丙胺,Diisopropylamine,Adamas,500ml,500,mL,1,38,not_stocked,zhaobinzhi,20250628
112-38-9,,,毕得医药,100g,100,g,1,25.9,running_out,zhaobinzhi,20250628
16853-85-3,氢化铝锂,Lithium aluminium hydride,安耐吉,25g,25,g,1,97.3,not_stocked,zhaobinzhi,20250628
2365-48-2,巯基乙酸甲酯,Methyl 2-mercaptoacetate,毕得医药,100g,100,g,1,54.6,not_stocked,zhaobinzhi,20250628
19169-90-5,((溴甲基)磺酰基)苯,Bromomethylphenylsulfone,毕得医药,5g,5,g,1,446.6,not_stocked,huzhibin,20250629
590-17-0,2-溴乙腈,2-Bromoacetonitrile,毕得医药,25g,25,g,1,25.2,running_out,huzhibin,20250629
1148-79-4,"2,2':6',2""-三联吡啶","2,2':6',2''-Terpyridine",毕得医药,1 g,1,g,1,49.7,not_stocked,huzhibin,20250629
34622-08-7,三氟甲磺酸钕,Neodymium(III) trifluoromethanesulfonate,欣恒研,5g,5,g,1,88,not_stocked,huangyilei,20250630
10024-93-8,氯化钕(Ⅲ) ,Neodymium(III) chloride,欣恒研,10g,10,g,1,43.2,not_stocked,huangyilei,20250630
17084-13-8,六氟磷酸钾,Potassiumhexafluorophosphate,乐研,25g,25,g,1,17.5,not_stocked,zhaobinzhi,20250701
24544-04-5,"2,6-二异丙基苯胺","2,6-Diisopropylaniline",毕得医药,100g,100,g,1,20.3,not_found,zhaobinzhi,20250701
637-87-6,1-氯-4-碘苯,1-Chloro-4-iodobenzene,毕得医药,25g,25,g,1,23.1,not_stocked,zhaobinzhi,20250701
140681-55-6,N-氟-N'-(氯甲基)三乙二胺双(四氟硼酸盐),N-Fluoro-N'-(chloromethyl)triethylenediamine Bis(tetrafluoroborate),伊诺凯,100 g *2,100,g,2,136,running_out,chenyichi,20250701
25812-30-0,吉非罗齐,Gemfibrozil,毕得,25,,,1,66.5,running_out,tangshuyuan,20250701
624-75-9,2-碘乙腈,2-Iodoacetonitrile,毕得,5 g,5,g,1,58.8,running_out,huzhibin,20250702
13635-04-6,3-羟基-3-甲基丁腈,3-Hydroxy-3-methylbutanenitrile,毕得,5 g,5,g,1,254.8,not_stocked,huzhibin,20250702
62718-31-4,1-苄基-4-氰基哌啶,1-BENZYLPIPERIDINE-4-CARBONITRILE,毕得,5g,5,g,1,192.5,not_stocked,xuguofeng,20250702
,四丁基铵十钨酸盐,Tetrabutylammonium decatungstate,毕得,1g,1,g,1,144,not_stocked,yuyihan,20250703
63086-36-2,N-苄基氨基乙腈盐酸盐,N-Benzylaminoacetonitrile hydrochloride,希恩斯,5 g,5,g,1,315.25,not_stocked,huzhibin,20250703
87199-14-2,2-羟甲基苯硼酸, (2-(Hydroxymethyl)phenyl)boronic acid,毕得,25 g,25,g,1,191.1,running_out,shihongwei,20250703
13965-03-2,双(三苯基膦)二氯化钯,Bis(triphenylphosphine)palladium(II) chloride,innochem,5 g,5,g,1,320,running_out,shihongwei,20250703
18163-47-8,(碘炔基)三甲基硅烷,Iodoethynyl)trimethylsilane,毕得,5 g,5,g,1,56.7,running_out,shihongwei,20250703
1485-70-7,N-苄基苯甲酰胺,N-Benzylbenzamide,毕得,25g,25,g,1,102.2,degraded,huzhibin,20250703
7646-69-7,氢化钠,Sodium hydride,阿拉丁,25g,25,g,1,23.92,not_stocked,huzhibin,20250703
619-45-4,4-氨基苯甲酸甲酯,"	Methyl 4-aminobenzoate",毕得,25g,25,g,1,25.9,not_stocked,hanshuai,20250704
71026-66-9,N-Boc-对苯二胺,N-Boc-p-phenylenediamine,毕得,5g,5,g,1,27.3,not_stocked,hanshuai,20250704
623-09-6,N-甲基对苯二胺 ,"N1-Methylbenzene-1,4-diamine",毕得,250mg,250,mg,1,193.2,not_stocked,hanshuai,20250704
87-13-8,乙氧基甲叉丙二酸二乙酯,Diethyl 2-(ethoxymethylene)malonate,毕得,100g,100,g,1,41.3,not_stocked,hanshuai,20250704
1145-80-8,N-Cbz-L-丝氨酸,Z-Ser-OH,毕得,5g,5,g,1,19.6,not_stocked,wangxi,20250704
7432-21-5,(S)-2-(((苄氧基)羰基)氨基)-3-(1H-吲哚-3-基)丙酸,(S)-2-(((Benzyloxy)carbonyl)amino)-3-(1H-indol-3-yl)propanoic acid,毕得,25 g,25,g,1,30.8,not_stocked,wangxi,20250704
34301-54-7,1-金刚烷硫醇,Adamantane-1-thiol,毕得,1 g,1,g,1,18.2,not_stocked,wangxi,20250704
873-74-5,对氨基苯腈,4-Aminobenzonitrile,毕得,100 g,100,g,1,35,not_stocked,hanshuai,20250704
866546-09-0,,,毕得医药,5g,5,g,1,187.6,not_stocked,wangkaixuan,20250704
7681-11-0,碘化钾,Potassium iodide,毕得,25g,25,g,1,27.8,not_stocked,huzhibin,20250704
10544-50-0,,Octathiocane,毕得,1g,1,g,1,109,running_out,yuyihan,20250706
611-94-9,4-甲氧基二苯甲酮,(4-Methoxyphenyl)(phenyl)methanot_stocked,毕得,100 g,100,g,1,34.3,not_stocked,chenyichi,20250706
1485-70-7,N-苄基苯甲酰胺,N-Benzylbenzamide,毕得,5 g,5,g,1,28,running_out,chenyichi,20250706
108438-43-3,1-甲基-1H-吲哚-3-甲酸甲酯,Methyl 1-methyl-1H-indole-3-carboxylate,毕得,1 g,1,g,1,31.5,not_stocked,chenyichi,20250706
5231-96-9,2-乙酰胺基吡啶,2-Acetamidopyridine,毕得,1 g,1,g,1,116.9,not_stocked,chenyichi,20250706
274-95-3,"咪唑并[1,2-a]嘧啶","Imidazo[1,2-a]pyrimidine",毕得,1 g,1,g,1,53.2,running_out,chenyichi,20250706
6140-17-6,对甲基三氟甲苯,1-Methyl-4-(trifluoromethyl)benzene,毕得,5 g,5,g,1,21,not_stocked,chenyichi,20250706
874-90-8,4-甲氧基苯腈,4-Methoxybenzonitrile,毕得,10 g,10,g,1,23.1,not_stocked,chenyichi,20250706
402-52-8,4-三氟甲基苯甲醚,1-Methoxy-4-(trifluoromethyl)benzene,毕得,5 g,5,g,1,21,not_stocked,chenyichi,20250706
121-98-2,4-甲氧基苯甲酸甲酯,Methyl 4-methoxybenzoate,毕得,25 g,25,g,1,18.9,not_stocked,chenyichi,20250706
24662-37-1,1-甲基-1H-吲哚-3-甲腈,1-Methyl-1H-indole-3-carbonitrile,毕得,1 g,1,g,1,86.1,not_stocked,chenyichi,20250706
89-99-6,2-氟苄胺,2-Fluorobenzylamine,毕得,10 g,10,g,1,31.5,not_stocked,chenyichi,20250706
1993/3/9,2-氟苯硼酸,(2-Fluorophenyl)boronic acid,毕得,25 g,25,g,1,58.8,not_stocked,chenyichi,20250706
53066-19-6,"1-(2,6-二氯苯基)乙醇","1-(2,6-Dichlorophenyl)ethanol",毕得,5 g,5,g,1,107.8,not_stocked,chenyichi,20250706
5469-69-2,3-氨基-6-氯哒嗪,?3-Amino-6-chloropyridazine,毕得,25 g,25,g,1,18.9,not_stocked,chenyichi,20250706
1980/9/1,磺酰二苯酚(双酚S),"4,4'-Sulfonyldiphenol",毕得,100 g,100,g,1,16.8,not_stocked,chenyichi,20250706
1121-22-8,"反式-1,2-环己二胺","(+/-)-trans-1,2-Diaminocyclohexane",安耐吉,5mL,5,mL,1,16,not_stocked,liangyiqi,20250707
110-86-1,吡啶,Pyridine,通广,500mL,500,mL,1,46,not_stocked,liangyiqi,20250707
773-01-3,"2,4,6-三甲基吡喃鎓四氟硼酸盐","2,4,6-Trimethylpyrylium tetrafluoroborate",安耐吉,5g,5,g,1,88.9,running_out,liangyiqi,20250707
134-20-3,2-氨基苯甲酸甲酯,Methyl 2-aminobenzoate,毕得医药,100g,100,g,1,22.4,not_stocked,liangyiqi,20250707
870004-04-9,"4,4,5,5-四甲基-2-(4-乙烯基苯基)-1,3,2-二氧硼杂环戊烷","4,4,5,5-Tetramethyl-2-(4-vinylphenyl)-1,3,2-dioxaborolane",毕得医药,250mg,250,mg,1,29.4,not_stocked,liangyiqi,20250707
100-13-0,4-硝基苯乙烯,1-Nitro-4-vinylbenzene,毕得医药,1g,1,g,1,37.8,not_stocked,liangyiqi,20250707
101-32-6,"N,N-二(β-氯乙基)苄胺盐酸盐","2,2'-(BENZYLIMINO)DIETHANOL",毕得医药,5g,5,g,1,219.8,not_stocked,xuguofeng,20250708
5909-24-0,4-氯-2-甲硫基嘧啶-5-羧酸乙酯,Ethyl 4-chloro-2-methylthio-5-pyrimidinecarboxylate,毕得医药,25g,25,g,1,30.8,not_stocked,xuguofeng,20250708
765-30-0,环丙胺,Cyclopropylamine,毕得医药,25g,25,g,1,35.7,not_stocked,xuguofeng,20250708
1805-02-3,1-甲基-2-氨基-5-甲氧基苯并咪唑,2-Amino-5-methoxy-1-methylbenzimidazole,毕得,1g,1,g,1,488.6,not_stocked,huwenshu,20250708
67-56-1,甲醇,Methanol,通广,500mL*10,500,ml,10,10,running_out,liangyiqi,20250708
108-88-3,甲苯,Toluene,通广,500mL*10,500,ml,10,32,running_out,liangyiqi,20250708
111-50-2,己二酰氯,Adipoyl Chloride,adamas,100 g,100,g,1,179,not_stocked,yanglicheng,20250709
623-09-6,N-甲基对苯二胺 ,"N1-Methylbenzene-1,4-diamine",毕得,1g,1,g,1,472.5,not_stocked,hanshuai,20250709
109-99-9,四氢呋喃，超干,"Tetrahydrofuran, 99.9%, SuperDry",JK,500mL*2,500,ml,2,78,running_out,xuguofeng,20250709
7719/9/7,"
氯化亚砜","
Thionyl chloride",安耐吉,500mL,500,mL,1,97.3,running_out,xuguofeng,20250709
137-03-1,2-庚基环戊酮 ,2-Heptylcyclopentanot_stocked,Adamas,5 mL,5,mL,1,81,not_stocked,tanhui,20250709
488-10-8,(Z)-3-甲基-2-(戊-2-烯-1-基)环戊-2-烯酮 ,(Z)-3-Methyl-2-(pent-2-en-1-yl)cyclopent-2-enot_stocked,毕得医药,5 g,5,g,1,31.5,not_stocked,tanhui,20250709
302-79-4,维甲酸 ,"Retinoic acid, 97%",百灵威J&K,1G,1,g,1,75.65,not_stocked,tanhui,20250709
99909-62-3,5-异丙基-3-(甲氧羰基)-2H-环庚烷[b]呋喃-2-酮 ,"5-Isopropyl-3-(methoxycarbonyl)-2H-cyclohepta[b]furan-2-one,≥98%(GC)",MREDA,1g,1,g,1,53,not_stocked,tanhui,20250709
613-46-7,萘-2-腈 ,2-Naphthonitrile,毕得医药,5g,5,g,1,60.9,not_stocked,tanhui,20250709
3144-16-9,(+)10樟脑磺酸 ,"(+)-10-Camphorsulfonic acid, 99%",百灵威J&K,5G,5,g,1,51,not_stocked,tanhui,20250709
17496-14-9,2-甲基-1-茚满酮, 2-Methyl-1-indanot_stocked,"
毕得医药",5 g,5,g,1,193.2,not_stocked,tanhui,20250709
37107-50-9,2-氰基-2-环己烯酸, 2-CYANO-2-CYCLOHEXYLIDENEACETIC,阿拉丁,50MG,50,mg,1,41.52,not_stocked,tanhui,20250709
10293-06-8,"(1R,3S,4S)-3-溴-1,7,7-三甲基双环[2.2.1]庚烷-2-酮 ","(1R,3S,4S)-3-Bromo-1,7,7-trimethylbicyclo[2.2.1]heptan-2-one",毕得医药,5 g,5,g,1,47.6,not_stocked,tanhui,20250709
137052-08-5,1-(四氢-2H-吡喃-4-基)乙酮 ,1-(Tetrahydro-2H-pyran-4-yl)ethanot_stocked,毕得医药,5g,5,g,1,42.7,not_stocked,tanhui,20250709
125971-96-2,2-[2-(4-氟苯基)-2-氧代-1-苯基乙基]-4-甲基-3-氧代-N-苯基戊酰胺 ,"2-(2-(4-Fluorophenyl)-2-oxo-1-phenylethyl)-4-methyl-3-oxo-N-phenylpentanamide
",毕得医药,100g,100,g,1,46.2,not_stocked,tanhui,20250709
4629-80-5,"1,3-二甲基-哌啶-4-酮 ","1,3-Dimethylpiperidin-4-one",毕得医药,5g,5,g,1,21,not_stocked,tanhui,20250709
145-13-1,烯醇酮 ,"Pregnenolone, 98%",百灵威J&K,5 g,5,g,1,63.75,not_stocked,tanhui,20250709
517-23-7,3-乙酰二氢呋喃-2(3H)-酮, 3-Acetyldihydrofuran-2(3H)-one,毕得医药,100g,100,g,1,18.9,not_stocked,tanhui,20250709
520-45-6,脱氢乙酸 ,"Dehydroacetic acid, 98.5%",百灵威J&K,25G,25,g,1,28.05,not_stocked,tanhui,20250709
57-83-0,孕酮 ,Progesterone,安耐吉,5 g,5,g,1,28,not_stocked,tanhui,20250709
127-41-3,"(E)-4-(2,6,6-三甲基环己-2-烯-1-基)-3-丁烯-2-酮 ","(E)-4-(2,6,6-Trimethylcyclohex-2-en-1-yl)but-3-en-2-one",毕得医药,25 g,25,g,1,36.4,not_stocked,tanhui,20250709
32388-55-9,甲基柏木酮 ,MethylCedrylKetone,乐研,25 g,25,g,1,40.6,not_stocked,tanhui,20250709
89-82-7,(R)-5-甲基-2-(丙-2-亚基)环己酮, (R)-5-Methyl-2-(propan-2-ylidene)cyclohexanot_stocked,毕得医药,5 g,5,g,1,77.7,not_stocked,tanhui,20250709
2632-13-5,α-溴代-4-甲氧基苯乙酮,2-Bromo-1-(4-methoxyphenyl)ethanot_stocked,毕得,5g,5,g,1,16.1,running_out,huwenshu,20250709
,超干二甲基亚砜,"
Dimethyl sulfoxide anhydrous, 99.9%, Extra dry",JK,100mL,100,mL,1,30,running_out,xuguofeng,20250709
57-88-5,胆固醇,,adamas,25 g,25,g,1,46.5,running_out,yanglicheng,20250710
3360-41-6,,,毕得医药,25g,25,g,1,34.3,not_stocked,zhaobinzhi,20250710
64-17-5,超干乙醇,ethanol,安耐吉,500 ml,500,mL,1,45.5,not_stocked,wangxi,20250710
137-18-8,"2,5-二甲基-1,4-苯醌","2,5-Dimethylcyclohexa-2,5-diene-1,4-dione",毕得,5 g,5,g,1,207.2,running_out,chengzengrui,20250710
14369-81-4,"2,3-丁二烯酸乙酯
","Ethyl buta-2,3-dienoate
",毕得,1 g,1,g,1,266.7,not_stocked,chengzengrui,20250710
124-43-6,过氧化脲素,"Urea hydrogen peroxide
",阿拉丁,25 g,25,g,1,267.9,running_out,chengzengrui,20250710
4025-71-2,"2-苯基-乙烷磺酰氯
","2-Phenylethanesulfonyl chloride	",毕得,5 g,5,g,1,354.2,not_stocked,chengzengrui,20250710
104296-63-1,"2-(1-萘基)乙烷磺酰氯
",2-(1-Naphthyl)ethanesulfonyl Chloride,"迈瑞达
",1 g,1,g,1,276,not_stocked,chengzengrui,20250710
757978-18-0,"5-溴-3-碘-1H-吡咯并[2,3-b]吡啶","5-Bromo-3-iodo-1H-pyrrolo[2,3-b]pyridine",毕得,5g,5,g,1,65.8,not_stocked,wangkaixuan,20250711
140681-55-6,N-氟-N'-(氯甲基)三乙二胺双(四氟硼酸盐),N-Fluoro-N'-(chloromethyl)triethylenediamine Bis(tetrafluoroborate),希恩思,100 g,100,g,1,57.2,high_usage,chenyichi,20250711
111-42-2,"
二乙醇胺",Diethanolamine,毕得,100ml,100,mL,1,14,not_stocked,xuguofeng,20250711
151169-74-3,"2,3-二氯苯硼酸","2,3-Dichlorophenylboronic acid",毕得,5g,5,g,1,21,not_stocked,xuguofeng,20250711
1269026-22-3,6-溴-3-羟基-5-甲基吡嗪-2-羧酸乙酯,Ethyl 6-bromo-3-hydroxy-5-methylpyrazine-2-carboxylate,毕得,5g,5,g,1,314.3,not_stocked,xuguofeng,20250711
91419-52-2,4-氰基哌啶-1-羧酸叔丁酯,tert-Butyl 4-cyanopiperidine-1-carboxylate,毕得,10g,10,g,1,30.8,not_stocked,xuguofeng,20250711
1191-15-7,"二异丁基氢化铝, 1.0M己烷溶液",Diisobutylaluminium hydride,伊诺凯,100mL,100,mL,1,89.6,not_stocked,xuguofeng,20250712
7298-67-1,2-羟基-5-乙酰氨基苯乙酮,N-(3-Acetyl-4-hydroxyphenyl)acetamide,毕得,10g,10,g,1,140,running_out,xuguofeng,20250712
148893-10-1,"O-(7-氮杂苯并三唑-1-基)-N,N,N',N'-四甲基脲六氟磷酸盐","O-(7-Azabenzotriazol-1-yl)-N,N,N',N'-tetramethyl uronium hexafluorophosphate
",毕得,100g,100,g,1,190.4,running_out,xuguofeng,20250712
123-30-8,4-氨基苯酚,4-Aminophenol,伊诺凯,100 g,100,g,1,40,not_stocked,hanshuai,20250712
947-91-1,联苯乙醛,"2,2-Diphenylacetaldehyde",毕得,5 g,5,g,1,156.1,not_stocked,chenyichi,20250713
2623-87-2,,4-Bromobutyric acid,希恩斯,25g,25,g,1,16.9,not_stocked,wangkaixuan,20250713
4224-70-8,6-溴己酸,6-Bromohexanoic acid,希恩斯,25g,25,g,1,19.5,not_stocked,wangkaixuan,20250713
17696-11-6,8-溴辛酸,8-Bromooctanoic acid,希恩斯,5g,5,g,1,16.8,not_stocked,wangkaixuan,20250713
127-08-2,乙酸钾,Potassium acetate,毕得,100g,100,g,1,15.4,not_stocked,wangkaixuan,20250713
13482-22-9,,,毕得,1 g,1,g,1,25.2,not_stocked,yanglicheng,20250713
874-61-3,4-环己酮羧酸,4-Oxocyclohexanecarboxylic acid,毕得,25g,25,g,1,232.4,not_stocked,zhaobinzhi,20250713
105640-07-1,"
4-(4-羟基苯基)环己酮","
4-(4-Hydroxyphenyl)cyclohexanot_stocked",毕得,25 g,25,g,1,126,not_stocked,zhaobinzhi,20250713
13482-22-9,,,毕得,10 g,10,g,1,218.4,not_stocked,zhaobinzhi,20250713
3168-85-2,2-甲基-1H-吡咯-3-羧酸甲酯,Methyl 2-methyl-1H-pyrrole-3-carboxylate,毕得,250mg,250,mg,1,148.2,not_stocked,tangshuyuan,20250713
7440-23-5,金属钠, Sodium,通广,250 g,250,g,1,180,not_stocked,tanhui,20250714
29671-93-0,溴甲脒 氢溴酸盐,"	Carbamimidic bromide hydrobromide",毕得,5 g,5,g,1,172.2,not_stocked,wangxi,20250714
773-01-3,"2,4,6-三甲基吡喃四氟硼酸盐","2,4,6-Trimethylpyryliumtetrafluoroborate",毕得,5 g,5,g,1,76.3,running_out,wangxi,20250714
1145-80-8,N-Cbz-L-丝氨酸,Z-Ser-OH,毕得,5 g,5,g,1,19.6,not_stocked,wangxi,20250714
7432-21-5,(S)-2-(((苄氧基)羰基)氨基)-3-(1H-吲哚-3-基)丙酸,(S)-2-(((Benzyloxy)carbonyl)amino)-3-(1H-indol-3-yl)propanoic acid,毕得,25 g,25,g,1,35,not_stocked,wangxi,20250714
34301-54-7,1-金刚烷硫醇,Adamantane-1-thiol,毕得,1 g,1,g,1,18.2,not_stocked,wangxi,20250714
10486-51-8,4-氯磺酰基苯甲酸乙酯,4-CHLOROSULFONYL-BENZOIC ACID ETHYL ESTER,源叶,5 g,5,g,1,432,running_out,huotongyu,20250715
25796-68-3,3-溴噻吩-2-羰酰氯,3-BROMOTHIOPHENE-2-CARBONYL CHLORIDE,麦克林,1 g*2,1,g,2,310,not_stocked,huotongyu,20250715
156-28-5,2-苯乙胺盐酸盐,2-Phenylethylamine hydrochloride,罗恩,25 g,25,g,1,32,not_stocked,huotongyu,20250715
470478-90-1,"
4-(4-Boc-1-哌嗪基)苯硼酸频哪醇酯","tert-Butyl 4-(4-(4,4,5,5-tetramethyl-1,3,2-dioxaborolan-2-yl)phenyl)piperazine-1-carboxylate",毕得,5g,5,g,1,152.6,running_out,wangkaixuan,20250715
1239-31-2,醋酸去氢表雄酮,Epiandrosterone acetate,"	欣恒研",5 g,5,g,1,106.4,not_stocked,chenyichi,20250715
274-40-8,吲哚嗪, Indolizine,毕得医药,250mg,250,mg,1,655.2,not_stocked,huangqianqian,20250715
,氯化铵,,通广,500 g,500,g,1,9.5,not_stocked,yanglicheng,20250716
1094210-96-4,3-(2-乙氧基苯基)-2-(哌嗪-1-基甲基)喹唑啉-4(3H)-酮二盐酸盐,?3-(2-Ethoxyphenyl)-2-(piperazin-1-ylmethyl)quinazolin-4(3H)-one dihydrochloride,伊诺凯,10mg,10,mg,1,305.2,not_stocked,xuguofeng,20250716
1191-15-7,二异丁基氢化铝，1.0M己烷溶液,"Diisobutylaluminum hydride, 1.0M in hexanes, in resealable bottle",伊诺凯,500mL,500,mL,1,212.8,not_stocked,xuguofeng,20250716
98-86-2,,Acetophenot_stocked,安耐吉,1000g,1000,g,1,27,not_stocked,zhaobinzhi,20250716
30525-89-4,多聚甲醛,Paraformaldehyde,安耐吉,500 g,500,g,1,24.5,not_stocked,zhaobinzhi,20250716
7772-98-7,硫代硫酸钠,,通广,500 g,500,g,1,9.5,not_stocked,yanglicheng,20250716
28466-26-4,4-氨基吡唑,4-Aminopyrazole,"
欣恒研",5g,5,g,1,146.4,not_stocked,xingyihong,20250716
61-82-5,"3-氨基-1,2,4-三唑","3-Amino-1,2,4-triazole","
欣恒研",25 g,25,g,1,63.2,not_stocked,xingyihong,20250716
36728-89-9,1-甲基-3-硝基-1H-吲哚 ,1-Methyl-3-nitro-1H-indole,毕得,250 mg *2 ,250,mg,2,196,not_stocked,chenyichi,20250716
28281-76-7,"5-甲氧基异苯并呋喃-1,3-二酮"," 5-Methoxyisobenzofuran-1,3-dione",毕得医药,1 g,1,g,1,44.8,not_stocked,tanhui,20250717
1823-59-2,"4,4-氧双邻苯二甲酸酐;二苯醚四甲酸二酐(ODPA) ","5,5'-Oxybis(isobenzofuran-1,3-dione)",毕得医药,10g,10,g,1,17.5,not_stocked,tanhui,20250717
1124-64-7,氯化丁基吡啶,1-Butylpyridinium Chloride,毕得医药,25g,25,g,1,70.7,running_out,sunyichen,20250717
1193-02-8,4-氨基苯硫酚,4-Aminothiophenol,ann耐吉,5g,5,g,1,17.5,running_out,sunyichen,20250717
179324-69-7,[(1R)-3-甲基-1-[[(2S)-1-氧-3-苯基-2-[(吡嗪甲酰)氨基]丙基]氨基]丁基]硼酸,((R)-3-Methyl-1-((S)-3-phenyl-2-(pyrazine-2-carboxamido)propanamido)butyl)boronic acid,毕得,50mg,50,mg,1,92.4,not_stocked,xuguofeng,20250718
533-75-5,环庚三烯酚酮,"2-Hydroxycyclohepta-2,4,6-trien-1-one",毕得,25g,25,g,1,102.9,not_stocked,wangyang,20250718
,"1,3-丙酮二羧酸二乙酯","Diethyl 1,3-acetonedicarboxylate",毕得,100g,100,g,1,52.5,not_stocked,wangyang,20250718
133395-16-1,双(三氟甲磺酰基)酰亚胺镁(II),Magnesium bis(trifluoromethylsulfonyl)imide,毕得,25 g,25,g,1,324.1,running_out,chenyichi,20250708
79326-96-8,"	3-硝基苯磺酸一水合物","	3-Nitrobenzenesulfonicacidhydrate	",毕得,1 g,1,g,1,174.3,running_out,chenyichi,20250708
77-48-5,"1,3-二溴-5,5-二甲基咪唑啉-2,4-二酮","1,3-Dibromo-5,5-dimethylimidazolidine-2,4-dione",毕得,100 g,100,g,1,21,not_stocked,chenyichi,20250708
50919-06-7,邻氟苯乙醇,2-(2-Fluorophenyl)ethanol,毕得,10 g,10,g,1,62.3,not_stocked,chenyichi,20250708
36947-68-9,2-异丙基咪唑,2-Isopropyl-1H-imidazole,毕得 ,100 g,100,g,1,19.6,not_stocked,sunyichen,20250719
28276-08-6,"
1,1二甲基丙基氯化镁","
1,1-Dimethylpropylmagnesium chloride, 1.0 M solution in 2-MeTHF, J&KSeal",百灵威,25mL,25,mL,1,651.95,not_stocked,xuguofeng,20250720
1450833-55-2,"((1R,2R,3S.4R)-2,3-二羟基-4-((2-(3-((三氟甲基)硫基)苯基)吡唑并[1,5-a]嘧啶-7-基)氨基)环戊基)甲基 氨基磺酸酯","?((1R,2R,3S,4R)-2,3-Dihydroxy-4-((2-(3-((trifluoromethyl)thio)phenyl)pyrazolo[1,5-a]pyrimidin-7-yl)amino)cyclopentyl)methyl sulfamate",毕得,1mg,1,mg,1,195.3,not_stocked,xuguofeng,20250720
7697-37-2,硝酸,nitric acid,通广,500mL,500,mL,1,20,not_stocked,liangyiqi,20250720
877399-52-8,"(R)-3-(1-(2,6-二氯-3-氟苯基)乙氧基)-5-(1-(哌啶-4-基)-1H-吡唑-4-基)吡啶-2-胺","(R)-3-(1-(2,6-Dichloro-3-fluorophenyl)ethoxy)-5-(1-(piperidin-4-yl)-1H-pyrazol-4-yl)pyridin-2-amine",毕得,100mg,100,mg,1,27.3,not_stocked,xuguofeng,20250720
849217-68-1,"N-(4-(6,7-二甲氧基喹啉-4-基氧基)苯基)-N-(4-氟苯基)环丙烷-1,1-二羧酰胺?","N-(4-((6,7-Dimethoxyquinolin-4-yl)oxy)phenyl)-N-(4-fluorophenyl)cyclopropane-1,1-dicarboxamide",毕得,100mg,100,mg,1,70,not_stocked,xuguofeng,20250720
1100598-32-0,"3-(1-(3-(5-((1-甲基哌啶-4-基)甲氧基)嘧啶-2-基)苄基)-6-氧代-1,6-二氢哒嗪-3-基)苯甲腈","3-(1-(3-(5-((1-Methylpiperidin-4-yl)methoxy)pyrimidin-2-yl)benzyl)-6-oxo-1,6-dihydropyridazin-3-yl)benzonitrile",毕得,5mg,5,mg,1,101.5,not_stocked,xuguofeng,20250720
30515-28-7,,,安徽泽升,1g,1,g,1,14,not_stocked,wangkaixuan,20250720
,,,安徽泽升,5g,5,g,1,14,not_stocked,wangkaixuan,20250720
,,,毕得,5g,5,g,1,18.2,not_stocked,wangkaixuan,20250720
,,,毕得,5g,5,g,1,19.6,not_stocked,wangkaixuan,20250720
,,,毕得,5g,5,g,1,31.5,not_stocked,wangkaixuan,20250720
6315-52-2,,,毕得,5g,5,g,1,25.9,not_stocked,wangkaixuan,20250720
538-28-3,,Benzyl carbamimidothioate hydrochloride,毕得,1g,1,g,1,23.1,not_stocked,wangxi,20250721
134029-92-8,(6-巯基己基)二茂铁,(6-Mercaptohexyl)ferrocene,毕得,100 mg,100,mg,1,380,not_stocked,wangxi,20250721
1953/2/2,2-(2-巯基丙酰胺基)乙酸,2-(2-Mercaptopropanamido)acetic acid,毕得,1 g,1,g,1,32.9,not_stocked,wangxi,20250721
3326-34-9,"5-氨基-3',6'-二羟基-3H-螺[异苯并呋喃-1,9'-氧杂蒽]-3-酮","5-Amino-3',6'-dihydroxy-3H-spiro[isobenzofuran-1,9'-xanthen]-3-one",毕得,250 mg,250,mg,1,61.6,not_stocked,wangxi,20250721
96034-64-9,"(2S,4S)-2-(二甲基氨基甲酰)-4-巯基-1-(对硝基苄氧基甲酰)-1-吡咯烷","(2S,4S)-4-Nitrobenzyl 2-(dimethylcarbamoyl)-4-mercaptopyrrolidine-1-carboxylate
货号BD23261",毕得,1 g,1,g,1,19.6,not_stocked,wangxi,20250721
18598-63-5,(R)-2-氨基-3-巯基丙酸甲酯盐酸盐,(R)-Methyl 2-amino-3-mercaptopropanoate hydrochloride,毕得,25 g,25,g,1,20.3,not_stocked,wangxi,20250721
81644-55-5,6-巯基-6-脱氧-β-环糊精,6-Mercapto-6-deoxy-β-Cyclodextrin,毕得,250 mg,250,mg,1,387.1,not_stocked,wangxi,20250721
201532-01-6,N-Fmoc-S-三苯甲基-D-青霉胺,Fmoc-D-Pen(Trt)-OH,毕得,5g,5,g,1,239.4,not_stocked,wangxi,20250721
714230-22-5,(S)-3-(氨基甲基)-5-甲基己酸甲酯盐酸盐,(S)-Pregabalinmethylester(hydrochloride),乐研,250 mg,250,mg,1,189.7,not_stocked,wangxi,20250721
26892-92-2,"6-氰基-4-氧代-1,4-二氢喹啉-3-羧酸乙酯","Ethyl 6-cyano-4-oxo-1,4-dihydroquinoline-3-carboxylate",毕得,100mg,100,mg,1,314.3,not_stocked,hanshuai,20250721
101-84-8,二苯醚 ,Diphenyl oxide,毕得,500 g,500,g,1,20.3,not_stocked,hanshuai,20250721
1239-31-2,醋酸去氢表雄酮,Epiandrosterone acetate,"	欣恒研",1 g*3,1,g,3,100.56,not_stocked,chenyichi,20250722
2244/11/3,四氧嘧啶水合物,"Pyrimidine-2,4,5,6(1H,3H)-tetraone hydrate",毕得,5 g,5,g,1,74.2,not_stocked,chenyichi,20250722
362-43-6,"1-((3aR,4R,6R,6aR)-6-(羟甲基)-2,2-二甲基四氢呋喃并[3,4-d][1,3]二氧杂环戊烯-4-基)嘧啶-2,4(1H, 3H)-二酮","1-((3AR,4R,6R,6aR)-6-(hydroxymethyl)-2,2-dimethyltetrahydrofuro[3,4-d][1,3]dioxol-4-yl)pyrimidine-2,4(1H,3H)-dione
",毕得,5 g,5,g,1,45.5,not_stocked,chenyichi,20250722
80-48-8,对甲苯磺酸甲酯,Methyl 4-methylbenzenesulfonate,毕得,100 g,100,g,1,17.5,not_stocked,chenyichi,20250722
7681-11-0,碘化钾,,毕得,28.7,,,1,25,not_stocked,wangkaixuan,20250722
,,,伊诺凯,500ML,500,mL,1,45,not_stocked,wangyang,20250722
,,,伊诺凯,500ML,500,mL,1,55,not_stocked,wangyang,20250722
4984-82-1,环戊二烯基钠,SODIUM CYCLOPENTADIENIDE,安耐吉,100mL,100,mL,1,325,not_stocked,wangyang,20250722
100-09-4,对甲氧基苯甲酸,4-Methoxybenzoic acid,毕得,100 g,100,g,1,19.6,not_stocked,chenyichi,20250722
489-84-9,愈创奥,Guaiazulene,毕得,1g,1,g,1,28,not_stocked,wangyang,20250723
275-51-4,奥苷菊环,AZULENE,毕得,250mg,250,mg,1,293,not_stocked,wangyang,20250723
808744-34-5,"7-溴咪唑并[1,2-a]吡啶","7-Bromoimidazo[1,2-a]pyridine",毕得,1 g,1,g,1,37.1,running_out,chenyichi,20250723
1187236-18-5,"7-溴咪唑并[1,2-a]吡啶-2-羧酸乙酯","Ethyl 7-bromoimidazo[1,2-a]pyridine-2-carboxylate",毕得,1 g,1,g,1,105,running_out,chenyichi,20250723
1798-82-9,4-环丙基苯甲酸,4-Cyclopropylbenzoic acid,毕得,250 mg *2 ,250,mg,2,141.4,not_stocked,chenyichi,20250723
7677-24-9,三甲基氰硅烷,Trimethylsilyl Cyanide,毕得,25 g,25,g,1,18.9,running_out,huzhibin,20250723
89488-29-9,2-溴-4-甲氧基吡啶,2-Bromo-4-methoxypyridine,毕得,5 g,5,g,1,212.8,running_out,chengzengrui,20250723
1945-84-2,"2-炔基吡啶
",2-Ethynylpyridine,毕得,25 g,25,g,1,376.6,running_out,chengzengrui,20250723
623-47-2,"丙炔酸乙酯
",Ethylpropiolate,乐研,5 g,5,g,1,21.7,not_stocked,chengzengrui,20250723
615-43-0,"2-碘苯胺
",2-Iodoaniline,乐研,100 g,100,g,1,196,running_out,chengzengrui,20250723
68790-38-5,2-(boc-氨基)苯甲酸,Boc-2-Abz-OH,毕得,5 g,5,g,1,77.7,not_stocked,chengzengrui,20250723
5653-40-7,"2-氨基-4,5-二甲氧基苯甲酸","2-Amino-4,5-dimethoxybenzoic acid",毕得,5 g,5,g,1,14.7,not_stocked,chengzengrui,20250723
15089-51-7,"2-氨基-4,5-二甲基苯甲酸"," 2-Amino-4,5-dimethylbenzoic acid",毕得,1 g,1,g,1,46.2,not_stocked,chengzengrui,20250723
21717-96-4,"2-氨基-5-氟吡啶
",2-Amino-5-fluoropyridine,毕得,10 g,10,g,1,101.5,not_stocked,chengzengrui,20250723
21397-08-0,2-氯-3-氟苯胺,2-Chloro-3-fluoroaniline,毕得,5g,5,g,1,39.2,not_stocked,xuguofeng,20250728
75-66-1,叔丁硫醇,tert-Butyl mercaptan,虹湖联合,25 mL,25,mL,1,24.1,not_stocked,xuguofeng,20250728
2623-87-2,4-溴丁酸,4-Bromobutanoic acid,毕得医药,100g,100,g,1,78.4,not_stocked,tangshuyuan,20250808
62-56-6,硫脲,,安耐吉,100g,100,g,1,14,not_stocked,tangshuyuan,20250808
646-01-5,3-(甲硫基)丙酸,3-(Methylthio)propionic Acid,毕得医药,25g,25,g,1,43.4,not_stocked,tangshuyuan,20250808
,,,Amethyst,,,,1,123.25,not_stocked,rehemuhali,20240402
470478-90-1,"
4-(4-Boc-1-哌嗪基)苯硼酸频哪醇酯","tert-Butyl 4-(4-(4,4,5,5-tetramethyl-1,3,2-dioxaborolan-2-yl)phenyl)piperazine-1-carboxylate",毕得,5g*2,5,g,2,152.6,running_out,wangkaixuan,20250810
79-37-8,草酰氯,,阿拉丁,25 g,25,g,1,27.12,running_out,wangkaixuan,20250811
79-34-5,"1,1,2,2四氯乙烷
","1,1,2,2-Tetrachloroethane","百灵威J&K
",25 mL,25,mL,1,67.15,running_out,chengzengrui,20250811
12173-28-3,"钛硅分子筛TS-1
",Titanate molecular sieve,"罗恩
",5 g,5,g,1,138,not_stocked,chengzengrui,20250811
217813-03-1,3-甲氧基-2-(三甲基硅烷基)苯基三氟甲磺酸酯,3-Methoxy-2-(trimethylsilyl)phenyl trifluoromethanesulfonate,毕得,1 g,1,g,1,275.8,not_stocked,chengzengrui,20250811
4187-87-5,"1-苯基-2-丙炔-1-醇
",1-Phenylprop-2-yn-1-ol,乐研,10 g,10,g,1,93.8,running_out,chengzengrui,20250811
2028-63-9,"3-丁炔-2-醇
",3-Butyn-2-ol,阿拉丁,25 mL,25,mL,1,389.52,not_stocked,chengzengrui,20250811
645-59-0,3-苯基丙腈,3-Phenylpropionitrile,毕得,5g,5,g,1,97.3,not_stocked,huzhibin,20250811
60656-87-3,2-(苄氧基)乙醛,2-(Benzyloxy)acetaldehyde,毕得,5g,5,g,1,186.9,not_stocked,huzhibin,20250811
109-80-8,"1,3-丙二硫醇","1,3-Propanedithiol",毕得,5g,5,g,1,19.6,not_stocked,huzhibin,20250811
104-53-0,苯丙醛,3-Phenylpropanal,毕得,25g,25,g,1,30.1,not_stocked,huzhibin,20250811
1034-39-5,二溴三苯基膦,Dibromotriphenylphosphorane,毕得,25g*2,25,g,2,34.3,running_out,huzhibin,20250811
471-34-1,碳酸钙,Calcium carbonate,毕得,100g,100,g,1,17.5,not_stocked,huzhibin,20250811
88-21-1,2-氨基苯磺酸,Aniline-2-sulfonic acid,安耐吉,100g,100,g,1,17.5,not_stocked,liangyiqi,20250811
301224-40-8,"(1,3-二甲基咪唑烷-2-基亚基)(2-异丙氧基亚苄基)钌氯化钌(VI)","(1,3-Bis-(2,4,6-Trimethylphenyl)-2-Imidazolidinylidene)Dichloro(Oisopropoxyphenylmethylene)Ruthenium",admas,250mg,250,mg,1,62,not_stocked,yuyihan,20250811
286014-38-8,"1,3-二环己基咪唑四氟硼酸盐","1,3-Dicyclohexylimidazolium tetrafluoroborate salt",毕得,250mg,250,mg,1,27.3,not_stocked,huzhibin,20250811
286014-25-3,"1,3-双(2,6-二异丙基苯基)-1H-咪唑-3-鎓四氟硼酸盐","1,3-Bis(2,6-diisopropylphenyl)-1H-imidazol-3-ium tetrafluoroborate",毕得,250mg,250,mg,1,23.8,not_stocked,huzhibin,20250811
862893-80-9,"2-均三甲苯基-6,7-二氢-5H-吡咯并[2,1-c][1,2,4]三唑-2-鎓四氟硼酸盐","2-Mesityl-6,7-dihydro-5H-pyrrolo[2,1-c][1,2,4]triazol-2-ium tetrafluoroborate",毕得,100mg,100,mg,1,85.4,not_stocked,huzhibin,20250811
1207294-92-5,"5,7-二叔丁基-3-苯基苯并[d]恶唑-3-鎓四氟硼酸盐","5,7-Di-tert-butyl-3-phenylbenzo[d]oxazol-3-ium tetrafluoroborate",毕得,250mg,250,mg,1,16.1,not_stocked,huzhibin,20250811
282109-83-5,"1,3-双(2,6-二异丙基苯基)-4,5-二氢-1H-咪唑-3-鎓四氟硼酸盐","1,3-Bis(2,6-diisopropylphenyl)-4,5-dihydro-1H-imidazol-3-ium tetrafluoroborate",毕得,250mg,250,mg,1,25.2,not_stocked,huzhibin,20250811
1148-79-4,"2,2':6',2""-三联吡啶","2,2':6',2''-Terpyridine",毕得,250mg,250,mg,1,18.2,not_stocked,huzhibin,20250811
72914-19-3,"4,4'-二叔丁基-2,2'-二吡啶","4,4'-Di-tert-butyl-2,2'-bipyridine",毕得,250mg,250,mg,1,18.2,not_stocked,huzhibin,20250811
366-18-7,"2,2'-联吡啶","2,2'-Bipyridine",毕得,5g,5,g,1,12.6,common_public,huzhibin,20250811
142946-79-0,"4,4'-双(三氟甲基)-2,2'-联吡啶","4,4'-Bis(trifluoromethyl)-2,2'-bipyridine",毕得,250mg,250,mg,1,47.6,not_stocked,huzhibin,20250811
17217-57-1,"4,4'-二甲氧基-2,2'-联吡啶","4,4'-Dimethoxy-2,2'-bipyridine",毕得,250mg,250,mg,1,15.4,not_stocked,huzhibin,20250811
92149-07-0,"4,7-二甲氧基-1,10-菲咯啉","4,7-Dimethoxy-1,10-phenanthroline",毕得,250mg,250,mg,1,21,not_stocked,huzhibin,20250811
5394-23-0,"4,7-二氯-1,10-菲咯啉","4,7-Dichloro-1,10-phenanthroline",毕得,250mg,250,mg,1,20.3,not_stocked,huzhibin,20250811
66-71-7,"1,10-菲罗啉","1,10-Phenanthroline",毕得,5g,5,g,1,20.3,common_public,huzhibin,20250811
117408-98-7,(S)-4-叔丁基-2-(2-吡啶基)恶唑啉,(S)-4-tert-Butyl-2-(2-pyridyl)oxazoline,毕得,250mg,250,mg,1,28.7,not_stocked,huzhibin,20250811
64-04-0,2-苯基乙烷-1-胺 ,Phenethylamine,Adamas,100mL,100,mL,1,41,degraded,huotongyu,20250811
7087-68-5,"N,N-二异丙基乙胺",DIPEA,安耐吉,500mL,500,mL,1,76.3,running_out,xuguofeng,20250811
118628-68-5,"(1R,2R)-N,N'-二甲基-1,2-二苯基-1,2-二乙胺","(1R,2R)-N,N'-Dimethyl-1,2-diphenylethane-1,2-diamine",毕得,250mg,250,mg,1,50.4,not_stocked,huzhibin,20250811
134030-21-0,"N,N'-二(2,4,6-三甲基苯基)乙二胺","N1,N2-Dimesitylethane-1,2-diamine",毕得,1g,1,g,1,23.1,not_stocked,huzhibin,20250811
67579-81-1,"反式-N,N'-二甲基-1,2-环己二胺","trans-N1,N2-Dimethylcyclohexane-1,2-diamine",毕得,1g,1,g,1,14,not_stocked,huzhibin,20250811
98327-87-8,"1,1'-联萘-2,2'-双二苯膦","2,2'-Bis(diphenylphosphino)-1,1'-binaphthyl",毕得,1g,1,g,1,23.1,not_stocked,huzhibin,20250811
161265-03-8,"4,5-双(二苯基膦)-9,9-二甲基氧杂蒽","(9,9-Dimethyl-9H-xanthene-4,5-diyl)bis(diphenylphosphine)",毕得,1g,1,g,1,15.4,not_stocked,huzhibin,20250811
25014-41-9,聚丙烯腈,Polyacrylonitrile,毕得,25g,25,g,1,20.3,not_stocked,sunyichen,20250812
81-25-4,胆酸,Cholic acid,希恩斯,25 g,25,g,1,39,not_stocked,chenyichi,20250812
7782-61-8,硝酸铁(III) 九水合物,Ferric nitrate nonahydrate,希恩斯,100 g,100,g,1,18.2,not_stocked,chenyichi,20250812
284461-73-0,4-(4-(3-(4-氯-3-(三氟甲基)苯基)脲基)苯氧基)-N-甲基-2-吡啶甲酰胺,4-(4-(3-(4-Chloro-3-(trifluoromethyl)phenyl)ureido)phenoxy)-N-methylpicolinamide,毕得,25 g,25,g,1,258.3,running_out,chenyichi,20250812
92-85-3,噻蒽,Thianthrene,毕得,100 g,100,g,1,116.9,not_stocked,chenyichi,20250812
1013-23-6,"二苯并[b,d]噻吩5-氧化物 ","Dibenzo[b,d]thiophene 5-oxide",毕得,5 g*2,5,g,2,525,not_stocked,chenyichi,20250812
358-23-6,三氟甲磺酸酐,Trifluoromethanesulfonic anhydride,毕得,25 g,25,g,1,62.3,running_out,chenyichi,20250812
1960/12/8,β-苯乙醇,2-Phenylethanol,毕得,25 g,25,g,1,16.8,not_stocked,chenyichi,20250812
434-13-9,"	(R)-4-((3R,5R,8R,9S,10S,13R,14S,17R)-3-羟基-10,13-二甲基十六氢-1H-环戊并[a]菲-17-基)戊酸","	(R)-4-((3R,5R,8R,9S,10S,13R,14S,17R)-3-Hydroxy-10,13-dimethylhexadecahydro-1H-cyclopenta[a]phenanthren-17-yl)pentanoic acid",毕得,5 g,5,g,1,88.2,not_stocked,chenyichi,20250812
7647-14-5,氯化钠,sodium Choloride,毕得,100 g*2,100,g,2,42,not_stocked,chenyichi,20250812
7647-15-6,溴化钠,sodium bromide,毕得,500 g,500,g,1,25.2,not_stocked,chenyichi,20250812
3796-24-5,4-三氟甲基吡啶,4-(Trifluoromethyl)pyridine,毕得,1g*2,1,g,2,33.6,not_stocked,wangyang,20250813
620-08-6,4-甲氧基吡啶,4-Methoxypyridine,毕得,5g,5,g,1,14,not_stocked,wangyang,20250813
13774-81-7,硼烷氨络合物,Borane - Ammonia Complex,毕得,5g,5,g,1,121.8,not_stocked,huzhibin,20250813
19481-82-4,2-溴丙腈,2-Bromopropanenitrile,毕得,5g,5,g,1,212.8,not_stocked,huzhibin,20250813
112-79-8,(E)-十八碳-9-烯酸,(E)-Octadec-9-enoic acid,毕得,5g*2,5,g,2,355.6,running_out,xuruilin,20250813
135-19-3,2-萘酚,2-Naphthol,毕得,100g,100,g,1,22.4,running_out,xuruilin,20250813
1666-13-3,二苯基二硒醚?,Diphenyl diselenide,安耐吉,25g*2,25,g,2,278.6,running_out,xuruilin,20250813
72287-26-4,"[1,1-双(二苯基磷)二茂铁]二氯化钯","[1,1'-Bis(diphenylphosphino)ferrocene]dichloropalladium(II)",毕得,1g*2,1,g,2,88.9,common_public,wangkaixuan,20250813
655224-73-0,N-(2-(2-(2-氨基乙氧基)乙氧基)乙基)-4-(3-(三氟甲基)-3H-双吖丙啶-3-基)苯甲酰胺,N-(2-(2-(2-Aminoethoxy)ethoxy)ethyl)-4-(3-(trifluoromethyl)-3H-diazirin-3-yl )benzamide,毕得,250mg,250,mg,1,4000,not_stocked,zhongyi,20250813
589-92-4,4-甲基环己酮,4-Methylcyclohexanot_stocked,毕得,25g,25,g,1,25.9,running_out,yanglicheng,20250814
13482-23-0,5-甲氧基环己酮,4-Methoxycyclohexanot_stocked,毕得,5g,5,g,1,261.1,running_out,yanglicheng,20250814
615-42-9,"1,2-二碘苯(邻二碘苯)","1,2-Diiodobenzene",毕得,25g,25,g,1,62.3,not_stocked,liangyiqi,20250814
7782-49-2,硒粉,Selenium powder,安耐吉,50g,50,g,1,56,high_usage,liangyiqi,20250814
7704-34-9,升华硫,sulfur,阿拉丁,100g,100,g,1,96.9,not_stocked,liangyiqi,20250814
79-37-8,草酰氯,Oxalyl chloride,阿拉丁,25 g,25,g,1,26.44,not_stocked,hanshuai,20250815
1079-66-9,二苯基氯化膦,Chlorodiphenylphosphine,毕得,100g,100,g,1,25.2,not_stocked,huzhibin,20250815
63212-53-3,2-氯-3-乙基苯并噻唑四氟硼酸盐,2-Chloro-3-ethylbenzoxazolium tetrafluoroborate,MREDA,1g*2,1,g,2,96.5,not_stocked,huzhibin,20250815
465-29-2,,,欣恒研,5g,5,g,1,79.2,not_stocked,tangshuyuan,20250817
874-63-5,"3,5-二甲基苯甲醚","1-Methoxy-3,5-dimethylbenzene",毕得,5g,5,g,1,25.2,not_stocked,tangshuyuan,20250817
2444-37-3,2-(甲硫基)乙酸,,毕得,1g,1,g,1,23.1,not_stocked,tangshuyuan,20250817
64443-05-6,六氟磷酸四乙腈铜,Tetrakis(acetonitrile)copper(I) hexafluorophosphate,毕得,1 g,1,g,1,20.3,degraded,huzhibin,20250817
15418-29-8,四(乙腈)四氟硼酸铜(I),Copper(I) tetra(acetonitrile) tetrafluoroborate,毕得,1 g,1,g,1,25.2,degraded,huzhibin,20250817
1485-70-7,N-苄基苯甲酰胺,N-Benzylbenzamide,毕得,25 g,25,g,1,102.2,running_out,huzhibin,20250817
135616-40-9,"(R,R)-N,N'-双(3,5-二叔丁亚水杨基)-1,2-环己烷二胺"," (R,R)-N,N'-Bis(3,5-di-tert-butylsalicylidene)-1,2-cyclohexanediamine",毕得,5 g,5,g,1,32.9,not_stocked,huzhibin,20250817
1996/10/6,氯化二乙基铝,Diethylaluminum chloride,安耐吉,100ml,100,mL,1,132.3,not_stocked,huzhibin,20250817
13771-68-1,5-溴苯并[b]噻吩-2-羧酸乙酯,Ethyl 5-bromobenzo[b]thiophene-2-carboxylate,毕得,5 g,5,g,1,519.4,running_out,sulingyu,20250818
994-30-9,三乙基氯硅烷,Chlorotriethylsilane,毕得,25g,25,g,1,18.9,not_stocked,huzhibin,20250818
91053-39-3,硅藻土,,"
Greagent",500 g,500,g,1,17,running_out,wangyang,20250818
75-52-5,硝基甲烷,Nitromethane,通广,500 mL,500,mL,1,193,running_out,chenyichi,20250818
30525-89-4,多聚甲醛,Paraformaldehyde,迈瑞达,100 g,100,g,1,11,not_stocked,chenyichi,20250818
455-24-3,4-三氟甲基苯甲酸,4-(Trifluoromethyl)benzoic acid,毕德,"	100 g",100,g,1,54.6,not_stocked,chenyichi,20250818
402-50-6,对三氟甲基苯乙烯,1-(Trifluoromethyl)-4-vinylbenzene,毕德,5 g,5,g,1,230.3,not_stocked,chenyichi,20250818
109705-14-8,"1-氟-2,4,6-三甲基吡啶鎓四氟化硼","1-Fluoro-2,4,6-trimethylpyridinium tetrafluoroborate",希恩斯,250 mg*4,250,mg,4,224,not_stocked,chenyichi,20250818
40530-18-5,5-溴-2-羟基苯甲腈 ,5-Bromo-2-hydroxybenzonitrile,毕得医药,10g,10,g,1,39.9,not_stocked,huotongyu,20250818
7646-85-7,氯化锌,Zinc chloride,阿拉丁,100 g,100,g,1,103.12,not_stocked,chenyichi,20250819
9006-65-9,二甲基硅油,Dimethicone,希恩思,1L,1,L,1,124.15,running_out,chenyichi,20250331
64443-05-6,六氟磷酸四乙腈铜,Tetrakis(acetonitrile)copper(I) hexafluorophosphate,毕得,5 g,5,g,1,74.2,not_stocked,chenyichi,20250817
15418-29-8,四(乙腈)四氟硼酸铜(I),Copper(I) tetra(acetonitrile) tetrafluoroborate,毕得,10 g,10,g,1,231.7,high_usage,chenyichi,20250817
7152-42-3,10-苯基-10H-吩噻嗪,10-Phenyl-10H-phenothiazine,毕得,1g,1,g,1,133,not_stocked,yuyihan,20250819
141-43-5,乙醇胺,Ethanolamine,安耐吉,100mL,100,mL,1,14,not_stocked,xuruilin,20250819
67-68-5,超干二甲基亚砜,Dimethyl sulfoxide,安耐吉,500ml,500,mL,1,76.3,high_usage,liangyiqi,20250819
584-08-7,无水碳酸钾,Potassium carbonate,安耐吉,500g,500,g,1,19.6,high_usage,liangyiqi,20250819
142-71-2,乙酸铜(II),Copper(II) acetate,百灵威J&K,25g,25,g,1,56.1,not_stocked,liangyiqi,20250819
67-68-5,超干二甲基亚砜,Dimethyl sulfoxide,安耐吉,500ml,500,mL,1,76.3,running_out,wangyang,20250820
1975/9/2,超干二氯甲烷,,安耐吉,500ml,500,mL,1,58,running_out,wangyang,20250820
1517-69-7,(R)-1-苯基乙醇,(R)-1-Phenylethanol,毕得,25g,25,g,1,78.4,not_stocked,huotongyu,20250820
1425381-60-7,"2-(1-(4-((4-(4-羟基哌啶-1-基)苯基)氨基)-5-氧代-5,6-二氢嘧啶并[4,5-d]哒嗪-2-基)哌啶-4-基)乙腈","2-(1-(4-((4-(4-Hydroxypiperidin-1-yl)phenyl)amino)-5-oxo-5,6-dihydropyrimido[4,5-d]pyridazin-2-yl)piperidin-4-yl)acetonitrile",毕得,25 mg,25,mg,1,485.8,not_stocked,xuguofeng,20250820
1198300-79-6,4-(环丙基氨基)-2-((4-(4-(乙基磺酰基)哌嗪-1-基)苯基)氨基)嘧啶-5-甲酰胺,4-(Cyclopropylamino)-2-((4-(4-(ethylsulfonyl)piperazin-1-yl)phenyl)amino)pyrimidine-5-carboxamide,毕得,50mg,50,mg,1,553,not_stocked,xuguofeng,20250820
646-01-5,3-(甲硫基)丙酸,3-(Methylthio)propionic ,毕得,25g,25,g,1,43.4,running_out,tangshuyuan,20250820
6223-35-4,"7-异丙基-1,4-二甲基甘菊环-3-磺酸钠","Sodium 7-Isopropyl-1,4-dimethylazulene-3-sulfonate",欣恒研,250mg,250,mg,1,95.2,not_stocked,wangyang,20250820
615-42-9,"1,2-二碘苯(邻二碘苯)","1,2-Diiodobenzene",毕得,100g*2,100,g,2,476.8,high_usage,liangyiqi,20250821
126747-14-6,4-氰基苯硼酸,4-Cyanophenylboronic acid,希恩思,5g,5,g,1,20.15,running_out,shihongwei,20250821
5963-77-9,2-戊炔酸 ,Pent-2-ynoic acid,毕得,1,,,1,65.8,not_stocked,shihongwei,20250821
,"3-(((1S,3S)-3-羧基环己基)氨基甲酰基)-4-(3-(4-(4-(环己基氧基)丁氧基)苯基)丙氧基)苯甲酸","3-(((1S,3S)-3-Carboxycyclohexyl)carbamoyl)-4-(3-(4-(4-(cyclohexyloxy)butoxy)phenyl)propoxy)benzoic acid
货号BD01466560",毕得,10mg,10,mg,1,3051.3,not_stocked,huangqianqian,20250821
1121057-75-7,"1,2,3,6-四氢吡啶-4-硼酸频哪醇酯盐酸盐"," 4-(4,4,5,5-Tetramethyl-1,3,2-dioxaborolan-2-yl)-1,2,3,6-tetrahydropyridine hydrochloride",毕得, 1 g,1,g,1,56,not_stocked,wangxi,20250821
22287-35-0,双环[1.1.1]戊烷-1-胺盐酸盐,Bicyclo[1.1.1]pentan-1-amine hydrochloride,毕得,1 g,1,g,1,100.1,not_stocked,wangxi,20250821
448-61-3,"2,4,6-三苯基吡喃鎓四氟硼酸盐","2,4,6-Triphenylpyrylium tetrafluoroborate",毕得,5 g,5,g,1,67.9,running_out,wangxi,20250821
522-66-7,"(R)-((1S,2S,4S,5R)-5-乙基奎宁环-2-基)(6-甲氧基喹啉-4-基)甲醇","(R)-((1S,2S,4S,5R)-5-Ethylquinuclidin-2-yl)(6-methoxyquinolin-4-yl)methanol",毕得,5 g,5,g,1,122.5,not_stocked,chenyichi,20250822
328-75-6,"1-硝基-3,5-二(三氟甲基)苯","1-Nitro-3,5-bis(trifluoromethyl)benzene",毕得,25 g,25,g,1,65.1,not_stocked,chenyichi,20250822
402-44-8,4-氟三氟甲苯,1-Fluoro-4-(trifluoromethyl)benzene,毕得,10 g,10,g,1,30.8,not_stocked,chenyichi,20250822
108-75-8,"2,4,6-三甲基吡啶 ","2,4,6-Trimethylpyridine",毕得,25 g,25,g,1,33.6,not_stocked,chenyichi,20250822
1975/5/8,乙腈(超干), Acetonitrile,百灵威J&K,500mLx2,500,ml,2,190,common_public,chenyichi,20250822
67-68-5,超干二甲基亚砜,Dimethyl sulfoxide,安耐吉,1L,1,L,1,139.3,not_stocked,liangyiqi,20250824
66-71-7,"1,10-菲罗啉","1,10-Phenanthroline",毕得医药,100g,100,g,1,115.5,not_stocked,liangyiqi,20250824
64695-78-9,"1,2-二氟-4,5-二溴苯","1,2-Dibromo-4,5-difluorobenzene",毕得医药,25 g,25,g,1,46.9,not_stocked,xuruilin,20250824
583-53-9,"1,2-二溴苯","1,2-Dibromobenzene",安耐吉,100g,100,g,1,139.3,not_stocked,liangyiqi,20250825
61272-76-2,2-碘-4-氟苯胺,4-Fluoro-2-iodoaniline,毕得医药,5g,5,g,1,23.1,not_stocked,liangyiqi,20250825
2708-97-6,"1,2-二碘四氟苯","1,2-Diiodotetrafluorobenzene",安耐吉,1g,1,g,1,97.3,not_stocked,liangyiqi,20250825
7632-00-0,亚硝酸钠,Sodium nitrite,通广,500g,500,g,1,15,not_stocked,liangyiqi,20250825
10102-17-7,硫代硫酸钠,Sodium thiosulfate,通广,500g,500,g,1,9.5,not_stocked,liangyiqi,20250825
110-51-0,BH3吡啶络合物,Borane - Pyridine Complex,毕得,25g,25,g,1,55.3,not_found,heyuji,20250825
7298-67-1,2-羟基-5-乙酰氨基苯乙酮,N1-(3-ACETYL-4-HYDROXYPHENYL)ACETAMIDE,毕得,25g,25,g,1,213.5,running_out,xuguofeng,20250825
122536-77-0,(R)-3-叔丁氧羰基氨基吡咯烷,(R)-3-(Boc-amino)pyrrolidine,毕得,10g,10,g,1,131.6,running_out,xuguofeng,20250825
693-13-0,"N,N'二异丙基碳二亚胺"," N,N'-Diisopropylcarbodiimide, 99%",百灵威J&K,5 gX4,5,g,4,51,running_out,tanhui,20250825
70955-01-0,4A型分子筛粉末 ,4Amolecularsievepowder,乐研,500 g,500,g,1,63,running_out,tanhui,20250825
119-61-9,二苯甲酮," Benzophenot_stocked, 99%",百灵威J&K,100 g,100,g,1,51,running_out,tanhui,20250825
402-45-9,对三氟甲基苯酚,4-(Trifluoromethyl)phenol,毕得,5 g,5,g,1,21,not_stocked,chenyichi,20250826
358-23-6,三氟甲磺酸酐,Trifluoromethanesulfonic anhydride,毕得,25 g * 2,25,g,2,124.6,running_out,chenyichi,20250826
624-73-7,"1,2-二碘乙烷","1,2-Diiodoethane",毕得,5 g,5,g,1,22.4,not_stocked,chenyichi,20250826
1591-31-7,4-碘联苯,"4-Iodo-1,1'-biphenyl",毕得,5 g,5,g,1,15.4,not_stocked,chenyichi,20250826
56553-60-7,三乙酰氧基硼氢化钠,Sodium triacetoxyhydroborate,毕得,100 g,100,g,1,23.1,running_out,chenyichi,20250826
106-93-4,"1,2-二溴乙烷","1,2-Dibromoethane",Admas,100 g,100,g,1,23.25,running_out,chenyichi,20250826
92-67-1,4氨基联苯,4-Aminobiphenyl,希恩斯,5 g,5,g,1,85,running_out,chenyichi,20250826
1941-27-1,四丁基硝酸铵,"	Tetrabutylammonium nitrate",希恩斯,25 g,25,g,1,40.3,running_out,chenyichi,20250826
920-66-1,"1,1,1,3,3,3-六氟-2-丙醇","1,1,1,3,3,3-Hexafluoro-2-propanol",希恩斯,100 g,100,g,1,29.9,common_public,chenyichi,20250826
4637-24-5,"1,1-二甲氧基-N,N-二甲基甲胺 ","N,N-Dimethylformamide Dimethyl Acetal",毕得 ,100g,100,g,1,18,not_stocked,zhuminghui,20250826
67354-34-1,4-(苄氧基)-3-氧代丁酸乙酯 ,Ethyl 4-(benzyloxy)-3-oxobutanoate,毕得 ,10g,10,g,1,126,running_out,zhuminghui,20250826
5370/1/4,"-(2,6-二甲基苯氧基)-丙基-2-胺盐酸盐","1-(2,6-Dimethylphenoxy)propan-2-amine hydrochloride",毕得,5g,5,g,1,48.3,not_stocked,wangxi,20250827
850649-61-5,"R)-2-((6-(3-氨基哌啶-1-基)-3-甲基-2,4-二氧代-3,4-二氢嘧啶-1(2H)-基)甲基)苯甲腈","(R)-2-((6-(3-Aminopiperidin-1-yl)-3-methyl-2,4-dioxo-3,4-dihydropyrimidin-1(2H)-yl)methyl)benzonitrile
货号BD113240",毕得,250 mg,250,mg,1,105,not_stocked,wangxi,20250827
54739-18-3,(E)-5-甲氧基-1-(4-(三氟甲基)苯基)戊-1-酮 O-(2-氨基乙基)肟,"(E)-5-Methoxy-1-(4-(trifluoromethyl)phenyl)pentan-1-one o-(2-aminoethyl) oxime
",毕得,100 mg,100,mg,1,168,not_stocked,wangxi,20250827
668270-12-0,"8-[(3R)-3-氨基-1-哌啶基]-7-(2-丁炔基)-3,7-二氢-3-甲基-1-[(4-甲基-2-喹唑啉基)甲基]-1H-嘌呤-2,6-二酮","(R)-8-(3-Aminopiperidin-1-yl)-7-(but-2-yn-1-yl)-3-methyl-1-((4-methylquinazolin-2-yl)methyl)-1H-purine-2,6(3H,7H)-dione	",毕得,1 g,1,g,1,121.8,running_out,wangxi,20250827
1446-61-3,"((1R,4aS,10aR)-7-异丙基-1,4a-二甲基-1,2,3,4,4a,9,10,10a-八氢菲-1-基)甲胺","((1R,4aS,10aR)-7-Isopropyl-1,4a-dimethyl-1,2,3,4,4a,9,10,10a-octahydrophenanthren-1-yl)methanamine",毕得,5 g,5,g,1,25.9,not_stocked,wangxi,20250827
10034-20-5,"1,3,4,6-四-O-乙酰基-2-氨基-2-脱氧-β-D-葡萄糖盐酸盐","(2S,3R,4R,5S,6R)-6-(Acetoxymethyl)-3-aminotetrahydro-2H-pyran-2,4,5-triyl triacetate hydrochloride
货号BD223740",毕得,1 g,1,g,1,21,not_stocked,wangxi,20250827
92-91-1,4-乙酰联苯,"1-([1,1'-Biphenyl]-4-yl)ethanot_stocked",毕得,25 g,25,g,1,44.1,not_stocked,chenyichi,20250828
1941-24-8,四甲基硝酸胺,Tetramethylammonium (nitrate),希恩斯,5 g,5,g,1,12.35,not_stocked,chenyichi,20250828
1941-26-0,四乙基硝酸铵,Tetraethylammonium (nitrate),希恩斯,5 g,5,g,1,95.2,not_stocked,chenyichi,20250828
7758-94-3,氯化亚铁(II),Iron(II)chloride,百灵威,1 g,1,g,1,27.9,running_out,chengzengrui,20250828
1493-13-6,"三氟甲磺酸
",Trifluoromethanesulfonic acid,J&K,25 g,25,g,1,123.25,running_out,chengzengrui,20250828
13965-03-2,"双(三苯基膦)二氯化钯(II)
","Dichlorobis(triphenylphosphine)palladium(II),",J&K,5 g,5,g,1,943.5,running_out,chengzengrui,20250828
60-29-7,乙醚,Diethyl Ether,通广,500ml*3,500,ml,3,52.5,running_out,chenyichi,20250828
27247-96-7,2-乙基己基硝酸酯,2-Ethylhexyl nitrate,阿拉丁,25 mL,25,mL,1,23.92,not_stocked,chenyichi,20250829
6674-22-2,"1,8-二氮杂双环[5.4.0]十一碳-7-烯","2,3,4,6,7,8,9,10-Octahydropyrimido[1,2-a]azepine",毕得 ,100 g,100,g,1,25.9,running_out,hanshuai,20250829
101-84-8,二苯醚,Diphenyl oxide,毕得 ,1000 g,1000,g,1,39.2,running_out,hanshuai,20250829
71026-66-9,"
(4-氨基苯基)氨基甲酸叔丁酯","	tert-Butyl (4-aminophenyl)carbamate",毕得 ,25g,25,g,1,133.7,running_out,hanshuai,20250829
52-90-4,(R)-2-氨基-3-巯基丙酸,(R)-2-Amino-3-mercaptopropanoic,毕得 ,10g,10,g,1,16.4,not_stocked,tangshuyuan,20250831
79424-03-6,"4,4,4-三氟丁炔-2-酸乙酯","Ethyl 4,4,4-trifluoro-2-butynoate",安耐吉,250mg,250,mg,1,27.3,not_stocked,wangyihan,20250901
89488-29-9,2-溴-4-甲氧基吡啶,2-Bromo-4-methoxypyridine,毕得,250mg,250,mg,1,19.6,not_stocked,wangyihan,20250901
396092-82-3,"2-溴-N,N-二甲基吡啶-4-胺","2-Bromo-N,N-dimethylpyridin-4-amine",乐研,100mg,100,mg,1,40.6,not_stocked,wangyihan,20250901
1193244-91-5,2-溴-4-甲巯基吡啶,2-Bromo-4-(methylthio)pyridine,MREDA,100mg,100,mg,1,286,not_stocked,wangyihan,20250901
625-69-4,"2,4-戊二醇","2,4-Pentanediol",毕得,5g,5,g,1,74.9,not_stocked,sunyichen,20250901
1269026-22-3,6-溴-3-羟基-5-甲基吡嗪-2-羧酸乙酯,Ethyl 6-bromo-3-hydroxy-5-methylpyrazine-2-carboxylate,毕得,5g,5,g,1,314.3,running_out,xuguofeng,20250901
151169-74-3,"2,3-二氯苯硼酸","2,3-Dichlorophenylboronic acid",毕得,10g,10,g,1,41.3,running_out,xuguofeng,20250901
13965-03-2,二(三苯基膦)氯化钯,Bis(triphenylphosphine)palladium(II) dichloride,毕得,5g,5,g,1,419.3,running_out,xuguofeng,20250901
81660-73-3,"异烟酸叔丁酯
",tert-Butyl isonicotinate,毕得,5g,5,g,1,218,not_stocked,zhuminghui,20250901
1976/5/1,三氟乙酸,Trifluoroacetic Acid,百灵威,100 mL *2,100,ml,2,275.4,running_out,chenyichi,20250901
1112-67-0,四丁基氯化铵,Tetrabutylammonium chloride,毕得,25 g,25,g,1,18.2,degraded,chenyichi,20250902
348-52-7,邻氟碘苯,1-Fluoro-2-iodobenzene,毕得,25 g,25,g,1,23.8,not_stocked,chenyichi,20250902
149104-90-5,4-乙酰基苯硼酸,4-Acetylphenylboronic acid,毕得,10 g,10,g,1,75.6,running_out,chenyichi,20250902
920-66-1,"1,1,1,3,3,3-六氟丙-2-醇","1,1,1,3,3,3-Hexafluoropropan-2-ol",毕得,500 g,500,g,1,160.3,common_public,chenyichi,20250902
1094520-55-4,四丁基氟化铵四叔丁醇络合物,Tetrabutylammonium fluoride tetra-2-methylpropan-2-ol complex,毕得,250 mg,250,mg,1,78.4,not_stocked,chenyichi,20250902
3710-30-3,"1,7-辛二烯","1,7-Octadiene",安耐吉,5ml,5,mL,1,21,not_stocked,zhaobinzhi,20250902
108-18-9,二异丙胺,Diisopropylamine,通广,500mL,500,mL,1,35,not_stocked,zhaobinzhi,20250902
98-59-9,4-甲苯磺酰氯,p-Toluenesulfonyl chloride,安耐吉,100g,100,g,1,14,not_stocked,zhaobinzhi,20250902
7553-56-2,碘单质,Iodine,安耐吉,100g,100,g,1,104.3,not_stocked,zhaobinzhi,20250902
3360-41-6,4-苯基丁醇,,毕得医药,25g,25,g,1,34.3,running_out,zhaobinzhi,20250710
5580-80-3,"2,3,4,5-四氟苯胺","2,3,4,5-Tetrafluoroaniline",毕得医药,1g,1,g,1,18.9,not_stocked,liangyiqi,20250902
2708-97-6,"1,2-二碘四氟苯","1,2-Diiodotetrafluorobenzene",毕得医药,5g,5,g,1,427.7,not_stocked,liangyiqi,20250902
3863/11/4,"3,4二氟苯胺","3,4-Difluoroaniline",百灵威J&K,5g,5,g,1,21,not_stocked,liangyiqi,20250902
100-47-0,苯甲腈,Benzonitrile,阿拉丁,100ml,100,mL,1,28,not_stocked,liangyiqi,20250902
7782-49-2,硒,Selenium,百灵威J&K,100g,100,g,1,141.1,high_usage,liangyiqi,20250902
67-68-5,超干二甲基亚砜,Dimethyl sulfoxide anhydrous,innochem,1L*2,1,l,2,200,not_stocked,liangyiqi,20250902
108-24-7,乙酸酐,Acetic anhydride,校内库房,500mL,500,mL,1,58,not_stocked,wangyihan,20250902
174855-57-3,4-(2-甲酰基苯基)哌嗪-1-羧酸叔丁酯,1-Boc-4-(2-Formylphenyl)piperazine,毕得,1 g*2,1,g,2,56,not_stocked,sulingyu,20250903
10217-52-4,"水合肼,85%水溶液",Hydrazine hydrate,通广,500ML,500,mL,1,177,not_stocked,xuguofeng,20250903
7298-67-1,2-羟基-5-乙酰氨基苯乙酮,N-(3-Acetyl-4-hydroxyphenyl)acetamide,毕得,25g,25,g,1,213.5,running_out,xuguofeng,20250903
163271-08-7,"
(4-甲基哌啶-4-基)氨基甲酸叔丁酯","
tert-Butyl (4-methylpiperidin-4-yl)carbamate",毕得,5g,5,g,1,186.9,not_stocked,xuguofeng,20250903
884495-41-4,"
2,3-二氯吡啶-4-甲醛","
2,3-Dichloroisonicotinaldehyde",毕得,5g,5,g,1,162.4,not_stocked,xuguofeng,20250903
4318-56-3,"
6-氯-3-甲基嘧啶-2,4(1H,3H)-二酮","
6-Chloro-3-methylpyrimidine-2,4(1H,3H)-dione",毕得,25g,25,g,1,25.9,not_stocked,xuguofeng,20250903
41059-02-3,9-溴壬酸,9-Bromononanoic acid,毕得,1g,1,g,1,21,not_stocked,wangkaixuan,20250903
829-85-6,二苯基膦,Diphenylphosphine,安耐吉,5ml,5,mL,1,21,not_stocked,wangkaixuan,20250903
2834/5/1,溴代十一酸,11-Bromoundecanoic acid,毕得,10 g,10,g,1,28.7,not_stocked,wangkaixuan,20250903
17113-33-6,2-苯基呋喃, 2-Phenylfuran,毕得,250mg,250,mg,1,191,not_stocked,zhuminghui,20250904
3226-65-1,(2S)-2-氨基-4-(甲基亚磺酰基)丁酸 (,2S)-2-Amino-4-(methylsulfinyl)butanoic acid,毕得,10g,10,g,1,112,not_stocked,zhuminghui,20250904
14517-29-4,硝酸钕五水合物 ,Neodymium nitrate pentahydrate,罗恩,25 g,25,g,1,60,not_stocked,chenyichi,20250904
13465-60-6,硝酸钪水合物,Scandium nitrate hydrate,希恩思,5 g,5,g,1,171.5,not_stocked,chenyichi,20250904
10297-73-1,4-甲砜基苯乙酮,4'-(Methylsulfonyl)acetophenot_stocked,毕得,10 g,10,g,1,23.1,not_stocked,chenyichi,20250904
1443-80-7,对氰基苯乙酮,4-Acetylbenzonitrile,毕得,10 g,10,g,1,35.7,not_stocked,chenyichi,20250904
16940-66-2,硼氢化钠,Sodium hydroborate,通广,100 g,100,g,1,260,running_out,chenyichi,20250904
1310-58-3,氢氧化钾甲醇溶液,methanolic KOH,麦克林,500ml,500,mL,1,70.55,not_stocked,wangyang,20250904
927-63-9,3-二甲氨基丙烯醛,3-(Dimethylamino)propenal,欣恒研,5g,5,g,1,136.8,not_stocked,wangyang,20250904
448-61-3,"2,4,6-三苯基吡喃鎓四氟硼酸盐","2,4,6-Triphenylpyrylium tetrafluoroborate",毕得,5 g,5,g,1,67.9,running_out,wangxi,20250905
773-01-3,"2,4,6-三甲基吡喃四氟硼酸盐","2,4,6-Trimethylpyryliumtetrafluoroborate",毕得,5 g,5,g,1,76.3,running_out,wangxi,20250905
57124-87-5,2-甲基-3-四氢呋喃硫醇,2-Methyl-3-tetrahydrofuranthiol,毕得,5 g,5,g,1,40.6,not_stocked,wangxi,20250905
40789-98-8,3-巯基-2-丁酮,2-Mercapto-3-butanot_stocked,毕得,25 g,25,g,1,37.1,not_stocked,wangxi,20250905
53988-10-6,2-巯基甲基苯并咪唑,Methyl-2-mercaptobenzimidazole,希恩斯,1g,1,g,1,32.5,not_stocked,wangxi,20250905
65864-64-4,(二氟甲基)三甲基-硅烷,Difluoromethyl)trimethylsilane,毕得,5 g,5,g,1,39.2,running_out,wangxi,20250905
7705-08-0,三氯化铁,"FERRIC CHLORIDE, ANHYDROUS",百灵威,5 g,5,g,1,51,running_out,wangxi,20250905
39895-56-2,4-胺甲基苯甲醇,4-(Aminomethyl)phenyl)methanol,毕得,1 g,1,g,1,107.8,not_stocked,wangxi,20250905
486460-32-6,"(R)-3-氨基-1-(3-(三氟甲基)-5,6-二氢[1,2,4]三唑并[4,3-a]吡嗪-7(8H)-基)-4-(2,4,5-三氟苯基)丁-1-酮","(R)-3-Amino-1-(3-(trifluoromethyl)-5,6-dihydro-[1,2,4]triazolo[4,3-a]pyrazin-7(8H)-yl)-4-(2,4,5-trifluorophenyl)butan-1-one",毕得,1 g,1,g,1,181.3,not_stocked,wangxi,20250905
584-08-7,碳酸钾, Potassium Carbonate,tci,100 g,100,g,1,112,running_out,tanhui,20250905
29805-11-6,1-(4-氯苯基)丙-2-炔-1-醇,1-(4-CHLORO-PHENYL)-PROP-2-YN-1-OL,MREDA,100 mg,100,mg,1,334.5,not_stocked,wangyihan,20250905
1976/5/1,三氟乙酸,Trifluoroacetic acid,安耐吉,25g,25,g,1,21,running_out,wangyihan,20250905
110-46-3,亚硝酸异戊酯,Isoamyl nitrite,百灵威J&K,100ML,100,mL,1,294.95,running_out,huangyilei,20250906
373-68-2,四甲基氟化铵,Tetramethylammonium fluoride,毕得医药,5g,5,g,1,105.7,not_stocked,liangyiqi,20250907
13826-86-3,硝酰氟硼酸酯,Nitryl Fluoborate,阿拉丁,1g,1,g,1,140.72,not_stocked,wengjincheng,20250907
937-14-4,间氯过氧苯甲酸,m-Chloroperoxybenzoic acid,安耐吉,25g*2,25,g,2,42,running_out,xuruilin,20250908
762-42-5,丁炔二酸二甲酯,Dimethyl but-2-ynedioate,毕得医药,10g,10,g,1,17.5,not_stocked,wangyihan,20250908
20762-60-1,"叠氮化钾
","potassium azide
",迈瑞达,5 g,5,g,1,165,running_out,chenyichi,20250908
27034-51-1,6-氯-吲哚-2-羧酸乙酯,6-Chloroindole-2-carboxylic acid ethyl ester,毕得医药,1g,1,g,1,32.9,running_out,tangshuyuan,20250908
2785-78-6,"3,6-二甲基苯-1,2-二醇","3,6-Dimethylbenzene-1,2-diol",毕得医药,250mg,250,mg,1,287,not_stocked,tangshuyuan,20250908
110-85-0,哌嗪,Piperazine,百灵威J&K,25G,25,g,1,51,not_stocked,huangyilei,20250910
74-95-3,二溴甲烷,Dibromomethane,Adamas,25g,25,g,1,20,not_stocked,huangyilei,20250910
32503-27-8,四丁基硫酸氢铵,Tetrabutylammonium hydrogensulfate,毕得医药,25g,25,g,1,16.8,not_stocked,liangyiqi,20250911
10519-96-7,三甲基硅醇钾,otassium trimethylsilanolate,毕得医药,25g,25,g,1,50.4,not_stocked,hanshuai,20250911
148893-10-1,"HATU    O-(7-氮杂苯并三唑-1-基)-N,N,N',N'-四甲基脲六氟磷酸盐  ","O-(7-Azabenzotriazol-1-yl)-N,N,N',N'-tetramethyl uronium hexafluorophosphate",毕得医药,25g,25,g,1,49,not_stocked,hanshuai,20250911
886762-73-8,2-氟-6-碘苯胺,2-Fluoro-6-iodoaniline,毕得医药,1g,1,g,1,104.3,not_stocked,liangyiqi,20250911
59-43-8,维生素B盐酸盐,Thiamine Chloride,凯国科技,10g,10,g,1,127.2,not_stocked,wengjincheng,20250912
123-91-1,"	1,4-二氧六环","	1,4-Dioxane",通广,500 mL,500,mL,1,28,not_stocked,hanshuai,20250912
189114-61-2,双三氟甲烷磺酰亚胺银,Silver bis(trifluoromethanesulfonyl)imide,百灵威J&K,5g,5,g,1,292.4,running_out,liangyiqi,20250912
100-01-6,对硝基苯胺,4-Nitroaniline,麦克林,25g,25,g,1,24,running_out,liangyiqi,20250912
79424-03-6,"4,4,4-三氟-2-丁炔酸乙酯","Ethyl 4,4,4-trifluoro-2-butynoate",欣恒研,1g,1,g,1,146.4,running_out,wangyihan,20250912
294-90-6,"1,4,7,10-四氮杂环十二烷","1,4,7,10-Tetraazacyclododecane",毕得医药,25g,25,g,1,51.1,not_stocked,huangyilei,20250913
4730-54-5,"1,4,7-三氮杂环壬烷","1,4,7-Triazacyclononane",毕得医药,1g,1,g,1,245.7,not_stocked,huangyilei,20250913
13093-04-4,"N1,N6-二甲基己烷-1,6-二胺","N1,N6-Dimethylhexane-1,6-diamine",毕得医药,5g,5,g,1,127.4,not_stocked,huangyilei,20250913
1159826-64-8,"2,8-二氮杂螺[4.5]癸烷二盐酸盐","2,8-Diazaspiro[4.5]Decane Dihydrochloride",Adamas,1g,1,g,1,55.5,not_stocked,huangyilei,20250913
74-88-4,碘甲烷, Iodomethane,百灵威J&K,302.6,,,1,100,running_out,huangyilei,20250914
10472-24-9,2-氧代环戊烷羧酸甲酯 ,Methyl 2-cyclopentanot_stockedcarboxylat,毕得,19.6,,,1,100,not_stocked,zhuminghui,20250914
88284-48-4,"	2-(三甲基甲硅烷基)苯基三氟甲磺酸酯","	2-(Trimethylsilyl)phenyl trifluoromethanesulfonate",毕得,352,,,1,25,not_stocked,zhuminghui,20250914
999-97-3,六甲基二硅氮烷,Hexamethyldisilazane,百灵威J&K,25ML,25,mL,1,54,running_out,zhuminghui,20250914
1013-23-6,"二苯并[b,d]噻吩5-氧化物 ","Dibenzo[b,d]thiophene 5-oxide",毕得,10g,10,g,1,525,not_stocked,zhuminghui,20250914
58101-60-3,3-环戊烯-1-甲酸甲酯 ,Methyl 3-cyclopentenecarboxylate,毕得,25g,25,g,1,114.8,not_stocked,zhuminghui,20250914
4111-54-0,二异丙基氨基锂 ,"Lithium diisopropylamide, 2.0 M solution ",jk,500ML,500,mL,1,248,running_out,zhuminghui,20250914
78-67-1,偶氮二异丁腈 ,"2,2'-Azoisobutyronitrile",jk,25g,25,g,1,56,not_found,zhuminghui,20250914
3112/1/4,"1-([1,1'-联苯]-3-基)乙酮","1-([1,1'-Biphenyl]-3-yl)ethanot_stocked",毕得,1 g,1,g,1,67.9,not_stocked,chenyichi,20250915
121-89-1,间硝基苯乙酮,3'-Nitroacetophenot_stocked,毕得,25 g,25,g,1,31.5,not_stocked,chenyichi,20250915
3609-53-8,4-乙酰基苯甲酸甲酯,Methyl 4-acetylbenzoate,毕得,25 g,25,g,1,96.6,running_out,chenyichi,20250915
110-54-3,正己烷,n-hexane,通广,500 mL,500,mL,1,16,common_public,chenyichi,20250915
3282-30-2,三甲基乙酰氯,Pivaloyl chloride,安耐吉,100 mL,100,mL,1,21,running_out,chenyichi,20250915
107-06-2,"1,2-二氯乙烷","1,2-Dichloroethane",安耐吉,500 mL,500,mL,1,14,common_public,chenyichi,20250915
100-07-2,对甲氧基苯甲酰氯,4-Methoxybenzoyl Chloride,安耐吉,25 g,25,g,1,28,running_out,wangxi,20250915
34403-46-8,(4-氨甲基)苯甲醇盐酸盐,(4-(Aminomethyl)phenyl)methanolhydrochloride,乐研,1 g,1,g,1,230.3,not_stocked,wangxi,20250915
612-16-8,2-甲氧基苯甲醇 ,(2-Methoxyphenyl)methanol,毕得,25 g,25,g,1,68.6,running_out,chenyichi,20250915
819050-89-0,"双[(α,α,α',α'-四甲基-1,3-苯二丙酸)铑] ","Bis[rhodium(α,α,α',α'-tetramethyl-1,3-benzenedipropionic acid)]",毕得,100mg,100,mg,1,214.9,not_stocked,zhuminghui,20250915
60-29-7,乙醚,Diethyl ether absolute,通广,500 mL,500,mL,1,18,common_public,huzhibin,20250915
108-88-3,甲苯,Toluene,通广,500 mL,500,mL,1,28,common_public,huzhibin,20250915
10139-47-6,碘化锌,Zinc iodide,毕得医药,25 g,25,g,1,29.4,not_stocked,huzhibin,20250915
5425-44-5,"2-苯基-1,3-二噻烷","2-Phenyl-1,3-dithiane",毕得医药,10 g,10,g,1,60.2,not_stocked,huzhibin,20250915
1270-98-0,环戊二烯基三氯化钛(IV),Cyclopentadienyltitanium trichloride,毕得医药,1 g,1,g,1,44.1,degraded,huzhibin,20250915
1271-19-8,二氯二茂钛,Titanocenedichloride,毕得医药,25 g,25,g,1,35.7,degraded,huzhibin,20250915
2857-97-8,三甲基溴硅烷,Bromotrimethylsilane,希恩斯,25g,25,g,1,19.5,not_stocked,huzhibin,20250916
75-75-2,甲磺酸,Methanesulfonic acid,百灵威,25 mL*2,25,ml,2,110.5,running_out,chenyichi,20250916
1493-13-6,三氟甲磺酸,Trifluoromethanesulfonic acid,希恩斯,25 g,25,g,1,59.8,running_out,chenyichi,20250916
67-64-1,丙酮,Acetone,通广,500 mL,500,mL,1,24,running_out,huzhibin,20250917
109-72-8,正丁基锂,Diisopropylamine,jk,100ML,100,mL,1,196,not_stocked,zhuminghui,20250917
108-18-9,二异丙基胺,Diisopropylamine,jk,100ML,100,mL,1,157,not_stocked,zhuminghui,20250917
58101-60-3,3-环戊烯-1-甲酸甲酯 ,Methyl 3-cyclopentenecarboxylate,毕得,25g,25,g,1,114.8,not_stocked,zhuminghui,20250917
645-59-0,3-苯基丙腈,3-Phenylpropionitrile,毕得,5g*2,5,g,2,97.3,running_out,huzhibin,20250917
7757-82-6,无水硫酸钠,,通广,500 g*10,500,g,10,9.5,common_public,huzhibin,20250917
75-77-4,三甲基氯硅烷,Chlorotrimethylsilane,伊诺凯,100ml,100,mL,1,36,running_out,huzhibin,20250917
71989-31-6,"
Fmoc-L-脯氨酸","
Fmoc-Pro-OH",毕得,25g,25,g,1,29.4,high_usage,wangkaixuan,20250918
29022-11-5,"
Fmoc-甘氨酸",2-((((9H-Fluoren-9-yl)methoxy)carbonyl)amino)acetic acid,希恩思,5g,5,g,1,12.35,high_usage,wangkaixuan,20250918
7722-84-1,过氧化氢,hydrogen peroxide,通广,500ml,500,mL,1,25,running_out,huzhibin,20250919
288-32-4,咪唑,Imidazole,百灵威,100 g,100,g,1,45.05,running_out,huzhibin,20250919
7447-39-4,氯化铜,Copper(II) chloride,百灵威,101 g,101,g,1,85,degraded,huzhibin,20250919
7647-14-5,氯化钠,Sodium chloride,泰坦,500g*6,500,g,6,9,common_public,huzhibin,20250919
10102-17-7,硫代硫酸钠,,通广,500g*2,500,g,2,9.5,common_public,huzhibin,20250919
1662-01-7,"4,7-二苯基-1,10-菲啰啉","4,7-Diphenyl-1,10-phenanthroline",毕得医药,1g,1,g,1,18.9,not_stocked,huzhibin,20250921
1807503-92-9,溴代-二聚乙二醇-羧酸,3-(2-(2-Bromoethoxy)ethoxy)propanoic acid,毕得医药,250mg,250,mg,1,135.8,not_stocked,wangkaixuan,20250921
1393330-33-0,3-(2-溴乙氧基)丙酸,3-(2-Bromoethoxy)propanoic acid,毕得医药,250mg,250,mg,1,218.4,not_stocked,wangkaixuan,20250921
1064194-10-0,3-溴氮杂环丁烷-1-甲酸叔丁酯,tert-Butyl 3-bromoazetidine-1-carboxylate,毕得医药,1g,1,g,1,32.9,not_stocked,wangkaixuan,20250921
158407-04-6,4-(溴甲基)哌啶-1-甲酸叔丁酯,tert-Butyl 4-(bromomethyl)piperidine-1-carboxylate,毕得医药,5g,5,g,1,62.3,not_stocked,wangkaixuan,20250921
72287-26-4,"[1,1-双(二苯基磷)二茂铁]二氯化钯","[1,1'-Bis(diphenylphosphino)ferrocene]dichloropalladium(II)",毕得医药,1g*2,1,g,2,96.6,high_usage,wangkaixuan,20250921
470478-90-1,4(4Boc1哌嗪基)苯硼酸频哪醇酯,4-(4-Boc-piperazino)phenylboronic Acid Pinacol Ester,Accela,10g,10,g,1,324,high_usage,wangkaixuan,20250921
1979/8/3,溴乙酸 ,Bromoacetic acid,阿拉丁,25g,25,g,1,32.72,not_stocked,wangkaixuan,20250921
2206-26-0,氘代乙腈,"2,2,2-trideuterioacetonitrile",弗珍/FUSION,0.5 mL ×6,,,1,43.4,not_stocked,wangyihan,20250921
367-30-6,"2,5-二氟苯胺","2,5-Difluoroaniline",毕得医药,5g,5,g,1,17.5,not_stocked,liangyiqi,20250922
536-66-3,4-异丙基苯甲酸,4-Isopropylbenzoic acid,毕得,25 g,25,g,1,65.8,not_stocked,chenyichi,20250922
1122-54-9,4-乙酰吡啶,4-Acetylpyridine,毕得,10 g,10,g,1,14.7,not_stocked,chenyichi,20250922
579-74-8,邻甲氧基苯乙酮,1-(2-Methoxyphenyl)ethanot_stocked,毕得,10 g,10,g,1,35.7,not_stocked,chenyichi,20250922
2142-70-3,2-碘苯乙酮,1-(2-Iodophenyl)ethanot_stocked,毕得,10 g,10,g,1,45.5,not_stocked,chenyichi,20250922
2454-35-5,3-乙酰氧基苯乙酮, 3-Acetylphenyl acetate,毕得,5 g,5,g,1,109.9,not_stocked,chenyichi,20250922
7757-82-6,硫酸钠,sodium sulfate,希恩斯,1 kg,1,kg,1,19.5,not_stocked,chenyichi,20250922
7782-68-5,碘酸,Iodic acid,阿拉丁,25g,25,g,1,65.44,not_stocked,liangyiqi,20250922
3587-60-8,苄基氯甲基醚,Benzyl chloromethyl ether,毕得,25g,25,g,1,18.9,not_stocked,xuguofeng,20250922
34572-31-1,5-甲氧基-2-甲基-1H-吲哚-3-羧酸乙酯,Ethyl 5-methoxy-2-methyl-1H-indole-3-carboxylate,毕得,1g,1,g,1,318.5,not_stocked,wangzimei,20250923
53855-47-3,2-甲基吲哚-3-羧酸乙酯,Ethyl 2-methyl-1H-indole-3-carboxylate,毕得,1g,1,g,1,56.7,not_stocked,wangzimei,20250923
7598-91-6,2-甲基-(3-甲酸乙酯)-5-羟基吲哚,Ethyl 5-hydroxy-2-methyl-1H-indole-3-carboxylate,毕得,1g,1,g,1,67.9,not_stocked,wangzimei,20250923
350-30-1,1-氟-2-氯-4-硝基苯,3-Chloro-4-fluoronitrobenzene,毕得,100g,100,g,1,21.7,not_stocked,wangzimei,20250923
83948-53-2,N-(3-溴丙基)氨基甲酸叔丁酯,tert-Butyl N-(3-Bromopropyl)carbamate,毕得,25g,25,g,1,74.9,not_stocked,wangzimei,20250923
20762-60-1,"叠氮化钾
","potassium azide
",迈瑞达,5 g,5,g,1,157,running_out,chenyichi,20250923
84-58-2,"	2,3-二氯-5,6-二氰基苯醌(DDQ)","1,2-Dichloro-4,5-Dicyanobenzoquinot_stocked",虹湖联合,25g,25,g,1,45,running_out,chenyichi,20250923
72804-96-7,二苯基膦酰羟胺,O-Diphenylphosphinylhydroxylamine,毕得,10 g,10,g,1,48.3,not_stocked,chenyichi,20250923
645-59-0,3-苯基丙腈,3-Phenylpropionitrile,adamas,5g*2,5,g,2,93,running_out,huzhibin,20250923
505-23-7,"1,3-二噻烷","1,3-Dithiane",毕得,25 g,25,g,1,137.9,not_stocked,huzhibin,20250923
103-63-9,beta-溴代苯乙烷,(2-Bromoethyl)benzene,毕得,25 g,25,g,1,18.9,not_stocked,huzhibin,20250923
109-80-8,"1,3-丙二硫醇","1,3-Propanedithiol",毕得,25g,25,g,1,56.7,running_out,huzhibin,20250923
75-89-8,三氟乙醇,"2,2,2-Trifluoroethanol",Adamas,100 g,100,g,1,32,not_stocked,chenyichi,20250923
762-42-5,丁炔二酸二甲酯,Dimethyl acetylenedicarboxylate,安耐吉,5g,5,g,1,14,running_out,wangyihan,20250925
4553-62-2,"
2-甲基戊二腈","
2-Methylglutaronitrile",毕得,5g,5,g,1,17.5,not_stocked,sunyichen,20250926
59-51-8,甲硫氨酸,2-Amino-4-(methylthio)butanoic acid,毕德,25g,25,g,1,21.7,not_stocked,tangshuyuan,20250928
7722-84-1,双氧水,hydrogen peroxide,通广,500ml,500,mL,1,25,degraded,tangshuyuan,20250928
516-12-1,N-碘代丁二酰亚胺 (NIS),"1-Iodopyrrolidine-2,5-dione",毕得医药,10g,10,g,1,18.2,not_stocked,liangyiqi,20250930
123-91-1,"1,4-二氧六环"," 1,4-Dioxane",通广,500 mL,500,mL,1,148,not_stocked,shihongwei,20251001
13635-04-6,3-羟基-3-甲基丁腈,3-Hydroxy-3-methylbutanenitrile,毕得,5g,5,g,1,254.8,not_stocked,huzhibin,20251002
20762-60-1,叠氮化钾,Potassium azide,伊诺凯,5g,5,g,1,264.8,not_stocked,liangyiqi,20251002
19781-86-3,8-十六炔,8-Hexadecyne,阿拉丁,1ml,1,mL,1,305,not_stocked,liangyiqi,20251002
98-59-9,对甲苯磺酰氯,p-Toluenesulfonyl chloride,百灵威J&K,100g,100,g,1,57.8,not_stocked,liangyiqi,20251002
,,,,,,,1,,not_stocked,admin,
533-68-6,2-溴丁酸乙酯,Ethyl 2-bromobutanoate,毕得,25g,25,g,1,15.4,not_stocked,zhaobinzhi,20251003
19689-97-5,羟基(甲基)氨基甲酸叔丁酯,tert-Butyl hydroxy(methyl)carbamate,毕得,5 g,5,g,1,312.9,not_stocked,wangxi,20251003
785-56-8,"3,5-双三氟甲基苯甲酰氯"," 3,5-bis(trifluoromethyl)benzoylchloride",毕得,25 g,25,g,1,130.2,running_out,wangxi,20251003
136-47-0,4-(丁胺基)苯甲酸-2-(二甲氨基)乙酯盐酸盐,2-(Dimethylamino)ethyl 4-(butylamino)benzoate hydrochloride,毕得,5 g,5,g,1,80.5,not_stocked,wangxi,20251003
17481-19-5,3-氯-1-丙硫醇,3-Chloro-1-propanethiol,毕得,250 mg,250,mg,1,96.6,not_stocked,wangxi,20251003
31521-83-2,2-(2-(2-甲氧基乙氧基)乙氧基)乙硫醇,2-(2-(2-Methoxyethoxy)ethoxy)ethanethiol,毕得,250 mg,250,mg,1,233.8,not_stocked,wangxi,20251003
120-75-2,2-甲基苯并噻唑 ,2-Methylbenzothiazole,毕得,5 g,5,g,1,21,not_stocked,wangxi,20251003
148757-88-4,"4,4,5,5,5-五氟戊烷-1-硫醇","4,4,5,5,5-Pentafluoropentane-1-thiol",毕得,1g,1,g,1,161.7,not_stocked,wangxi,20251003
13735-81-4,1-苯基-1-三甲基硅氧乙烯,Trimethyl[(1-phenylvinyl)oxy]silane,毕得,25 g,25,g,1,220.5,not_stocked,zhaobinzhi,20251003
2206-26-0,氘代乙腈,"2,2,2-trideuterioacetonitrile",弗珍,10*0.5ml,0.5,ml,10,331.8,running_out,wangyihan,20251004
516-12-1,N-碘代丁二酰亚胺 (NIS),"1-Iodopyrrolidine-2,5-dione",毕得,100g,100,g,1,111.3,not_stocked,huzhibin,20251005
104-53-0,苯丙醛,3-Phenylpropanal,毕得,25g,25,g,1,30.1,running_out,huzhibin,20251005
121-44-8,三乙胺,Triethylamine,通广,500 mL,500,mL,1,18,not_stocked,hanshuai,20251005
7647-01-0,盐酸,,现代东方,500ML,500,mL,1,16,not_stocked,hanshuai,20251005
5219-61-4,(苯硫基)乙基腈,2-(Phenylthio)acetonitrile,毕得,5 g,5,g,1,195.3,not_stocked,huzhibin,20251006
1119-60-4,6-庚烯酸,6-heptenoic acid,毕得 ,25g,25,g,1,424.2,not_stocked,zhaobinzhi,20251007
7787-58-8,溴化铋(Ⅲ),Bismuth (III) Bromide,希恩思,100 g,100,g,1,443.3,running_out,shihongwei,20251007
367-30-6,"2,5-二氟苯胺","2,5-Difluoroaniline",毕得医药,5g,5,g,1,17.5,running_out,liangyiqi,20251007
18982-54-2,2-溴苄醇 ,2-Bromobenzyl alcohol,毕得医药,10 g,10,g,1,18.2,not_stocked,shihongwei,20251007
4858-85-9,"2,3-二氯吡嗪","2,3-Dichloropyrazine",毕得医药,10g,10,g,1,25.9,not_stocked,liangyiqi,20251007
1074-16-4,2-溴苯乙醇, 2-(2-Bromophenyl)ethanol,毕得医药,10 g,10,g,1,37.8,not_stocked,shihongwei,20251007
107-06-2,"1,2-二氯乙烷","1,2-Dichloroethane",通广,500ml*4,500,ml,4,154,running_out,liangyiqi,20251007
139152-08-2,"4,5-二氯邻苯二甲腈","4,5-Dichlorophthalonitrile",毕得医药,1g,1,g,1,49,not_stocked,liangyiqi,20251007
1777-03-3,(三乙基硅基)炔,(Triethylsilyl)acetylene,毕得,5g*2,5,g,2,26.6,not_stocked,huzhibin,20251007
1179986-79-8,(4-碘-环己基)-氨基甲酸叔丁酯,tert-Butyl (4-iodocyclohexyl)carbamate,毕得,1g,1,g,1,264.6,not_stocked,huotongyu,20251007
870195-94-1,"2-(2-氯苯基)-4,4,5,5-四甲基-1,3,2-二氧杂环戊硼烷 ","2-(2-Chlorophenyl)-4,4,5,5-tetramethyl-1,3,2-dioxaborolane",毕得,5g,5,g,1,27.3,not_stocked,huotongyu,20251007
22510-08-3,2-氟-5-硝基苯酚,2-Fluoro-5-nitrophenol,毕得,5g,5,g,1,86.8,not_stocked,huotongyu,20251007
164365-88-2,4-(Boc-氨基)丁基溴,tert-butyl (4-bromobutyl)carbamate,毕得,5g,5,g,1,192,not_stocked,huotongyu,20251007
39684-80-5,N-Boc-溴乙胺 98%,tert-Butyl N-(2-bromoethyl)carbamate,麦克林,5g,5,g,1,68,not_stocked,huotongyu,20251007
625-82-1,,,毕得,10g,10,g,1,84.7,not_stocked,wangyang,20251008
2199-58-8,"3,5-二甲基-2-吡咯甲醛","3,5-Dimethyl-1H-pyrrole-2-carbaldehyde",毕得,11g,11,g,1,140,running_out,wangyang,20251008
65350-59-6,,1-Butyl-4-methylpyridin-1-ium bromide,毕得,1g,1,g,1,16.1,not_stocked,wangyang,20250918
77794-93-5,,"N-Benzyl-N,N-diethylethanaminium tetrafluoroborate",毕得,5g,5,g,1,36.4,not_stocked,wangyang,20250918
29684-56-8,N-(三乙基铵磺酰)氨基甲酸甲酯,Burgess reagent,毕得,25 g,25,g,1,58.1,running_out,chengzengrui,20251009
110-05-4,"二叔丁基过氧化物
",二叔丁基过氧化物 Di-tert-butyl peroxide,百灵威J&K,25 mL,25,mL,1,82.45,running_out,chengzengrui,20251009
10035-10-6,"氢溴酸
","Hydrobromic acid, for synthesis, 48 wt.% solution in H2O",百灵威J&K,100 mL,100,mL,1,44.2,running_out,chengzengrui,20251009
14167-18-1,"二水杨醛缩乙二胺钴
",Ethylenebis(salicylideneiminato)cobalt(II),毕得,5 g,5,g,1,18.9,not_stocked,chengzengrui,20251009
407-25-0,"三氟乙酸酐
",Trifluoroacetic anhydride,百灵威J&K,100 g,100,g,1,113.05,running_out,chengzengrui,20251009
1301-96-8,"氧化银(II)
",Silver(II) oxide,百灵威J&K,1 g,1,g,1,124.1,not_stocked,chengzengrui,20251009
20667-12-3,氧化银(I),Silver(I) oxide,百灵威J&K,10 g,10,g,1,306,running_out,chengzengrui,20251009
588-16-9,3'-甲氧基乙酰苯胺,N-(3-Methoxyphenyl)acetamide,毕得,5 g,5,g,1,121.1,not_stocked,chengzengrui,20251009
1490-25-1,丁二酸单甲酯酰氯,Methyl 4-chloro-4-oxobutanoate,安耐吉,5g,5,g,1,59.5,not_stocked,xuguofeng,20251009
56602-33-6,苯并三唑-1-二(三甲氨基)瞵-六氟磷酸酯,1H-Benzotriazol-1-yloxytris(dimethylamino)phosphonium Hexafluorophosphate,毕得,100g,100,g,1,77,running_out,xuguofeng,20251009
33089-15-5,4-氯-2-甲硫基嘧啶-5-腈,4-Chloro-2-(methylthio)pyrimidine-5-carbonitrile,毕得,5g,5,g,1,142.8,not_stocked,xuguofeng,20251009
170911-92-9,4-(4-氨基苯基)哌嗪-1-羧酸叔丁酯,tert-Butyl 4-(4-aminophenyl)piperazine-1-carboxylate,毕得,5g,5,g,1,42.7,not_stocked,xuguofeng,20251009
16152-51-5,4-异丙基苯硼酸,4-Isopropylphenylboronic acid,毕得,10 g,10,g,1,134.4,not_stocked,chenyichi,20251009
3446-90-0,4-(甲硫基)苄醇,4-(Methylthio)benzyl Alcohol,毕得,5  g,5,g,1,59.5,not_stocked,chenyichi,20251009
7757-83-7,亚硫酸钠,Sodium sulfite,毕得,500 g,500,g,1,25.9,not_stocked,chenyichi,20251009
403-39-4,1-氟-4-异丙基苯,1-Fluoro-4-isopropylbenzene,毕得,1 g,1,g,1,125.3,not_stocked,chenyichi,20251009
479-92-5,"4-异丙基-1,5-二甲基-2-苯基-1H-吡唑-3(2H)-酮","4-Isopropyl-1,5-dimethyl-2-phenyl-1H-pyrazol-3(2H)-one",毕得,1 g,1,g,1,47.6,not_stocked,chenyichi,20251009
920-66-1,"1,1,1,3,3,3-六氟丙-2-醇","1,1,1,3,3,3-Hexafluoropropan-2-ol",毕得,500 g,500,g,1,160.3,running_out,chenyichi,20251009
108-75-8,"2,4,6-三甲基吡啶","2,4,6-Trimethylpyridine",毕得,25 g,25,g,1,33.6,not_stocked,chenyichi,20251009
4774-15-6,"2,6-二甲氧基吡嗪","2,6-Dimethoxypyrazine",毕得,5  g,5,g,1,28,not_stocked,chenyichi,20251009
1313-82-2,硫化钠,Sodium Sulfide,虹湖联合（安耐吉代理）,10g,10,g,1,36,not_stocked,wengjincheng,20251009
3544-25-0,4-氨基苯基乙腈,2-(4-Aminophenyl)acetonitrile,毕得,5g,5,g,1,14.7,not_stocked,sunyichen,20251009
13331-23-2,"
呋喃-2-硼酸","
Furan-2-ylboronic acid",毕得,5g,5,g,1,46.2,degraded,sunyichen,20251009
110-82-7,环己烷,"
Cyclohexane",安耐吉,100mL,100,mL,1,10.5,not_stocked,sunyichen,20251009
287-92-3,环戊烷,Cyclopentane,安耐吉,100mL,100,mL,1,14,not_stocked,sunyichen,20251009
6982-39-4,反式-2-氨基环己醇,Trans-2-Amino-Ccyclohexanol,罗恩,5g,5,g,1,56,not_stocked,sunyichen,20251009
6293-83-0,2-碘-4-硝基苯胺,2-Iodo-4-nitroaniline,毕得医药,1g,1,g,1,16.8,not_stocked,liangyiqi,20251009
79271-56-0,三氟甲磺酸三乙基硅酯 ,Triethylsilyl trifluoromethanesulfonate,毕得医药,5g,5,g,1,20.3,not_stocked,yuyihan,20251010
88189-03-1,三氟甲基磺酸铋 ,Bismuth(III) trifluoromethanesulfonate,毕得医药,5g,5,g,1,26.6,not_stocked,yuyihan,20251010
17159-79-4,对环己酮甲酸乙酯 ,Ethyl 4-oxocyclohexanecarboxylate,毕得医药,25g,25,g,1,20.3,not_stocked,yuyihan,20251010
872-50-4,, 1-Methyl-2-pyrrolidinot_stocked,毕得医药,500g,500,g,1,21.7,not_stocked,yuyihan,20251010
27607-77-8,三氟甲磺酸三甲基硅酯 ,Trimethylsilyl trifluoromethanesulfonate,毕得医药,10g,10,g,1,42,not_stocked,yuyihan,20251010
130783-02-7,"3,5-二(三氟甲基)苯硫酚 ","3,5-Bis(trifluoromethyl)benzenethiol",毕得医药,1g,1,g,1,24.5,not_stocked,yuyihan,20251010
108-75-8,"2,4,6-三甲基吡啶 ","2,4,6-Trimethylpyridine",毕得医药,25g,25,g,1,33.6,not_stocked,yuyihan,20251010
1403850-00-9,"2,4,6-三(二苯基氨基)-3,5-二氟苯腈 ","2,4,6-Tris(diphenylamino)-3,5-difluorobenzonitrile",毕得医药,100mg,100,mg,1,63,not_stocked,yuyihan,20251010
506-87-6,碳酸铵 ,Ammonium carbonate,毕得医药,1kg,1,kg,1,25.2,not_stocked,yuyihan,20251010
10544-50-0,八硫杂环辛烷 ,Octathiocane,毕得医药,1g,1,g,1,109.9,not_stocked,yuyihan,20251010
10544-50-0,八硫杂环辛烷 ,Octathiocane,毕得医药,1g,1,g,1,109,not_stocked,yuyihan,20251010
75091-99-5,4-(三氟甲基)环己酮 ,4-(Trifluoromethyl)cyclohexanot_stocked,毕得医药,1g,1,g,1,164.5,not_stocked,yuyihan,20251010
108-94-1,环己酮 ,Cyclohexanot_stocked,百灵威J&K,1L,1,L,1,58.65,not_stocked,yuyihan,20251010
2923-28-6,三氟甲磺酸银,SILVER TRIFLUOROMETHANESULFONATE,希恩斯,25 g,25,g,1,169,not_stocked,chenyichi,20251010
5963-77-9,2-戊炔酸,Pent-2-yonic acid,阿拉丁,5g,5,g,1,382,not_stocked,yanruijie,20251010
470478-90-1,4(4Boc1哌嗪基)苯硼酸频哪醇酯,4-(4-Boc-piperazino)phenylboronic Acid Pinacol Ester,毕得,5g,5,g,1,152.6,not_stocked,wangkaixuan,20251010
7664-93-9,硫酸,,现代东方,500ml,500,mL,1,18,not_stocked,huzhibin,20251010
60-29-7,无水乙醚,Diethyl ether absolute,通广,500 ml*6,500,ml,6,18,common_public,huzhibin,20251010
4111-54-0,二异丙基氨基锂,"Lithium diisopropylamide, 2.0 M solution ",百灵威,100ML,100,mL,1,88,running_out,huzhibin,20251010
3544-25-0,4氨基苯乙腈,4-Aminobenzyl cyanide,百灵威,5g,5,g,1,21,not_stocked,sunyichen,20251012
204255-11-8,磷酸奥司他韦,Oseltamivir phosphate,毕得,5 g,5,g,1,326.9,running_out,wangxi,20251013
121-88-0,"	2-氨基-5-硝基苯酚", 2-Amino-5-nitrophenol,百灵威,25 g,25,g,1,31,not_stocked,wangxi,20251013
12148-71-9,"
甲氧基(环辛二烯)合铱二聚体","
(1,5-Cyclooctadiene)(methoxy)iridium dimer",欣恒研,100 mg,100,mg,1,197.6,degraded,wangyang,20251013
625-82-1,"
2,4-二甲基吡咯","2,4-Dimethyl-1H-pyrrole",毕得,25g,25,g,1,206.5,running_out,wangyang,20251013
2199-58-8,"
3,5-二甲基-2-吡咯甲醛","
3,5-Dimethyl-1H-pyrrole-2-carbaldehyde",毕得,25g,25,g,1,315,running_out,wangyang,20251013
3796-24-5,"
4-三氟甲基吡啶","
4-(Trifluoromethyl)pyridine",毕得,5g*3,5,g,3,150.5,running_out,wangyang,20251013
489-84-9,"
7-异丙基-1,4-二甲基薁","
7-Isopropyl-1,4-dimethylazulene",毕得,25g,25,g,1,317.1,running_out,wangyang,20251013
3862-73-5,"2,3,4-三氟苯胺","2,3,4-Trifluoroaniline",毕得医药,5g,5,g,1,11.2,not_stocked,liangyiqi,20251013
676-26-6,14-溴十四烷酸,14-Bromotetradecanoic acid,毕得医药,250 mg,250,mg,1,101.5,not_stocked,wangkaixuan,20251013
73367-80-3,12-溴十二烷酸,12-Bromododecanoic acid,毕得医药,1 g,1,g,1,91.7,not_stocked,wangkaixuan,20251013
789-25-3,三苯基硅烷,Triphenylsilane,毕得医药,10g,10,g,1,25.9,not_stocked,zhaobinzhi,20251014
3360-41-6,4-苯基丁醇,4-Phenylbutan-1-ol,毕得医药,25g,25,g,1,34.3,not_stocked,zhaobinzhi,20251014
25015-63-8,"4,4,5,5-四甲基-1,3,2-二氧杂环戊硼烷","4,4,5,5-Tetramethyl-1,3,2-dioxaborolane",毕得医药,"
25g",25,g,1,51.8,not_stocked,zhaobinzhi,20251014
2767-90-0,1-吡啶-4-哌啶,(1-Pyridin-4-yl)piperidine,毕得医药,25g,25,g,1,75.6,not_stocked,zhaobinzhi,20251014
766-77-8,,,毕得医药,5g,5,g,1,18.9,not_stocked,zhaobinzhi,20251015
75-22-9,三甲氨基硼烷,Trimethylamine Borane,毕得医药,5g,5,g,1,49,running_out,huzhibin,20251015
4786-20-3,2-丁烯腈,2-Butenenitrile,安耐吉,5ml,5,mL,1,25.2,not_stocked,huzhibin,20251015
4028-63-1,"2,4,6-三甲基碘苯","2,4,6-Trimethyliodobenzene",毕得医药,5g,5,g,1,24.5,not_stocked,huzhibin,20251015
108-67-8,均三甲苯,Mesitylene,安耐吉,100mL,100,mL,1,14,not_stocked,huzhibin,20251015
2537-48-6,氰甲基膦酸二乙酯,Diethyl (cyanomethyl)phosphonate,毕得医药,"25g	",25,g,1,23.1,running_out,huzhibin,20251015
865-34-9,甲醇锂,Lithium Methoxide,Adamas,5g,5,g,1,14,not_stocked,zhaobinzhi,20251015
3551-55-1,"2,4-二甲氧基嘧啶 ","2,4-Dimethoxypyrimidine",毕得医药,5  g,5,g,1,25.2,not_stocked,chenyichi,20251016
3240-34-4,碘苯二乙酸,Diacetoxyiodo)benzene,毕得医药,10 g,10,g,1,23.1,not_stocked,chenyichi,20251016
2712-78-9,[双(三氟乙酰氧基)碘]苯,Bis(trifluoroacetoxy)iodo)benzene,毕得医药,5  g,5,g,1,14.7,not_stocked,chenyichi,20251016
84-58-2,"2,3-二氯-5,6-二氰基-1,4-苯醌",DDQ,虹湖联合,100 g,100,g,1,149,running_out,chenyichi,20251016
82113-65-3,双三氟甲烷磺酰亚胺,"1,1,1-Trifluoro-N-((trifluoromethyl)sulfonyl)methanesulfonamide",毕得医药,25 g,25,g,1,115.5,running_out,chenyichi,20251016
288-88-0,"1,2,4-三氮唑","1H-1,2,4-Triazole",毕得医药,100 g,100,g,1,18.9,running_out,chenyichi,20251016
591-50-4,碘苯,Iodobenzene,毕得医药,100 g,100,g,1,114.8,running_out,chenyichi,20251016
7789-20-0,重水,Deuterium Oxide,毕得医药,25 g,25,g,1,364,running_out,chenyichi,20251016
534-17-8,碳酸铯,Cesium carbonate,毕得医药,25 g,25,g,1,62.3,not_stocked,chenyichi,20251016
1070-89-9,双(三甲基硅基)氨基钠,"Sodium bis(trimethylsilyl)amide, 1.0 M solution in THF",百灵威J&K,25 mL,25,mL,1,51,not_stocked,chenyichi,20251016
1159823-54-7,4-哌嗪-1-苯甲醛盐酸盐,"	Benzaldehyde, 4-(1-piperazinyl)-, hydrochloride ",上海泰坦,1 g,1,g,1,189,not_stocked,wangxi,20251016
4295-36-7,"2,3-二氢-1H-喹啉-4-酮","2,3-Dihydroquinolin-4(1H)-one",毕得 ,1 g,1,g,1,59.5,not_stocked,wangxi,20251016
56613-81-1,(S)2氨基1苯乙醇,(S)-2-Amino-1-phenylethanol,百灵威,1 g,1,g,1,46,not_stocked,wangxi,20251016
110-05-4,"二叔丁基过氧化物
",二叔丁基过氧化物 Di-tert-butyl peroxide,百灵威J&K,25 mL,25,mL,1,82.45,running_out,chengzengrui,20251009
621-42-1,N-(3-羟基苯基)乙酰胺, N-(3-Hydroxyphenyl)acetamide,毕得,10 g,10,g,1,22.4,running_out,chengzengrui,20251016
74-95-3,"二溴甲烷
", Dibromomethane,百灵威,100 mL,100,mL,1,127.5,running_out,chengzengrui,20251016
123-91-1,"1,4-二氧六环","1,4-Dioxane
",通广,500 ml*6,500,ml,6,28,running_out,chengzengrui,20251016
107-06-2,"1,2-二氯乙烷
","1,2-Dichloroethane
",通广,500 ml*6,500,ml,6,12,running_out,chengzengrui,20251016
87199-17-5,"4-甲酰基苯硼酸
",4-Formylphenylboronic acid,Admas,10 g,10,g,1,30.1,running_out,chengzengrui,20251016
626-39-1,"均三溴苯
","1,3,5-Tribromobenzene",毕得,25 g,25,g,1,20.25,not_stocked,chengzengrui,20251016
7553-56-2,碘单质,Iodine,安耐吉,100g,100,g,1,104.3,not_stocked,zhaobinzhi,20251016
6314-97-2,"(2,2-二乙氧基乙基)苯","(2,2-Diethoxyethyl)benzene",毕得,5  g,5,g,1,289.8,not_stocked,huzhibin,20251016
645-59-0,3-苯基丙腈,3-Phenylpropionitrile,安耐吉,25g,25,g,1,348.6,running_out,huzhibin,20251016
80522-42-5,三异丙基硅基三氟甲磺酸酯,Triisopropylsilyl trifluoromethanesulfonate,安耐吉,25g,25,g,1,52.5,not_stocked,huzhibin,20251016
109-63-7,三氟化硼乙醚,Boron trifluoride diethyl etherate,百灵威J&K,100ML,100,mL,1,184.45,running_out,wangyang,20251017
54149-17-6,1-溴-2-(2-甲氧基乙氧基)乙烷,1-Bromo-2-(2-methoxyethoxy)ethane,百灵威J&K,5g,5,g,1,40.5,running_out,sunyichen,20251017
89787-12-2,2-异丙基苯基硼酸 ,(2-Isopropylphenyl)boronic acid,毕得医药,1g,1,g,1,19.6,running_out,shihongwei,20251017
16419-60-6,邻甲基苯硼酸 ,2-Methylphenylboronic acid,毕得医药,25 g,25,g,1,45.5,running_out,shihongwei,20251017
2374/5/2,"4-溴-2,6-二甲基苯酚","4-Bromo-2,6-dimethylphenol",希恩思,100 g,100,g,1,157.3,not_stocked,shihongwei,20251017
615-83-8,2-溴戊酸乙酯,Ethyl 2-bromovalerate,毕得,5g,5,g,1,20.3,not_stocked,huzhibin,20251017
584-93-0,2-溴戊酸,2-Bromovalericacid,毕得,25 g,25,g,1,32.2,not_stocked,huzhibin,20251017
73874-95-0,4-叔丁氧羰基氨基哌啶,tert-Butyl piperidin-4-ylcarbamate,毕得,25 g,25,g,1,60.9,not_stocked,hanshuai,20251017
352-91-0,1-溴-3-氟丙烷,1-BroMo-3-fluoropropane,希恩思,5  g,5,g,1,123.5,not_stocked,hanshuai,20251017
24470-78-8,异丙基三苯基磷碘化物,Isopropyltriphenylphosphonium iodide,毕得,25g*2,25,g,2,37.1,not_stocked,huzhibin,20251017
7487-88-9,无水硫酸镁,Magnesium sulfate,毕得,500g,500,g,1,33.6,not_stocked,huzhibin,20251017
1976/5/1,三氟乙酸,Trifluoroacetic acid,安耐吉,100g,100,g,1,24.5,not_stocked,heyuji,20251017
98-59-9,对甲苯磺酰氯,p-Toluenesulfonyl chloride,百灵威J&K,100g,100,g,1,57.8,not_stocked,liangyiqi,20251018
2206-26-0,氘代乙腈d3,Acetonitrile-d3,百灵威J&K,10*0.6ml,0.6,ml,10,269,not_stocked,liangyiqi,20251018
811-98-3,氘代甲醇d4,Methanol-d4,百灵威J&K,10*0.6ml,0.6,ml,10,123,not_stocked,liangyiqi,20251018
7664-93-9,硫酸,,现代东方,2*500ml,500,ml,2,36,not_stocked,liangyiqi,20251018
33184-16-6,2-甲基-5-氟苯甲酸 ,5-Fluoro-2-methylbenzoic acid,毕得医药,5g,5,g,1,19,not_stocked,zhuminghui,20251019
14293-70-0,亚硝基二磺酸钾 ,Dipotassium Nitrosodisulfonate,adamas,1g,1,g,1,267,not_stocked,zhuminghui,20251019
115262-01-6,"溴二氟(三甲基硅基)甲烷
",(Bromodifluoromethyl)trimethylsilane,毕得,5  g,5,g,1,93.1,not_stocked,chengzengrui,20251019
1493-13-6,三氟甲磺酸 ,Trifluoromethanesulfonic acid,安耐吉,25 g,25,g,1,59.5,not_stocked,chengzengrui,20251019
107-71-1,过氧化乙酸叔丁酯 ,T-Butyl Peroxyacetate,adamas,25 mL,25,mL,1,38.25,not_stocked,chengzengrui,20251019
620-08-6,"4-甲氧基吡啶
","4-Methoxypyridine
",毕得,5 g,5,g,1,14,not_stocked,chengzengrui,20251019
4648-54-8,"叠氮基三甲基硅烷
", Trimethylsilyl azide,阿拉丁,25 mL,25,mL,1,95.92,not_stocked,chengzengrui,20251019
66-71-7,"1,10-菲罗啉
","1,10-Phenanthroline
",毕得,5  g,5,g,1,20.3,not_stocked,chengzengrui,20251019
75-91-2,叔丁基过氧化氢 ,"tert-Butyl Hydroperoxide
5.0-6.0mol/L in decane",安耐吉,25 mL,25,mL,1,118.3,not_stocked,chengzengrui,20251019
1120-71-4,"1,3-丙磺酸内酯",,毕得医药,100g,100,g,1,18.9,not_stocked,tangshuyuan,20251019
1892-29-1,双(2-羟乙基)二硫醚,,毕得医药,5g,5,g,1,331.5,not_stocked,tangshuyuan,20251019
64-19-7,乙酸,Acetic acid glacial,安耐吉,500ml,500,mL,1,17.5,not_stocked,heyuji,20251019
42152-44-3,三氟甲磺酸亚铜,(Trifluoromethylsulfonyloxy) copper(I),毕得医药,1g,1,g,1,18.9,running_out,wangyihan,20251019
462-08-8,3-氨基吡啶,3-Aminopyridine,安耐吉,25 g,25,g,1,20,not_stocked,heyuji,20251020
110-86-1,吡啶,Pyridine,安耐吉,100mL,100,mL,1,21,running_out,heyuji,20251020
10570-40-8,"4-甲基-1,2,4-三唑 ","4-Methyl-4H-1,2,4-triazole",毕得,250 mg,250,mg,1,46.9,not_stocked,chenyichi,20251020
83-88-5,"7,8-二甲基-10-((2S,3S,4R)-2,3,4,5-四羟基戊基)苯并[g]蝶啶-2,4(3H,10H)-二酮","7,8-Dimethyl-10-((2S,3S,4R)-2,3,4,5-tetrahydroxypentyl)benzo[g]pteridine-2,4(3H,10H)-dione
",毕得,10 g,10,g,1,23.8,not_stocked,chenyichi,20251020
133395-16-1,双(三氟甲磺酰基)酰亚胺镁(II) ,Magnesium bis(trifluoromethylsulfonyl)imide,毕得,25 g,25,g,1,324.1,running_out,chenyichi,20251020
140681-55-6,N-氟-N'-(氯甲基)三乙二胺双(四氟硼酸盐),N-Fluoro-N'-(chloromethyl)triethylenediamine Bis(tetrafluoroborate),希恩思,100 g,100,g,1,57.2,high_usage,chenyichi,20251020
624-73-7,"1,2-二碘乙烷","1,2-Diiodoethane",毕得,25 g,25,g,1,110.6,not_stocked,chenyichi,20251020
16152-51-5,4-异丙基苯硼酸,4-Isopropylphenylboronic acid,毕得,25 g,25,g,1,313.6,running_out,chenyichi,20251020
1070-89-9,双(三甲基硅烷基)氨基钠,Sodium bis(trimethylsilyl)amide,毕得,1 g*2,1,g,2,143.84,not_stocked,chenyichi,20251020
63295-48-7,三氟甲磺酸铁(iii),"	Iron(III) trifluoromethanesulfonate",毕得,25 g,25,g,1,107.8,not_stocked,mengjunhong,20251020
82113-65-3,双三氟甲烷磺酰亚胺,"1,1,1-Trifluoro-N-((trifluoromethyl)sulfonyl)methanesulfonamide	",毕得,25 g,25,g,1,115.5,running_out,mengjunhong,20251020
462-08-8,3-氨基吡啶,3-Aminopyridine,安耐吉,25 g,25,g,1,21,not_stocked,heyuji,20251020
112-79-8,(E)-十八碳-9-烯酸,(E)-Octadec-9-enoic acid,毕得,10 g,10,g,1,355.6,running_out,mengjunhong,20251020
6223-35-4,"5-异丙基-3,8-二甲基环戊并环庚烯-1-磺酸钠","Sodium 5-isopropyl-3,8-dimethylazulene-1-sulfonate",毕得,1g,1,g,1,70,running_out,wangyang,20251017
6223-35-5,"5-异丙基-3,8-二甲基环戊并环庚烯-2-磺酸钠","Sodium 5-isopropyl-3,8-dimethylazulene-2-sulfonate",毕得,5g,5,g,1,268.1,running_out,wangyang,20251017
13986-53-3,"双(2,2,6,6,-四甲基-3,5-庚二酮)钴(II)","Bis(2,2,6,6-tetramethyl-3,5-heptanedionato)cobalt(II)",欣恒研,100mg,100,mg,1,176,not_stocked,huzhibin,20251020
1123-85-9,2-苯基-1-丙醇,2-Phenylpropan-1-ol,毕得医药,25g,25,g,1,70,running_out,zhaobinzhi,20251021
288-32-4,咪唑,Imidazole,罗恩,100g*2,100,g,2,25.2,running_out,zhaobinzhi,20251021
6048-29-9,苯乙酰基三苯基膦溴化物,"
(2-Oxo-2-phenylethyl)triphenylphosphonium bromide",毕得,5g,5,g,1,59.5,running_out,zhaobinzhi,20251021
5765-65-1,4-苯甲酰氧基吗啉,4-Benzoyloxymorpholine,安耐吉,5g,5,g,1,334.6,not_stocked,huzhibin,20251021
1988/5/1,"2,4,6-三甲基苯胺","2,4,6-Trimethylaniline",毕得,25g,25,g,1,22.4,not_stocked,huzhibin,20251021
7789-20-0,重水,Deuterium oxide,乐研,10*0.6ml,0.6,ml,10,126,running_out,xuguofeng,20251021
87749-50-6,四丁基氟化铵，三水合物,Tetrabutylammonium fluoride,欣恒研,100g,100,g,1,84,running_out,admin,20251022
109-72-8,"正丁基锂,2.5M己烷溶液"," n-Butyllithium,2.5Minhexanes,inresealablebottle",伊诺凯,500ML,500,mL,1,180,running_out,shihongwei,20251022
2074-53-5,rac-alpha-生育酚,"96% rel-α-Vitamin E, 96%",伊诺凯,5g,5,g,1,116,not_stocked,shihongwei,20251022
1988/6/2,"2,4,6-三氯苯酚 ","2,4,6-Trichlorophenol",安耐吉,25 g,25,g,1,14,not_stocked,shihongwei,20251022
538-75-0,"N,N''-二环己基碳二亚胺 ","N,N'-Dicyclohexylcarbodiimide",欣恒研,100g,100,g,1,85,not_stocked,shihongwei,20251022
448-61-3,"2,4,6-三苯基吡喃鎓四氟硼酸盐","2,4,6-Triphenylpyrylium tetrafluoroborate",毕得,10 g,10,g,1,154.7,running_out,wangxi,
364782-34-3,(R)-N-(1-(萘-1-基)乙基)-3-(3-(三氟甲基)苯基)丙-1-胺盐酸盐,"(R)-N-(1-(Naphthalen-1-yl)ethyl)-3-(3-(trifluoromethyl)phenyl)propan-1-amine hydrochloride
",毕得,1 g,1,g,1,283.5,not_stocked,wangxi,20251023
905274-11-5,,"2,3-Dihydro-1H-indole-4-methanol
",毕得,250 mg,250,mg,1,21,not_stocked,wangxi,20251023
5468-37-1,2-氨基苯乙酮盐酸盐,2-Aminoacetophenot_stocked hydrochloride,mreda,5 g,5,g,1,15,not_stocked,wangxi,20251023
420-04-2,氰胺,"
Cyanamide",百灵威J&K,25 g,25,g,1,58.65,running_out,wangxi,20251023
108-59-8,丙二酸二甲酯, Dimethylmalonate,毕得医药,500 g,500,g,1,19.6,not_stocked,zhaobinzhi,20251023
14040-05-2,"双(2,2,6,6,-四甲基-3,5-庚二酮酸)铜","Copper(II)bis(2,2,6,6-tetramethyl-3,5-heptanedionate)",毕得,1 g,1,g,1,26.6,not_stocked,huzhibin,20251023
2903-48-2,"[(2,6-二甲苯基)氨基](氧)乙酸","2-((2,6-Dimethylphenyl)amino)-2-oxoacetic acid",毕得,250 mg,250,mg,1,39.9,not_stocked,huzhibin,20251023
1809288-95-6,"N1,N2-双(4-羟基-2,6-二甲基苯基)草酰胺","N1,N2-Bis(4-hydroxy-2,6-dimethylphenyl)oxalamide",毕得,1 g,1,g,1,30.8,not_stocked,huzhibin,20251023
920366-91-2,"N1,N2-双(噻吩-2-基甲基)草酰胺","N1,N2-Bis(thiophen-2-ylmethyl)oxalamide",希恩斯,250 mg,250,mg,1,50.4,not_stocked,huzhibin,20251023
1909333-82-9,N1-苄基-N2-(5-甲基-2-联苯基)乙二酰胺,"N1-Benzyl-N2-(5-methyl-[1,1'-biphenyl]-2-yl)oxalamide",希恩斯,250 mg,250,mg,1,67.2,not_stocked,huzhibin,20251023
7553-56-2,碘 ,iodine,安耐吉,100 g,100,g,1,104.3,high_usage,huzhibin,20251023
534-17-8,碳酸铯,Cesium carbonate,毕得,100g,100,g,1,242.9,not_stocked,mengjunhong,20251023
34946-82-2,三氟甲磺酸铜,"	Copper(II) trifluoromethanesulfonate",毕得,100 g,100,g,1,175,running_out,mengjunhong,20251023
7646-69-7,氢化钠,Sodium Hydride ,安耐吉,100g,100,g,1,31.5,running_out,zhaobinzhi,20251023
1975/5/8,乙腈,Acetonitrile,通广,500 mL,500,mL,1,33,not_stocked,hanshuai,20251023
67-68-5,二甲基亚砜,Dimethy sulfoxide,通广,500 mL,500,mL,1,42,not_stocked,hanshuai,20251023
623-04-1,4-氨基苄醇,(4-Aminophenyl)methanol,毕得,5g,5,g,1,18.2,degraded,sunyichen,20251024
584-08-7,无水碳酸钾,Potassium carbonate,通广,500 g,500,g,1,25,running_out,hanshuai,20251024
6232-88-8,对溴甲基苯甲酸,4-Bromomethylbenzoic acid,毕得,5g,5,g,1,18.2,not_stocked,wangkaixuan,20251024
590-92-1,3-溴丙酸,3-Bromopropionic acid,安徽泽升,5g,5,g,1,14,high_usage,wangkaixuan,20251024
918644-73-2,9-羟基-3-氮杂螺[5.5]十一烷-3-羧酸叔丁酯,tert-Butyl 9-hydroxy-3-azaspiro[5.5]undecane-3-carboxylate,上海毕得医药,250mg,250,mg,1,218.4,not_stocked,wangkaixuan,20251024
2207541-30-6,"3-(4-碘-1-氧代异吲哚啉-2-基)哌啶-2,6-二酮","3-(4-Iodo-1-oxoisoindolin-2-yl)piperidine-2,6-dione",上海毕得医药,250mg,250,mg,1,265.3,not_stocked,wangkaixuan,20251024
106-96-7,3-溴丙炔,3-Bromopropyne,安徽泽升科技股份有限公司,5g,5,g,1,14,high_usage,wangkaixuan,20251024
1979/8/3,溴乙酸,Bromoacetic acid,安徽泽升,25 g,25,g,1,14,not_stocked,wangkaixuan,20251024
2623-87-2,4-溴丁酸,4-Bromobutanoic acid,毕得医药,25 g,25,g,1,65.1,not_stocked,wangkaixuan,20251024
180576-05-0,2-(4-(((9H-芴-9-基)甲氧基)羰基)哌嗪-1-基)乙酸,2-(4-(((9H-Fluoren-9-yl)methoxy)carbonyl)piperazin-1-yl)acetic acid,毕得医药,1 g,1,g,1,124.6,not_stocked,wangkaixuan,20251024
158407-04-6,4-(溴甲基)哌啶-1-甲酸叔丁酯,tert-Butyl 4-(bromomethyl)piperidine-1-carboxylate,毕得医药,1 g,1,g,1,21,not_stocked,wangkaixuan,20251024
77279-24-4,4-(2-羟乙基)哌嗪-1-羧酸叔丁酯,tert-Butyl 4-(2-hydroxyethyl)piperazine-1-carboxylate,毕得医药,5  g,5,g,1,22.4,not_stocked,wangkaixuan,20251024
655225-01-7,N-BOC-4-溴乙基哌嗪,tert-Butyl 4-(2-bromoethyl)piperazine-1-carboxylate,毕得医药,1 g,1,g,1,156.8,not_stocked,wangkaixuan,20251024
104-53-0,苯丙醛,3-Phenylpropanal,毕得,25g,25,g,1,30.1,running_out,huzhibin,20251024
7677-24-9,三甲基氰硅烷,Trimethylsilyl Cyanide,毕得,25 g,25,g,1,18.9,running_out,huzhibin,20251024
615-42-9,"1,2-二碘苯(邻二碘苯)","1,2-Diiodobenzene",毕得,500g,500,g,1,1241.8,not_stocked,liangyiqi,20251026
10102-17-7,硫代硫酸钠,Sodium thiosulfate,通广,500g*10,500,g,10,95,not_stocked,liangyiqi,20251026
7782-49-2,硒,Selenium,百灵威J&K,500g,500,g,1,536.35,not_stocked,liangyiqi,20251026
142-71-2,乙酸铜(II),Copper(II) acetate,百灵威J&K,25g,25,g,1,56.1,not_stocked,liangyiqi,20251026
128-08-5,N-溴代丁二酰亚胺?,"1-Bromopyrrolidine-2,5-dione",毕得医药,100g,100,g,1,21,not_stocked,zhaobinzhi,20251026
34572-31-1,5-甲氧基-2-甲基-1H-吲哚-3-羧酸乙酯,Ethyl 5-methoxy-2-methyl-1H-indole-3-carboxylate,毕得医药,1g*3,1,g,3,318.8,running_out,huotongyu,20251026
7681-11-0,碘化钾,Potassium iodide,毕得医药,25g,25,g,1,28.7,not_stocked,huotongyu,20251026
826-73-3,"6,7,8,9-四氢-5H-苯并环庚烯-5-酮","6,7,8,9-Tetrahydro-5H-benzocyclohepten-5-one",欣恒研,5g,5,g,1,103.2,not_stocked,wangyihan,20251026
502-49-8,环辛酮,Cyclooctanot_stocked,乐研,5g,5,g,1,22.5,not_stocked,wangyihan,20251026
15418-29-8,四氟硼酸四乙氰铜,Tetrakis(acetonitrile)copper(I)tetrafluoroborate,乐研,1g,1,g,1,33.3,not_stocked,wangyihan,20251026
5425-44-5,"2-苯基-1,3-二噻烷","2-Phenyl-1,3-dithiane",毕得医药,10 g*2,10,g,2,60.2,running_out,huzhibin,20251026
480-91-1,异吲哚啉-1-酮,Isoindolin-1-one,毕得医药,10g,10,g,1,134.4,running_out,huzhibin,20251026
3469/6/5,苯并环丁烯酮 ,"Bicyclo[4.2.0]octa-1,3,5-trien-7-one",毕得医药,100mg,100,mg,1,95.2,not_stocked,huzhibin,20251026
52462-29-0,二氯双(4-甲基异丙基苯基)钌(II) 二聚体,Dichloro(p-cymene)ruthenium(II) Dimer,毕得医药,1g,1,g,1,123.2,not_stocked,huzhibin,20251026
89490-05-1,环己烯-1-基硼酸 ,Cyclohex-1-en-1-ylboronic acid,毕得医药,25 g,25,g,1,154.7,running_out,shihongwei,20251026
1074-16-4,2-溴苯乙醇 ,2-(2-Bromophenyl)ethanol,希恩思,25 g,25,g,1,84.5,not_stocked,shihongwei,20251026
308103-40-4,2-乙酰基苯硼酸 ,2-Acetylphenylboronic acid,希恩思,1 g,1,g,1,159.6,not_stocked,shihongwei,20251026
1008106-86-2,(2-碘苯基)硼酸, (2-Iodophenyl)boronic acid,毕得医药,1g,1,g,1,163.1,not_stocked,shihongwei,20251026
118-72-9,"	2,6-二甲基巯基苯酚","2,6-dimethylbenzenethiol",希恩思,1g,1,g,1,16.9,not_stocked,shihongwei,20251026
460-00-4,1-溴-4-氟苯,4-Bromofluorobenzene,希恩思,500 g,500,g,1,107,running_out,shihongwei,20251026
7787-58-8,溴化铋,Bismuth(Ⅲ)Bromide,希恩思,100 g,100,g,1,443.3,running_out,shihongwei,20251026
1198-30-7,"1-氰基异喹啉
",1-Isoquinolinecarbonitrile,毕得,5g,5,g,1,334.6,not_stocked,zhuminghui,
6086-21-1,"1-甲基-1,2,4-三唑
","1-Methyl-1,2,4-triazole",毕得,25g,25,g,1,90.3,not_stocked,zhuminghui,
1436-43-7,2-氰基喹啉,Quinoline-2-carbonitrile,毕得,5g,5,g,1,180,not_stocked,zhuminghui,
1530-33-2,异丙基三苯基溴化鏻,Isopropyltriphenylphosphonium bromide,毕得,5g,5,g,1,42.7,not_stocked,huzhibin,
536-60-7,4-异丙基苯甲醇, 4-Isopropylbenzyl alcohol,安耐吉,5g,5,g,1,21,not_stocked,sunyichen,20251027
529-35-1,"5,6,7,8-四氢萘酚 ","5,6,7,8-Tetrahydro-1-naphthol",毕得医药,5g,5,g,1,37.8,running_out,shihongwei,20251027
1416881-52-1,"2,4,5,6-四咔唑基-1,3-二氰基苯","2,4,5,6-Tetra(9H-carbazol-9-yl)-1,3-Dicyanobenzene",毕得医药,250 mg,250,mg,1,60.2,not_stocked,huzhibin,20251027
827-61-2,乙酰克里定,Aceclidine,希恩斯,250 mg,250,mg,1,81.2,not_stocked,huzhibin,20251027
100-76-5,奎宁环,QUINUCLIDINE,希恩斯,1 g,1,g,1,72.8,not_stocked,huzhibin,20251027
674783-97-2,10-甲基-9-均三甲苯基吖啶高氯酸盐,9-Mesityl-10-methyl-10-acridinium Perchlorate,希恩斯,250mg,250,mg,1,62.4,not_stocked,huzhibin,20251027
14968-74-2,"1-甲基-1,4-二氮杂二环[2.2.2]辛烷-1-碘化铵","1-Methyl-1,4-diazabicyclo[2.2.2]octan-1-ium iodide",希恩斯,250mg,250,mg,1,77,not_stocked,huzhibin,20251027
14352-61-5,环己烷甲酸乙酯,Ethyl 2-cyclohexylacetate,毕得医药,5 g,5,g,1,70,not_stocked,huzhibin,20251027
1006-64-0,2-苯基吡咯烷 ,2-Phenylpyrrolidine,毕得医药,5g,5,g,1,161.7,not_stocked,huangyilei,20251027
1074-12-0,苯甲酰甲醛一水合物,Benzoylcarboxaldehyde,希恩斯,5 g,5,g,1,137.8,not_stocked,huzhibin,20251028
924-44-7,乙醛酸乙酯,Ethyl glyoxalate,希恩斯,25 mL,25,mL,1,42.9,not_stocked,huzhibin,20251028
3109-63-5,四丁基六氟磷酸铵,Tetrabutylammonium hexafluorophosphate(V),毕得,100 g,100,g,1,71.4,running_out,mengjunhong,20251029
1449-46-3,苄基三苯基溴化膦,Benzyltriphenylphosphonium bromide,毕得医药,100g,100,g,1,32.2,not_stocked,huzhibin,20251029
95464-05-4,"1,1'-双(二苯膦基)二茂铁二氯化钯(II)二氯甲烷复合物","1,1'-Bis(diphenylphosphino)ferrocene-palladium(II)dichloride dichloromethane complex",毕得医药,1 g,1,g,1,81.9,not_stocked,wangkaixuan,20251030
,溴乙酸,Bromoacetic acid,阿拉丁,25 g,25,g,1,32.72,not_stocked,wangkaixuan,20251030
603-35-0,三苯基膦,"
Triphenylphosphine",安徽泽升,25 g,25,g,1,14,not_stocked,wangkaixuan,20251030
2446-83-5,"
二异丙基偶氮-1,2-二羧酸酯","Diisopropyl diazene-1,2-dicarboxylate",毕得医药,100 g,100,g,1,21,not_stocked,wangkaixuan,20251030
403-39-4,1-氟-4-异丙基苯,1-Fluoro-4-isopropylbenzene,毕得,5 g,5,g,1,438.9,not_stocked,chenyichi,20251030
118-42-3,2-[[4-[(7-氯喹啉-4-基)氨基]戊基](乙基)氨基]乙醇,2-((4-((7-Chloroquinolin-4-yl)amino)pentyl)(ethyl)amino)ethanol,毕得,1 g,1,g,1,38.5,not_stocked,chenyichi,20251030
1993/3/9,2-氟苯硼酸,(2-Fluorophenyl)boronic acid,毕得,"	25g",25,g,1,58.8,not_stocked,chenyichi,20251030
768-35-4,间氟苯硼酸,(3-Fluorophenyl)boronic acid,毕得,25 g,25,g,1,51.8,not_stocked,chenyichi,20251030
1765-93-1,4-氟苯硼酸,4-Fluorophenylboronic acid,毕得,25 g,25,g,1,23.1,not_stocked,chenyichi,20251030
72235-52-0,"2,4-二氟苄胺","(2,4-Difluorophenyl)methanamine",毕得,10 g,10,g,1,16.8,not_stocked,chenyichi,20251030
1643-26-1,3-(2-氟苯基)丙酸 ,3-(2-Fluorophenyl)propionic acid,毕得,10 g,10,g,1,97.3,not_stocked,chenyichi,20251030
459-31-4,3-(4-氟苯基)丙酸,3-(4-Fluorophenyl)propanoic acid,毕得,10 g,10,g,1,67.2,not_stocked,chenyichi,20251030
134672-70-1,"3-(2,4-二氟苯基)丙酸","3-(2,4-Difluorophenyl)propionic acid",毕得,5  g,5,g,1,140.7,not_stocked,chenyichi,20251030
24067-17-2,4-硝基苯基硼酸,(4-Nitrophenyl)boronic acid,毕得,5  g,5,g,1,88.9,not_stocked,chenyichi,20251030
1072-85-1,邻氟溴苯,1-Bromo-2-fluorobenzene,毕得,100 g,100,g,1,30.1,not_stocked,chenyichi,20251030
460-00-4,对氟溴苯,1-Bromo-4-fluorobenzene,毕得,100 g,100,g,1,24.5,not_stocked,chenyichi,20251030
7790-69-4,硝酸锂,Lithium nitrate,阿拉丁,100 g,100,g,1,150.32,not_stocked,chenyichi,20251030
111-83-1,1-溴辛烷,1-Bromooctane,毕得医药,25g,25,g,1,15.4,not_stocked,liangyiqi,20251031
124-13-0,1-辛醛,Octanal,毕得医药,25g,25,g,1,18.9,not_stocked,liangyiqi,20251031
95-51-2,2-氯苯胺?,2-Chloroaniline,安耐吉,25g,25,g,1,14,not_found,sunyichen,20251101
540-80-7,亚硝酸叔丁酯,tert-Butyl nitrite,希恩思,25ml,25,mL,1,19.5,not_stocked,admin,20251101
14735-84-3,氟硼酸铜,Copper fluoroborate,3AChem,100g,100,g,1,24.5,not_stocked,wangyihan,20251102
4648-54-8,叠氮基三甲基硅烷,Trimethylsilyl azide,安耐吉,100 g,100,g,1,229.6,running_out,chenyichi,20251103
1976/5/1,三氟乙酸,Trifluoroacetic Acid,百灵威,100 mL *2,100,ml,2,275.4,running_out,chenyichi,20251103
5029-67-4,2-碘吡啶,2-Iodopyridine,毕得,25 mL,25,mL,1,118.3,not_stocked,chenyichi,20251103
82113-65-3,双三氟甲烷磺酰亚胺,"1,1,1-Trifluoro-N-((trifluoromethyl)sulfonyl)methanesulfonamide",毕得,25 g,25,g,1,115.5,running_out,chenyichi,20251103
,,,,500G,500,g,1,178.5,not_stocked,wangyang,20251103
12148-71-9,甲氧基(环辛二烯)合铱二聚体,"
Bis(1,5-cyclooctadiene)dimethoxydiiridium",毕得医药,100mg,100,mg,1,127.4,running_out,wangyang,20251103
33513-44-9,"苯甲醛-2,4-二磺酸钠","Sodium 4-formylbenzene-1,3-disulfonate",毕得医药,25g,25,g,1,39.9,not_stocked,wangyang,20251103
1008-72-6,2-甲酰苯磺酸钠,Sodium 2-formylbenzenesulfonate,毕得医药,25g,25,g,1,15.4,not_stocked,wangyang,20251103
453-71-4,4-氟-3-硝基苯甲酸,4-Fluoro-3-nitrobenzoic acid,欣恒研,25g,25,g,1,80.8,not_stocked,xingyihong,20251103
,"
二硫苏糖醇",DL-Dithiothreitol (DTT),欣恒研,5 g,5,g,1,80,not_stocked,xingyihong,20251103
10294-33-4,三溴化硼 , Boron tribromide,安耐吉,25ml,25,mL,1,24.5,not_stocked,huotongyu,20251103
3396-11-0,乙酸铯,Cesium acetate,毕得,25g,25,g,1,73.5,not_stocked,huotongyu,20251103
4494-18-2,"异喹啉-1-甲醛
","Isoquinoline-1-carbaldehyde
",毕得医药,1g,1,g,1,295,not_stocked,zhuminghui,20251104
5470-96-2,"喹啉-2-甲醛
",Quinoline-2-carboxaldehyde,毕得医药,10g,10,g,1,120,not_stocked,zhuminghui,20251104
13331-27-6,3-硝基苯硼酸,3-Nitrophenylboronic acid,毕得,25 g,25,g,1,120.4,not_stocked,chenyichi,20251104
4132-48-3,对异丙基苯甲醚,4-Isopropylanisole,毕得,5  g,5,g,1,56.7,not_stocked,chenyichi,20251104
89787-12-2,2-异丙基苯基硼酸,(2-Isopropylphenyl)boronic acid,毕得,10 g,10,g,1,188.3,not_stocked,chenyichi,20251104
126747-14-6,4-氰基苯硼酸,4-Cyanophenylboronic acid,毕得,25 g,25,g,1,109.9,not_stocked,chenyichi,20251104
99768-12-4,对甲氧羰基苯硼酸,(4-(Methoxycarbonyl)phenyl)boronic acid,毕得,25 g,25,g,1,84,not_stocked,chenyichi,20251104
180695-79-8,1-Boc-4-溴哌啶,N-Boc-4-Bromopiperidine,毕得,10 g,10,g,1,106.4,not_stocked,wangkaixuan,20251105
1517-05-1,2-叠氮乙醇 ,2-Azidoethanol,毕得,1g,1,g,1,114.8,running_out,huangyilei,20251105
92-67-1,4-氨基联苯,4-Aminobiphenyl,百灵威,25 g,25,g,1,233.75,running_out,chenyichi,20251106
83-33-0,1-茚酮,1-Indanot_stocked,安耐吉,5 g,5,g,1,14,running_out,wangyihan,20251106
14548-39-1,6-溴茚酮,6-Bromo-1-indanot_stocked,欣恒研,10 g,10,g,1,48.8,not_stocked,wangyihan,20251106
95-55-6,2-氨基苯酚,2-Aminophenol,安徽泽升,25g,25,g,1,14,running_out,yanruijie,20251106
7159-36-6,4-异喹啉甲酸,Isoquinoline-4-carboxylic acid,欣恒研,1 g,1,g,1,127.2,running_out,xingyihong,20251106
7440-44-0,活性炭,Activated charcoal,麦克林,500g,500,g,1,49,not_stocked,liangyiqi,20251106
14221-01-3,四(三苯基膦)钯,Tetrakis(triphenylphosphine)palladium,毕得,5  g,5,g,1,312.9,running_out,chenyichi,20251107
,二氧化硒,Selenium dioxide,百灵威,25g,25,g,1,69.7,degraded,zhuminghui,20251107
95-54-5,"邻苯二胺
",o-Phenylenediamine,百灵威,25g,25,g,1,73,running_out,zhuminghui,20251107
273-09-6,"2,1,3-苯并恶二唑","Benzo[c][1,2,5]oxadiazole",毕得,5g,5,g,1,167,not_stocked,zhuminghui,20251107
88284-48-4,"	2-(三甲基甲硅烷基)苯基三氟甲磺酸酯","	2-(Trimethylsilyl)phenyl trifluoromethanesulfonate",毕得,352,,,1,25,not_stocked,zhuminghui,20251107
134-20-3,邻氨基苯甲酸甲酯 ,Methyl anthranilate,百灵威,64.6,,,1,25,not_stocked,zhuminghui,
5438-70-0,对氨基苯基乙酸乙酯,Ethyl 4-aminophenylacetate,毕得,19.6,,,1,5,not_stocked,sunyichen,20251109
1131-60-8,4-环己基苯酚,4-Cyclohexylphenol,毕得,56,,,1,25,not_stocked,sunyichen,20251109
3544-25-0,4氨基苯乙腈,4-Aminobenzyl cyanide,安耐吉,5g,5,g,1,14,not_stocked,sunyichen,20251109
,2-溴苯乙酮,2-Bromoacetophenot_stocked,安耐吉,25g*2,25,g,2,31.5,running_out,zhaobinzhi,20251110
32372-82-0,异吲哚啉盐酸盐,Isoindoline hydrochloride,毕得,5g,5,g,1,35.7,not_stocked,huzhibin,20251110
821-41-0,,,偶合,25G,25,g,1,51.45,running_out,zhaobinzhi,20251110
38254-49-8,1-溴-2-甲基丙烷-2-醇,1-Bromo-2-methylpropan-2-ol,毕得,5g,5,g,1,270.9,not_stocked,huzhibin,20251110
19757-97-2,2-羟基-2-甲氧基乙酸甲酯,Methyl 2-hydroxy-2-methoxyacetate,毕得,5g,5,g,1,153.3,not_stocked,huzhibin,20251110
24937-79-9,聚偏二氟乙烯,Poly(vinylidene fluoride),麦克林,25g,25,g,1,158,not_stocked,yuyihan,20251111
643-79-8,邻苯二甲醛,"Benzene-1,2-dicarboxaldehyde",毕得,10 g,10,g,1,21.7,not_stocked,huzhibin,20251111
2417-73-4,2-溴甲基苯甲酸甲酯, Methyl 2-bromomethylbenzoate,毕得,5 g,5,g,1,48.3,not_stocked,huzhibin,20251111
2344-80-1,氯甲基三甲基硅烷,Chloromethyltrimethylsilane,安耐吉,25ml,25,mL,1,38.5,not_stocked,huangyilei,20251111
110-71-4,"1,2二甲氧基乙烷","1,2-Dimethoxyethane",百灵威J&K,100mL*2,100,ml,2,72,not_stocked,liangyiqi,20251112
302-17-0,水合三氯乙醛,Chloral hydrate,百灵威J&K,25g,25,g,1,58.65,not_stocked,liangyiqi,20251112
98-83-9,α-甲基苯乙烯,α-Methylstyrene,安耐吉,100ML,100,mL,1,14,running_out,zhaobinzhi,20251112
67-66-3,氯仿,TIRCHLOROMETHANE,通广,500 mL,500,mL,1,15,not_stocked,zhaobinzhi,20251112
769944-78-7,1-N-Boc-4-(4-溴苯基)哌啶,1-N-Boc-4-(4-Bromophenyl)piperidine,毕得,1 g,1,g,1,44.1,not_stocked,wangkaixuan,20251112
148893-10-1,"O-(7-氮杂苯并三唑-1-基)-N,N,N',N'-四甲基脲六氟磷酸盐","O-(7-Azabenzotriazol-1-yl)-N,N,N',N'-tetramethyl uronium hexafluorophosphate",毕得,25 g,25,g,1,49,high_usage,wangkaixuan,20251112
180695-79-8,1-Boc-4-溴哌啶,N-Boc-4-Bromopiperidine,毕得,5  g,5,g,1,55.3,not_stocked,wangkaixuan,20251112
470478-90-1,"
4-(4-Boc-1-哌嗪基)苯硼酸频哪醇酯","tert-Butyl 4-(4-(4,4,5,5-tetramethyl-1,3,2-dioxaborolan-2-yl)phenyl)piperazine-1-carboxylate",毕得,5g,5,g,1,152.6,running_out,wangkaixuan,20251112
7761-88-8,硝酸银,AgNO3,通广,25g,25,g,1,280,not_stocked,yuyihan,20251112
2926-29-6,三氟代甲烷亚磺酸钠,Sodium trifluoromethanesulfinate,希恩斯,25g,25,g,1,20.8,not_stocked,huzhibin,20251112
887144-94-7,"1-(三氟甲基)-1,2-苯碘酰-3(1H)-酮","1-TrifluoroMethyl-1,2-benziodoxol-3(1H)-one",毕得,5 g,5,g,1,73.5,not_stocked,huzhibin,20251112
887144-97-0,"3,3-二甲基-1-(三氟甲基)-1,2-苯并碘氧杂戊环","1,3-Dihydro-3,3-dimethyl-1-(trifluoromethyl)-1,2-benziodoxole",希恩斯,1 g,1,g,1,66.3,not_stocked,huzhibin,20251112
1961266-44-3,"2,8-二氟-5-(三氟甲基)-5H-二苯并[B,D]噻吩-5-鎓三氟甲磺酸盐","2,8-Difluoro-5-(trifluoromethyl)-5H-dibenzo[b,d]thiophen-5-ium Trifluoromethanesulfonate",希恩斯,1 g,1,g,1,45.5,not_stocked,huzhibin,20251112
81290-20-2,(三氟甲基)三甲基硅烷,(Trifluoromethyl)trimethylsilane,毕得,25g,25,g,1,67.9,not_stocked,huzhibin,20251112
870987-63-6,"二[2-(2,4-二氟苯基)-5-三氟甲基吡啶][2-2'-联(4-叔丁基吡啶)]铱六氟磷酸盐",Ir[dF(CF3)ppy]2(dtbbpy)PF6,毕得,100mg,100,mg,1,102.2,not_stocked,huzhibin,20251112
20762-60-1,"叠氮化钾
","potassium azide
",迈瑞达,5 g,5,g,1,157,running_out,huzhibin,20251112
443-72-1,,N-Methyl-7H-purin-6-amine,毕得,100mg,100,mg,1,130.2,not_stocked,wangxi,20251112
87179-40-6,(E)-1-(3-苯基-2-丙烯基)哌嗪,?(E)-1-Cinnamylpiperazine,毕得,1 g,1,g,1,19.6,not_stocked,wangxi,20251112
3080-99-7,"3,4-二氢-2H-苯并[b] [1,4]噻嗪","3,4-Dihydro-2H-benzo[b][1,4]thiazine",毕得,1 g,1,g,1,81.2,not_stocked,wangxi,20251112
204255-11-8,"(3R,4R,5S)-4-乙酰氨基-5-氨基-3-(戊-3-基氧基)环己-1-烯羧酸乙酯磷酸盐","(3R,4R,5S)-Ethyl 4-acetamido-5-amino-3-(pentan-3-yloxy)cyclohex-1-enecarboxylate phosphate",毕得,5 g,5,g,1,326.9,running_out,wangxi,20251112
506-68-3,"
溴化氰",,百灵威J&K,5 g,5,g,1,70.55,not_stocked,wangxi,20251112
7472-54-0,N-(4-甲氧基苯基)苯甲酰胺,N-(4-Methoxyphenyl)benzamide,毕得,5 g,5,g,1,65.1,not_stocked,wangxi,20251112
6055-52-3,"1,6-己二胺二盐酸盐","Hexane-1,6-diamine dihydrochloride",毕得,10 g,10,g,1,21,not_stocked,wangxi,20251112
26348-70-9,L-赖氨酸二甲酯二盐酸盐,H-Lys-OMe.2HCl,毕得,5 g,5,g,1,30.1,not_stocked,wangxi,20251112
1703-46-4,(4-(二甲基氨基)苯基)甲醇,4-(Dimethylamino)benzyl alcohol,毕得,1g,1,g,1,149.8,not_stocked,wangxi,20251112
18368-63-3,2-氯-6-甲基吡啶,2-Chloro-6-methylpyridine,毕得,25g,25,g,1,33.6,not_stocked,wangxi,20251112
63104-44-9,"2,2-二(丙-2-炔-1-基)丙二酸二甲酯","Dimethyl 2,2-di(prop-2-yn-1-yl)malonate",毕得,1g,1,g,1,84,not_stocked,wangxi,20251112
1067-33-0,二乙酸二丁基锡,Dibutyltin diacetate,毕得,25 g,25,g,1,18.2,not_stocked,wangxi,20251112
506-68-3,溴化氰，4.5 M in acetonitrile,Cyanogen Bromide,Adamas,5ml,5,mL,1,83,not_stocked,huzhibin,20251112
63148-62-9,二甲基硅油,Dimethylsilicone oil,毕得,1000g*3,1000,g,3,415.8,not_stocked,liangyiqi,20251113
529-34-0,1-四氢萘酮,"3,4-Dihydronaphthalen-1(2H)-one",毕得,10 g,10,g,1,17.5,not_stocked,wangyihan,20251113
20691-72-9,4-碘-2-硝基苯胺,4-Iodo-2-nitroaniline,毕得,5  g,5,g,1,35,not_stocked,chenyichi,20251113
98-80-6,苯硼酸,Phenylboronic acid,毕得,100 g,100,g,1,83.3,high_usage,chenyichi,20251113
123333-88-0,三氟乙酸铜(II)水合物,"Copper(II) 2,2,2-trifluoroacetate hydrate",毕得,25 g,25,g,1,71.4,not_stocked,chenyichi,20251113
59163-91-6,三氟甲磺酸铁(II),Iron(II) trifluoromethanesulfonate,毕得,10 g,10,g,1,83.3,not_stocked,chenyichi,20251113
586-61-8,4-溴异丙苯,1-Bromo-4-isopropylbenzene,毕得,5  g,5,g,1,53.9,not_stocked,chenyichi,20251113
459-47-2,1-乙基-4-氟苯,1-Ethyl-4-fluorobenzene,毕得,5  g,5,g,1,114.8,not_stocked,chenyichi,20251113
41492-05-1,4-正丁基溴苯,mo-4-butylbenzene,毕得,25 g,25,g,1,31.5,not_stocked,chenyichi,20251113
82113-65-3,双三氟甲烷磺酰亚胺,"1,1,1-Trifluoro-N-((trifluoromethyl)sulfonyl)methanesulfonamide",毕得,25 g,25,g,1,115.5,running_out,chenyichi,20251113
455-32-3,苯甲酰氟 ,Benzoylfluoride,毕得医药,5  g,5,g,1,229.6,not_stocked,chengzengrui,20251113
935-92-2,"2,3,5-三甲基环己-2,5-二烯-1,4-二酮","2,3,5-Trimethylcyclohexa-2,5-diene-1,4-dione",毕得医药,5  g,5,g,1,49.7,not_stocked,chengzengrui,20251113
481-29-8,表雄酮,Epiandrosterone,Adamas,5  g,5,g,1,92,not_stocked,chengzengrui,20251113
1003-67-4,4-甲基吡啶-N-氧化物,4-Methylpyridine 1-oxide,毕得医药,5  g,5,g,1,20.3,not_stocked,chengzengrui,20251113
1613-37-2,喹啉-N-氧化物,Quinoline 1-oxide,毕得医药,5  g,5,g,1,102.9,not_stocked,chengzengrui,20251113
13400-13-0,氟化铯,Cesium fluoride,Amethyst,25 g,25,g,1,119,running_out,chengzengrui,20251113
626-41-5,"3,5-二溴苯酚 ","3,5-Dibromophenol",毕得医药,10 g,10,g,1,77,not_stocked,chengzengrui,20251113
614-45-9,过氧化苯甲酸叔丁酯,"tert-Butyl peroxybenzoate
",麦克林,100 g,100,g,1,59.2,running_out,chengzengrui,20251113
80-43-3,过氧化二异丙苯,"	Dicumyl peroxide",阿拉丁,25 g,25,g,1,49.9,not_stocked,chengzengrui,20251113
4422-95-1,"1,3,5-苯三甲酰氯",Trimesoylchloride,毕得医药,5  g,5,g,1,20.3,not_stocked,chengzengrui,20251113
14781-45-4,双(六氟乙酰丙酮)合铜(II),"copper(ii)hexafluor-2,4-pentanedionate",毕得医药,5  g,5,g,1,245,running_out,chengzengrui,20251113
4648-54-8,叠氮基三甲基硅烷,Trimethylsilyl azide,innochem,25 mL,25,mL,1,112,running_out,chengzengrui,20251113
2611225-93-3,N1-(2-甲基萘-1-基)-N2-(吡啶-2-基甲基)草酰胺,N1-(2-Methylnaphthalen-1-yl)-N2-(pyridin-2-ylmethyl)oxalamide,乐研,100 mg,100,mg,1,231,not_stocked,chengzengrui,20251113
2835/6/5,2-氨基-2-苯基乙酸,H-DL-Phg-OH,毕得医药,25g,25,g,1,19.6,not_stocked,huzhibin,20251113
123-82-0,"	2-氨基庚烷",2-Aminoheptane,阿拉丁,5  g,5,g,1,150.68,not_stocked,hanshuai,20251113
108-42-9,3-氯苯胺,3-Chloroaniline,安耐吉,25 g,25,g,1,14,not_stocked,hanshuai,20251113
4152-90-3,"	(3-氯苯基)甲胺","	(3-Chlorophenyl)methanamine",毕得医药,10 g,10,g,1,76.3,not_stocked,hanshuai,20251113
74788-45-7,1-(3-氟苯基)乙胺,1-(3-Fluorophenyl)ethanamine,毕得医药,1 g,1,g,1,106.4,not_stocked,hanshuai,20251113
50893-53-3,氯甲酸-1-氯乙酯,1-Chloroethyl carbonochloridate,毕得医药,25g,25,g,1,31.5,not_stocked,huzhibin,20251113
121-44-8,超干三乙胺,Triethylamine,安耐吉,100ml,100,mL,1,38.5,not_stocked,pengsheng,20251114
1975/9/2,超干二氯甲烷,"
Dichloromethane",安耐吉,100ml,100,mL,1,26,not_stocked,pengsheng,20251114
7758-89-6,氯化亚铜,Copper(I)chloride,乐研,25g,25,g,1,16.8,not_stocked,huzhibin,20251114
920-37-6,2-氯丙烯腈,2-Chloroacrylonitrile,毕得,25g,25,g,1,42.7,not_stocked,huzhibin,20251114
873779-78-3,"氯[1,3-双(2,4,6-三甲苯基)咪唑-2-亚基]铜(I)",IMesCuCl,乐研,250mg,250,mg,1,27.3,not_stocked,huzhibin,20251114
2767002-34-4,"2-异丙基-N-((S)-(6-甲氧基喹啉-4-基)((1S,.2S,4S,5R)-5-乙烯基奎宁环-2-基)甲基)喹啉-8-磺酰胺","2-Isopropyl-N-((S)-(6-methoxyquinolin-4-yl)((1S,2S,4S,5R)-5-vinylquinuclidin-2-yl)methyl)quinoline-8-sulfonamide",乐研,50mg,50,mg,1,364,not_stocked,huzhibin,20251114
7152-42-3,10-苯基-10H-吩噻嗪,10-Phenyl-10H-phenothiazine,毕得,1g,1,g,1,133,running_out,liangyiqi,20251115
88-67-5,2-碘苯甲酸,2-Iodobenzoic acid,毕得,100g,100,g,1,84,running_out,liangyiqi,20251115
22706-22-5,"2-氨基-5-氯甲苯
",4-Chloro-2-methylaniline,毕得,5g,5,g,1,28,not_stocked,zhuminghui,20251115
999-97-3, 六甲基二硅氮烷,Hexamethyldisilazane,百灵威J&K,100ML,100,mL,1,117.3,running_out,huangyilei,20251116
1586-73-8,三(三甲基硅)胺 ,Tris(trimethylsilyl)amine,百灵威J&K,5G,5,g,1,111.35,not_stocked,huangyilei,20251116
920-68-3,七甲基二硅氮烷,"N,1,1,1-Tetramethyl-N-(trimethylsilyl)silanamine",毕得医药,100g,100,g,1,142.1,not_stocked,huangyilei,20251116
1122-83-4,N-亚磺酰苯胺,N-Sulfinylbenzenamine,毕得,5g,5,g,1,36.4,not_stocked,zhuminghui,20251116
22706-22-5,"苯并[c][1,2,5]噻二唑 ","Benzo[c][1,2,5]thiadiazole",毕得,100mg,100,mg,1,280,not_stocked,zhuminghui,20251116
16584-00-2,"2-甲基-2H-苯并[d][1,2,3]三唑 ","2-Methyl-2H-benzo[d][1,2,3]triazole",毕得,5g,5,g,1,291.9,not_stocked,zhuminghui,20251116
110-71-4,"1,2二甲氧基乙烷","1,2-Dimethoxyethane",百灵威J&K,800mL,800,mL,1,124,running_out,liangyiqi,20251117
40949-94-8,双(三甲基硅烷基)氨基钾,Potassium bis(trimethylsilyl)amide,百灵威J&K,100mL,100,mL,1,153,running_out,liangyiqi,20251117
83-33-0,1-二氢茚酮,1-Indanot_stocked,欣恒研,10 g,10,g,1,67.2,running_out,wangyihan,20251117
75-36-5,乙酰氯,Acetyl chloride,阿拉丁,100 mL,100,mL,1,32.8,running_out,zhangcaifang,20230327
1070663-78-3,"2-(二环己基膦)-3,6-二甲氧基-2'-4'-6'-三异丙基-11'-联苯","Dicyclohexyl(2',4',6'-triisopropyl-3,6-dimethoxy-[1,1'-biphenyl]-2-yl)phosphine
",毕得医药,5  g,5,g,1,170.8,not_stocked,wangzimei,20251118
83948-53-2,N-(3-溴丙基)氨基甲酸叔丁酯,tert-Butyl N-(3-Bromopropyl)carbamate,毕得医药,25 g,25,g,1,74.9,not_stocked,wangzimei,20251118
7598-91-6,2-甲基-(3-甲酸乙酯)-5-羟基吲哚, Ethyl 5-hydroxy-2-methyl-1H-indole-3-carboxylate,毕得医药,10 g,10,g,1,676.9,not_stocked,wangzimei,20251118
130727-44-5,"29-巯基-3,6,9,12,15,18-六氧代壬烷-1-醇","29-Mercapto-3,6,9,12,15,18-hexaoxanonacosan-1-ol 29-Mercapto-3,6,9,12,15,18-hexaoxanonacosan-1-ol",毕得医药,100mg,100,mg,1,1441.3,not_stocked,zhongyi,20251113
600730-11-8,18-巯基十八烷酸,18-Mercaptooctadecanoic acid,毕得医药,100mg,100,mg,1,259,not_stocked,zhongyi,20251113
716339-41-2,硫醇-C9-聚乙二醇4-酸,Thiol-C9-PEG4-acid,迈瑞达,100mg,100,mg,1,799,not_stocked,zhongyi,20251113
109-63-7,三氟化硼乙醚,Boron trifluoride diethyl etherate,"
百灵威J&K",100ml,100,mL,1,184,not_stocked,yuyihan,20251118
352-32-9,对氟甲苯,p-Fluorotoluene,安耐吉,25 g,25,g,1,14,not_stocked,chenyichi,
1314-34-7,氧化钒(III),"Vanadium(III) Oxide
",admas,5g,5,g,1,59,not_stocked,yuyihan,20251119
102-14-7,4-氧代-4-(苯氨基)丁酸, 4-Oxo-4-(phenylamino)butanoic,毕得医药,5g,5,g,1,374,not_stocked,zhuminghui,20251119
358-23-6,三氟甲磺酸酐,Trifluoromethanesulfonic anhydride,欣恒研,25 g,25,g,1,80,not_stocked,chenyichi,20251119
534-17-8,碳酸铯,Cesium carbonate,毕得医药,25g,25,g,1,48.3,not_stocked,yuyihan,20251119
100-21-0,对苯二甲酸,Terephthalic acid,毕得医药,100g,100,g,1,16.1,not_stocked,yuyihan,20251119
68109-03-5,四丁基铵十钨酸盐,Tetrabutylammonium decatungstate,毕得医药,1g,1,g,1,144.9,not_stocked,yuyihan,20251119
7785-87-7,硫酸锰(II),Manganese(II) sulfate,毕得医药,100g,100,g,1,39.9,not_stocked,yuyihan,20251119
7031-93-8,"1-羟基-2,2,6,6-四甲基哌啶","2,2,6,6-Tetramethylpiperidin-1-ol",毕得医药,1g,1,g,1,98,not_stocked,yuyihan,20251119
10544-50-0,八硫杂环辛烷,Octathiocane,毕得医药,1g,1,g,1,109.9,not_stocked,yuyihan,20251119
27514-08-5,4-乙酰氨基环己酮,N-(4-Oxocyclohexyl)acetamide,毕得医药,25g,25,g,1,42,not_stocked,yuyihan,20251119
502-56-7,5-壬酮,Nonan-5-one,毕得医药,25g,25,g,1,37.8,not_stocked,yuyihan,20251119
1066-33-7,碳酸氢铵,Ammonium hydrogencarbonate,毕得医药,100g,100,g,1,21,not_stocked,yuyihan,20251119
10031-93-3,4-苯基丁酸乙酯,Ethyl 4-phenylbutanoate,毕得医药,5g,5,g,1,158.2,not_stocked,yuyihan,20251119
3752-24-7,"4,5,6,7-四氢-1H-苯并咪唑","4,5,6,7-Tetrahydro-1H-benzo[d]imidazole",毕得医药,1g,1,g,1,80.5,not_stocked,yuyihan,20251119
13482-22-9,4-羟基环己酮,4-Hydroxycyclohexanon,毕得医药,5g,5,g,1,110.6,not_stocked,yuyihan,20251119
55145-45-4,4-((叔丁基二甲基)硅烷基)氧基)环己酮,4-((tert-Butyldimethylsilyl)oxy)cyclohexanot_stocked,毕得医药,5g,5,g,1,252,not_stocked,yuyihan,20251119
600-14-6,"2,3-戊二酮","Pentane-2,3-dione",毕得医药,25g,25,g,1,21,not_stocked,yuyihan,20251119
765-87-7,"1,2-环己二酮","1,2-Cyclohexanedione",毕得医药,5g,5,g,1,48.3,not_stocked,yuyihan,20251119
75-36-5,乙酰氯,Acetyl chloride,安耐吉,25ml,25,mL,1,21,degraded,huzhibin,20251119
32149-57-8,叔丁醇镁,Magnesium tert-butoxide,希恩斯,25g,25,g,1,24.05,running_out,huzhibin,20251119
598-72-1,2-溴丙酸,2-Bromopropionic,安耐吉,25g,25,g,1,14,not_stocked,huzhibin,20251119
137-18-8,"2,5-二甲基-1,4-苯醌 ","2,5-Dimethylcyclohexa-2,5-diene-1,4-dione",毕得医药,5 g,5,g,1,207.2,running_out,chengzengrui,20251119
23295-32-1,氯(吡啶)双(二甲基乙二钴(III)肟), Chloro(pyridine)bis(dimethylglyoximato)cobalt(III),毕得医药,1 g,1,g,1,109.9,not_stocked,chengzengrui,20251119
61-73-4,"3,7-双(二甲基氨基)吩噻嗪-5-氯化铵 ","3,7-Bis(dimethylamino)phenothiazin-5-ium chloride",毕得医药,25 g,25,g,1,21,not_stocked,chengzengrui,20251119
14099-05-9,五氰基氨合铁(II)酸钠盐水合物,PENTACYANOAMMINEFERROATE SODIUM SALT,MREDA,5  g,5,g,1,161,not_stocked,chengzengrui,20251119
20762-60-1,叠氮化钾,"	potassium azide",MREDA,5  g,5,g,1,157,running_out,chengzengrui,20251119
108-89-4,4-甲基吡啶 ,4-Methylpyridine,安耐吉,100 mL,100,mL,1,17.5,running_out,chengzengrui,20251119
591-22-0,"3,5-二甲基吡啶 ","3,5-Dimethylpyridine",安耐吉,25 mL,25,mL,1,17.5,running_out,chengzengrui,20251119
605-94-7,"2,3-二甲氧基-5-甲基-1,4-苯醌 ","2,3-Dimethoxy-5-methylcyclohexa-2,5-diene-1,4-dione",毕得医药,25 g,25,g,1,18.2,not_stocked,chengzengrui,20251119
3602-55-9,"2-叔丁基-1,4-苯醌 ","2-tert-Butyl-1,4-benzoquinot_stocked",毕得医药,5  g,5,g,1,17.5,not_stocked,chengzengrui,20251119
363-03-1,"[1,1'-联苯]-2,5-二酮 ","[1,1'-Biphenyl]-2,5-dione",毕得医药,1 g,1,g,1,74.2,not_stocked,chengzengrui,20251119
455-32-3,苯酰氟 ,Benzoyl Fluoride,罗恩,1 g,1,g,1,61.6,not_stocked,chengzengrui,20251119
57-88-5,胆固醇,"Cholesterol
",希恩思,25 g,25,g,1,27.3,running_out,chengzengrui,20251119
586-96-9,亚硝基苯 ,亚硝基苯,希恩思,5g*2,5,g,2,67.6,running_out,huangyilei,20251119
448-61-3,"2,4,6-三苯基吡喃鎓四氟硼酸盐?","2,4,6-Triphenylpyrylium tetrafluoroborate",毕得,10g,10,g,1,154.7,running_out,wangxi,20251120
849833-56-3,(Z)-N'-羟基异丁脒,(Z)-N'-Hydroxyisobutyrimidamide,毕得,250 mg,250,mg,1,121.1,not_stocked,wangxi,20251120
110-03-2,"2,5-二甲基-2,5-己二醇","2,5-Dimethyl-2,5-hexanediol",毕得,100 g,100,g,1,21,not_stocked,wangxi,20251120
589-29-7,对苯二甲醇,"1,4-Benzenedimethanol",毕得,25 g,25,g,1,27.3,not_stocked,wangxi,20251120
99604-67-8,五甲基环戊二烯基三(乙腈)六氟磷酸钌(II),"Pentamethylcyclopentadienyltris (acetonitrile)ruthenium(II) hexafluorophosphate
",毕得,50 mg,50,mg,1,187.6,not_stocked,wangxi,20251120
142-64-3,哌嗪二盐酸盐,Piperazine Dihydrochloride,毕得,25 g,25,g,1,26.6,not_stocked,wangxi,20251120
123-91-1,超干二氧六环,"1,4-dioxane",伊诺凯,500 Ml,500,mL,1,62,not_stocked,wangxi,20251120
128-08-5,NBS,"1-Bromopyrrolidine-2,5-dione",毕得医药,500g,500,g,1,35,not_stocked,zhaobinzhi,20251120
697-82-5,"2,3,5-三甲基苯酚 ","2,3,5-Trimethylphenol",毕得医药,1g,1,g,1,15.4,running_out,shihongwei,20251120
6638/5/7,"2,6-二甲氧基-4-甲基苯酚 ","2,6-Dimethoxy-4-methylphenol",毕得医药,5g,5,g,1,119,not_stocked,shihongwei,20251120
5384-21-4,"4,4'-亚甲基双(2,6-二甲苯酚))"," 4,4'-Methylenebis(2,6-dimethylphenol",阿拉丁,5g,5,g,1,56.18,not_stocked,shihongwei,20251120
732-26-3,"2,4,6-三叔丁基苯酚","2,4,6-Tri-tert-butylphenol",希恩思,25 g,25,g,1,13,running_out,shihongwei,20251120
52784-31-3,3-苯基环丁酮,3-Phenylcyclobutanot_stocked,欣恒研,1g×2,,,1,188.8,running_out,wangyihan,20251120
123-91-1,超干二氧六环,"1,4-dioxane",安耐吉,500 Ml,500,mL,1,28,common_public,chenyichi,20251120
1879-09-0,"2-(叔丁基)-4,6-二甲基苯酚 ","2-(tert-Butyl)-4,6-dimethylphenol",希恩思,100 mL,100,mL,1,14.3,not_stocked,shihongwei,20251120
2416-94-6,"2,3,6-三甲基苯酚 ","2,3,6-Trimethylphenol",希恩思,5g,5,g,1,10.4,not_stocked,shihongwei,20251120
34137-14-9,"4-羟基-3,5-二甲基苯甲酸甲酯","4-Hydroxy-3,5-diMethylbenzoic Acid Methyl Ester",希恩思,1g,1,g,1,148.85,not_stocked,shihongwei,20251120
21145-77-7,"1-(3,5,5,6,8,8-六甲基-5,6,7,8-四氢萘-2-基)乙酮 ","1-(3,5,5,6,8,8-Hexamethyl-5,6,7,8-tetrahydronaphthalen-2-yl)ethanot_stocked",毕得医药,25g,25,g,1,39.2,not_stocked,shihongwei,20251120
128625-52-5,苯并三唑1基氧三吡咯烷基鏻六氟磷酸,Benzotriazol-1-yloxytrispyrrolidinophosphonium hexafluorophosphate,百灵威J&K,5g,5,g,1,76.5,running_out,zhongyi,20251113
358-23-6,三氟甲磺酸酐,Trifluoromethanesulfonic anhydride,欣恒研,25 g,25,g,1,80,high_usage,chenyichi,20251121
7782-61-8,硝酸铁(III) 九水合物,Ferric nitrate nonahydrate,希恩斯,100 g,100,g,1,18.2,running_out,chenyichi,20251121
81-25-4,胆酸,Cholic acid,希恩斯,25 g,25,g,1,39,running_out,chenyichi,20251121
364-78-3,4-氟-2-硝基苯胺,4-Fluoro-2-nitroaniline,毕得,5  g,5,g,1,21,not_stocked,chenyichi,20251121
402-41-5,2-(4-氟苯基)-2-丙醇,2-(4-Fluorophenyl)propan-2-ol,毕得,1 g,1,g,1,63,not_stocked,chenyichi,20251121
371-40-4,4-氟苯胺,4-Fluoroaniline,安耐吉,25 g,25,g,1,17.5,not_stocked,chenyichi,20251121
403-39-4,1-氟-4-异丙基苯,1-Fluoro-4-isopropylbenzene,毕得,5 g,5,g,1,438.9,running_out,chenyichi,20251121
82113-65-3,双三氟甲烷磺酰亚胺,"1,1,1-Trifluoro-N-((trifluoromethyl)sulfonyl)methanesulfonamide",毕得,25 g,25,g,1,115.5,running_out,chenyichi,20251121
920-66-1,"1,1,1,3,3,3-六氟丙-2-醇","1,1,1,3,3,3-Hexafluoropropan-2-ol",毕得,500 g,500,g,1,160.3,common_public,chenyichi,20251121
,,,,,,,1,,not_stocked,admin,
72804-96-7,二苯基膦酰羟胺,O-Diphenylphosphinylhydroxylamine,"	毕得医药",25g,25,g,1,120.4,running_out,huzhibin,20251123
69739-34-0,叔丁基二甲基甲硅烷基三氟甲磺酸酯,Trifluoromethanesulfonic acid tert-butyldimethylsilyl ester,"	毕得",25 g * 3,25,g,3,126,not_stocked,chenyichi,20251124
35948-25-5,"9,10-二氢-9-氧杂-10-磷杂菲 ","6H-Dibenzo[c,e][1,2]oxaphosphinine 6-oxide","	毕得",25g,25,g,1,14,not_stocked,yuyihan,20251124
37234-97-2,"μ-[(1,2-η:3,4-η)-三氟甲烷磺酸亚铜(I)苯络合物 ","μ-[(1,2-η:3,4-η)-Copper(I) Trifluoromethanesulfonate Benzene Complex","	毕得",250mg,250,mg,1,32,not_stocked,yuyihan,20251124
2524-64-3,氯磷酸二苯酯,,毕得,25g,25,g,1,40.6,not_stocked,wengjincheng,20251124
529-20-4,2-甲基苯甲醛,,毕得,25g,25,g,1,22.4,not_stocked,wengjincheng,20251124
3282-30-2,三甲基乙酰氯,Pivaloyl Choloride,安耐吉,25mL,25,mL,1,14,not_stocked,wengjincheng,20251124
121-51-7,3-硝基苯磺酰氯,3-Nitrobenzenesulfonyl Chloride,麦克林,5g,5,g,1,40,not_stocked,wengjincheng,20251124
307-34-6,全氟辛烷,Perfluorooctane,安耐吉,100g,100,g,1,90.3,not_stocked,huzhibin,20251124
1662-01-7,"4,7-二苯基-1,10-菲罗啉","4,7-Diphenyl-1,10-phenanthroline",毕得,1g,1,g,1,21,not_stocked,yuyihan,20251124
602-56-2,9-苯基吖啶,9-Phenylacridine,毕得,5g,5,g,1,30.8,not_stocked,yuyihan,20251124
429-41-4,四丁基氟化铵,Tetrabutylammonium fluoride,安耐吉,100ml,100,mL,1,31.5,running_out,huzhibin,20251124
40949-94-8,双(三甲基硅烷基)氨基钾,Potassium bis(trimethylsilyl)amide,安耐吉,100ml,100,mL,1,66.5,running_out,huzhibin,20251124
121-44-8,三乙胺,Triethylamine,通广精细,500ml,500,mL,1,40,common_public,huzhibin,20251124
1975/5/8,乙腈,Acetonitrile,通广精细,500 mL*2,500,ml,2,33,common_public,huzhibin,20251124
109-99-9,四氢呋喃,Tetrahydrofuran,通广精细,500 mL*2,500,ml,2,38,common_public,huzhibin,20251124
12354-85-7,氯化五甲基环戊二烯基合铑(III)二聚体,[Rh(Cp-)Cl2]2,希恩思,100 mg,100,mg,1,143,not_stocked,shihongwei,20251126
106-95-6,3-溴丙烯,3-Bromopropene,百灵威,25g,25,g,1,74.8,running_out,huzhibin,20251124
50-50-0,苯甲酸雌二醇,Estradiol benzoate,希恩思,5g,5,g,1,162.5,not_stocked,huangyilei,20251126
4254-29-9,"2,3-二氢-1H-茚-2-醇","2,3-Dihydro-1H-inden-2-ol",毕得医药,25g,25,g,1,97.3,not_stocked,huangyilei,20251126
3349-63-1,"1,3-二氢-2-茚酮肟","1,3-Dihydro-2H-inden-2-one oxime",毕得医药,5g,5,g,1,130.2,not_stocked,huangyilei,20251126
122-39-4,二苯胺,Diphenylamine,百灵威J&K,25g,25,g,1,51,high_usage,liangyiqi,20251126
126-33-0,环丁砜,Tetrahydrothiophene,毕得,25g,25,g,1,13.3,high_usage,liangyiqi,20251126
589-29-7,对苯二甲醇,"1,4-Benzenedimethanol",毕得,100 g,100,g,1,32.9,not_stocked,wangxi,20251126
693-04-9,正丁基氯化镁 ,n-Butylmagnesium chloride,安耐吉,100 mL,100,mL,1,35,not_stocked,shihongwei,20251126
3141-26-2,"3,4-二溴噻吩 ","3,4-Dibromothiophene",毕得医药,25 g,25,g,1,26.6,not_stocked,shihongwei,20251126
7084/11/9,EDCI,,毕得医药,100 g,100,g,1,42.7,not_stocked,hanshuai,20251126
862095-91-8,"6,7-二氢-2-五氟苯基-5H-吡咯并[2,1-C]-1,2,4-三唑鎓四氟硼酸盐","6,7-Dihydro-2-pentafluorophenyl-5H-pyrrolo[2,1-c][1,2,4]triazolium Tetrafluoroborate
",毕得医药,100mg,100,mg,1,73.5,not_stocked,huangyilei,20251126
131274-22-1,三叔丁基磷四氟硼酸盐,Tri-tert-butylphosphonium tetrafluoroborate,毕得,5g,5,g,1,18.9,not_stocked,liangyiqi,20251127
1100-88-5,苄基三苯基氯化膦,Benzyltriphenylphosphonium chloride,毕得,100 g,100,g,1,20.3,not_stocked,huzhibin,20251127
104-78-9,3-二乙胺基丙胺 ,3-Diethylaminopropylamine,安耐吉,25 mL,25,mL,1,14,not_stocked,chenyichi,20251127
86-98-6,"4,7二氯喹啉","4,7-Dichloroquinoline",百灵威J&K,5  g,5,g,1,29.75,not_stocked,chenyichi,20251127
722536-73-4,"7-(苄氧基)-3-溴-1,2-二氢萘 ","7-(Benzyloxy)-3-bromo-1,2-dihydronaphthalene",毕得,5  g,5,g,1,103.6,not_stocked,chengzengrui,20251128
141091-37-4,环己烯-1-硼酸频哪醇酯," 2-(Cyclohex-1-en-1-yl)-4,4,5,5-tetramethyl-1,3,2-dioxaborolane",毕得,5  g,5,g,1,46.9,not_stocked,chengzengrui,20251128
859217-67-7,"4,4-二甲基环己烯-1-硼酸频哪醇酯 ","2-(4,4-Dimethyl-1-cyclohexen-1-yl)-4,4,5,5-tetramethyl-1,3,2-dioxaborolane",毕得,,,,1,102.9,not_stocked,chengzengrui,20251128
61-73-4,亚甲基蓝 ,Methylene Blue,迈瑞达,5  g,5,g,1,12.5,not_stocked,chengzengrui,20251128
17455-13-9,"18冠醚6
",18-Crown-6,jk,25G,25,g,1,310.25,running_out,zhuminghui,20251128
606-57-5,1-硝基-2-萘胺,"	1-nitro-2-naphthylamine",毕得医药,250mg,250,mg,1,383.6,not_stocked,zhuminghui,20251128
1575-36-6,"3-溴-1,2-二氨基苯 ","3-Bromobenzene-1,2-diamine",毕得医药,5g,5,g,1,261.8,not_stocked,zhuminghui,20251128
2687-25-4,"2,3-二氨基甲苯 ","3-Methylbenzene-1,2-diamine",毕得医药,10g,10,g,1,18.2,not_stocked,zhuminghui,20251128
13400-13-0,氟化铯,Cesium fluoride,jk,25 g,25,g,1,119,running_out,zhuminghui,20251128
3094-87-9,醋酸亚铁,Iron(II) Acetate,TCI,5g,5,g,1,472,not_stocked,zhuminghui,20251128
40594-34-1,4-(二甲基氨基)环己酮?,4-(Dimethylamino)cyclohexanot_stocked,欣恒研,2.5g,2.5,g,1,236,not_stocked,wangyihan,20251130
2840-44-0,7-氟-1-四氢萘酮,7-Fluoro-1-tetralone,欣恒研,1g×2,,,1,88,not_stocked,wangyihan,20251130
26673-32-5,"7-氯-3,4-二氢-2H-1-萘酮","7-Chloro-3,4-dihydronaphthalen-1(2H)-one",欣恒研,5g,5,g,1,148.8,not_stocked,wangyihan,20251130
358-23-6,三氟甲磺酸酐,Trifluoromethanesulfonic anhydride,欣恒研,25 g*2,25,g,2,160,high_usage,chenyichi,20251201
104-94-9,对甲氧基苯胺,p-Anisidine,安耐吉,25 g,25,g,1,14,running_out,chenyichi,20251201
122-80-5,4′-氨基乙酰苯胺,4'-Aminoacetanilide,安耐吉,25 g,25,g,1,14,running_out,chenyichi,20251201
15699-18-0,硫酸镍铵,NICKEL AMMONIUM SULFATE,浠米,100 g,100,g,1,29,not_stocked,chenyichi,20251201
35999-20-3,3-氯-1-(4-甲氧基苯基)丙-1-酮 ,3-Chloro-1-(4-methoxyphenyl)propan-1-one,毕得,26g,26,g,1,518,not_stocked,yuyihan,20251201
3946-29-0,"3,4'-二氯苯丙酮", 3-Chloro-1-(4-chlorophenyl)propan-1-one,毕得,26g,26,g,1,249,not_stocked,yuyihan,20251201
455-91-4,3-氟-4-甲氧基苯乙酮,3'-Fluoro-4'-methoxyacetophenot_stocked,毕得,5  g,5,g,1,38.5,not_stocked,chenyichi,20251201
403-42-9,4-氟苯乙酮,1-(4-Fluorophenyl)ethanot_stocked,毕得,25 g,25,g,1,16.1,not_stocked,chenyichi,20251201
139-59-3,4-氨基二苯醚,4-Phenoxyaniline,毕得,25 g,25,g,1,30.8,not_stocked,chenyichi,20251201
52409-22-0,三(二亚苄基丙酮)二钯,Pd2(DBA)3,毕得,5g,5,g,1,474.6,not_stocked,wangzimei,20251201
809273-70-9,((4-氧代环己基)甲基)氨基甲酸叔丁酯,tert-Butyl ((4-oxocyclohexyl)methyl)carbamate,毕得,250mg,250,mg,1,36.4,not_stocked,wangkaixuan,20251201
873924-12-0,7-(叔丁氧基羰基)-7-氮杂螺[3.5]壬烷-2-羧酸,7-(tert-Butoxycarbonyl)-7-azaspiro[3.5]nonane-2-carboxylic acid,毕得,1g,1,g,1,154.7,not_stocked,wangkaixuan,20251201
163210-97-7,4-(哌嗪-1-基)苯甲酸甲酯,Methyl 4-(piperazin-1-yl)benzoate,毕得,1g,1,g,1,49,not_stocked,wangkaixuan,20251201
203661-69-2,2-氧代-7-氮杂螺[3.5]壬烷-7-甲酸叔丁酯,tert-Butyl 2-oxo-7-azaspiro[3.5]nonane-7-carboxylate,毕得,5g,5,g,1,79.1,not_stocked,wangkaixuan,20251201
873924-08-4,3-Boc-9-氧代-3-氮杂螺[5.5]十一烷,tert-Butyl 9-oxo-3-azaspiro[5.5]undecane-3-carboxylate,毕得,1g,1,g,1,114.8,not_stocked,wangkaixuan,20251201
1643-30-7,3-(4-溴苯基)丙酸,3-(4-Bromophenyl)propanoic acid,毕得,25g,25,g,1,56,not_stocked,wangkaixuan,20251201
25895-60-7,氰基硼氢化钠,Sodium cyanoborohydride,毕得,25g,25,g,1,42,not_stocked,wangkaixuan,20251201
496-72-0,"3,4-二氨基甲苯","4-methyl-1,2-diaminobenzene",毕得,25g,25,g,1,21,degraded,zhuminghui,20251201
22118-09-8,溴乙酰氯,Bromoacetyl chloride,毕得,5g,5,g,1,44.1,not_stocked,wangkaixuan,20251201
455-91-4,3-氟-4-甲氧基苯乙酮,3'-Fluoro-4'-methoxyacetophenot_stocked,毕得,25  g,25,g,1,113.4,not_stocked,chenyichi,20251201
5614-37-9,甲氧基环戊烷,Methoxycyclopentane,安耐吉,100 g,100,g,1,21,common_public,chenyichi,20251201
646-06-0,"1,3-二氧戊环","1,3-Dioxolane",安耐吉,100 g,100,g,1,14,common_public,chenyichi,20251201
358-23-6,三氟甲磺酸酐,Trifluoromethanesulfonic anhydride,欣恒研,25 g,25,g,1,80,running_out,huzhibin,20251202
2235394-90-6,"
6-((3S,4S)-4-氨基-3-甲基-2-氧杂-8-氮杂螺[4.5]癸烷-8-基)-3-(3-氯-2-(环丙基氨基)吡啶-4-基)-5-甲基-2,5-二氢-4H-吡唑并[3,4-d]嘧啶-4-酮","6-((3S,4S)-4-Amino-3-methyl-2-oxa-8-azaspiro[4.5]decan-8-yl)-3-(3-chloro-2-(cyclopropylamino)pyridin-4-yl)-5-methyl-2,5-dihydro-4H-pyrazolo[3,4-d]pyrimidin-4-one",毕得,5mg,5,mg,1,1050,not_stocked,xuguofeng,20251202
2951854-02-5,"6-(4-氨基-4-甲基哌啶-1-基)-3-(2,3-二氯苯基)吡嗪-2-胺","
6-(4-Amino-4-methylpiperidin-1-yl)-3-(2,3-dichlorophenyl)pyrazin-2-amine",MCE,1mg,1,mg,1,1080,not_stocked,xuguofeng,20251202
2160546-07-4,"
1-(3-(2,3-二氯苯基)-1H-吡唑并[3,4-b]吡嗪-6-基)-4-甲基哌啶-4-胺","
1-(3-(2,3-Dichlorophenyl)-1H-pyrazolo[3,4-b]pyrazin-6-yl)-4-methylpiperidin-4-amine",毕得,5mg,5,mg,1,132.3,not_stocked,xuguofeng,20251202
2498597-94-5,"
(S)-1'-(6-((2-氨基-3-氯吡啶-4-基)硫基)-1,2,4-三嗪-3-基)-1,3-二氢螺[茚-2,4'-哌啶]-1-胺","
(S)-1'-(6-((2-Amino-3-chloropyridin-4-yl)thio)-1,2,4-triazin-3-yl)-1,3-dihydrospiro[indene-2,4'-piperidin]-1-amine",毕得,5mg,5,mg,1,431.9,not_stocked,xuguofeng,20251202
1801747-42-1,"6-(4-氨基-4-甲基哌啶-1-基)-3-(2,3-二氯苯基)吡嗪-2-胺","6-(4-Amino-4-methylpiperidin-1-yl)-3-(2,3-dichlorophenyl)pyrazin-2-amine",毕得,5mg,5,mg,1,109.2,not_stocked,xuguofeng,20251202
2172651-73-7,"
(3-((3S,4S)-4-氨基-3-甲基-2-氧杂-8-氮杂螺[4.5]癸烷-8-基)-6-(2,3-二氯苯基)-5-甲基吡嗪基)甲醇","
(3-((3S,4S)-4-Amino-3-methyl-2-oxa-8-azaspiro[4.5]decan-8-yl)-6-(2,3-dichlorophenyl)-5-methylpyrazin-2-yl)methanol",毕得,5mg,5,mg,1,420.7,not_stocked,xuguofeng,20251202
2172652-48-9,"
(6-((2-氨基-3-氯吡啶-4-基)硫基)-3-((3S,4S)-4-氨基-3-甲基-2-氧杂-8-氮杂螺[4.5]癸烷-8-基)-5-甲基吡嗪-2-基)甲醇","
(6-((2-Amino-3-chloropyridin-4-yl)thio)-3-((3S,4S)-4-amino-3-methyl-2-oxa-8-azaspiro[4.5]decan-8-yl)-5-methylpyrazin-2-yl)methanol",毕得,10mg,10,mg,1,513.1,not_stocked,xuguofeng,20251202
2245082-05-5,"
(S)-1'-(5-((2-氨基-3-氯吡啶-4-基)硫代)吡嗪-2-基)-5,7-二氢螺[环戊烷并[b]吡啶-6,4'-哌啶]-5-胺","
(6-((2-Amino-3-chloropyridin-4-yl)thio)-3-((3S,4S)-4-amino-3-methyl-2-oxa-8-azaspiro[4.5]decan-8-yl)-5-methylpyrazin-2-yl)methanol",毕得,5mg,5,mg,1,336,not_stocked,xuguofeng,20251202
2169223-48-5,"(S)-1-(4-((3-氨基-5-(4-氨基-2-氧杂-8-氮杂螺[4.5]癸烷-8-基)吡嗪-2-基)硫基)-3,3-二氟吲哚啉-1-基)乙酮","Ethanot_stocked, 1-[4-[[3-amino-5-[(4S)-4-amino-2-oxa-8-azaspiro[4.5]dec-8-yl]-2-pyrazinyl]thio]-3,3-difluoro-2,3-dihydro-1H-indol-1-yl]",毕得,5mg,5,mg,1,443.1,not_stocked,xuguofeng,20251202
2055757-40-7,"
(3-((3S,4S)-4-氨基-3-甲基-2-氧杂-8-氮杂螺[4.5]癸烷-8-基)-6-(2,3-二氯苯基)-5-甲基吡嗪基)甲醇","
(3-((3S,4S)-4-Amino-3-methyl-2-oxa-8-azaspiro[4.5]decan-8-yl)-6-(2,3-dichlorophenyl)-5-methylpyrazin-2-yl)methanol",MCE,1mg,1,mg,1,2080,not_stocked,xuguofeng,20251202
5142-23-4,,,毕得,1g,1,g,1,130.9,not_stocked,wangxi,20251202
21950-36-7,"9-((3aR,4R,6R,6aR)-6-(氨甲基)-2,2-二甲基四氢呋喃并[3,4-d][1,3]二氧戊环-4-基)-9H-嘌呤-6-胺"," 9-((3aR,4R,6R,6aR)-6-(Aminomethyl)-2,2-dimethyltetrahydrofuro[3,4-d][1,3]dioxol-4-yl)-9H-purin-6-amine
",毕得,1g,1,g,1,231,not_stocked,wangxi,20251202
3268-49-3,"	3(甲硫基)丙醛","	3-(Methylthio)propionaldehyde",百灵威J&K,5g,5,g,1,51,not_stocked,tangshuyuan,20251202
100-51-6,苯甲醇,Phenylmethanol,毕德,14g,14,g,1,100,not_stocked,tangshuyuan,20251202
148893-10-1,"O-(7-氮杂苯并三唑-1-基)-N,N,N',N'-四甲基脲六氟磷酸盐 O-",HATU,毕德,100g,100,g,1,190.4,high_usage,tangshuyuan,20251202
104-66-5,"1,2-二苯氧乙烷","1,2-Diphenoxyethane",浠米,5g,5,g,1,20.88,not_stocked,zhaobinzhi,20251203
1493-13-6,三氟甲磺酸,Triflate acid,希恩斯,25  g,25,g,1,59.8,running_out,chenyichi,20251203
3282-30-2,三甲基乙酰氯,"	pivaloyl chloride",jk,500ML,500,mL,1,149.6,running_out,zhuminghui,20251203
36016-38-3,N-羟基氨基甲酸叔丁酯, N-tert-Butoxycarbonylhydroxylamine,毕得,200g,200,g,1,86.1,running_out,zhuminghui,20251203
599-71-3,苯磺基异羟肟酸,N-Hydroxybenzenesulfonamide,毕得医药,1g,1,g,1,47.6,not_stocked,huangyilei,20251203
862095-91-8,"6,7-二氢-2-五氟苯基-5H-吡咯并[2,1-C]-1,2,4-三唑鎓四氟硼酸盐","6,7-Dihydro-2-pentafluorophenyl-5H-pyrrolo[2,1-c][1,2,4]triazolium Tetrafluoroborate",毕得医药,250mg,250,mg,1,166.6,running_out,huangyilei,20251203
10034-88-5,硫酸氢钠一水合物 ,"Sodium bisulfate monohydrate, 97%, for synthesis",Amethyst,500G,500,g,1,34,not_stocked,tanhui,20251204
7786-30-3,氯化镁 ,"Magnesium chloride, 98%",百灵威J&K,100 g,100,g,1,51,not_stocked,tanhui,20251204
920-39-8,异丙基溴化镁," Isopropylmagnesium bromide, 1.0 M solution in THF, J&KSeal",百灵威J&K,100 mL,100,mL,1,77,running_out,tanhui,20251204
10226-29-6,6-溴-2-己酮 ,6-Bromohexan-2-one,毕得医药,1 g,1,g,1,35.7,not_stocked,tanhui,20251204
13633-25-5,4-苯基-1-丁基溴 ,1-Bromo-4-phenylbutane,毕得医药,5  g,5,g,1,27.3,not_stocked,tanhui,20251204
98-86-2,苯乙酮, Acetophenot_stocked,毕得医药,10 g,10,g,1,10.5,not_stocked,tanhui,20251204
6285/5/8,4-氯苯丙酮, 4'-Chloropropiophenot_stocked,毕得医药,25  g,25,g,1,30,not_stocked,tanhui,20251205
92136-39-5,N-Boc-氨基丙炔,N-Boc-Propargylamine,毕得,25g,25,g,1,99.5,not_stocked,wangkaixuan,20251204
762-42-5,丁炔二酸二甲酯,Dimethyl but-2-ynedioate,毕得,25g,25,g,1,21,not_stocked,wangkaixuan,20251204
14694-95-2,三苯基膦氯化铑,Tris(triphenylphosphine)chlororhodium,毕得,250mg*2,250,mg,2,111.3,not_stocked,wangkaixuan,20251204
106-96-7,3-溴丙炔,3-Bromopropyne,安徽泽升,25g,25,g,1,24.5,not_stocked,wangkaixuan,20251204
7646-69-7,氢化钠,Sodium hydride,安徽泽升,100g,100,g,1,31.5,not_stocked,wangkaixuan,20251204
1493-13-6,三氟甲磺酸,Triflate acid,jk,100 g,100,g,1,435,running_out,zhuminghui,20251204
121-97-1,对甲氧基苯丙酮, p-Methoxypropiophenot_stocked,毕得医药,5  g,5,g,1,25.9,not_stocked,tanhui,20251204
451-40-1,苄基苯基酮 ,"1,2-Diphenylethanot_stocked",毕得医药,5  g,5,g,1,14,not_stocked,tanhui,20251204
10342-83-3,4'-对溴苯丙酮, 1-(4-Bromophenyl)propan-1-one,毕得医药,25g,25,g,1,34.3,not_stocked,tanhui,20251204
32281-97-3,"7-溴-3,4-二氢萘-1(2H)-酮","7-Bromo-3,4-dihydronaphthalen-1(2H)-one",欣恒研,5g,5,g,1,58.4,running_out,wangyihan,20251204
599-71-3,苯磺基异羟肟酸,N-Hydroxybenzenesulfonamide,毕得医药,5g,5,g,1,160.3,running_out,huangyilei,20251204
2206-27-1,氘代二甲基亚砜-d6,Dimethyl sulfoxide-d6,百灵威,2x（10x0.55 mL）,0.55,ml,20,105,running_out,tangshuyuan,20251204
6303-21-5,次磷酸,Phosphinic acid,安耐吉,25 mL,25,mL,1,14,not_stocked,chenyichi,20251205
407-25-0,三氟乙酸酐 ,"Trifluoroacetic anhydride, 99%",百灵威J&K,25  g,25,g,1,51,not_stocked,tanhui,20251205
5422-88-8,环戊基(苯基)甲酮 ,Cyclopentyl(phenyl)methanot_stocked,毕得医药,5g,5,g,1,51.1,not_stocked,tanhui,20251205
675877-56-2,"1,3-二均三甲苯基咪唑鎓-2-羧酸内盐"," 1,3-Dimesitylimidazolium-2-carboxylate",毕得医药,250 mg,250,mg,1,256.9,not_stocked,tanhui,20251205
533-58-4,2-碘苯酚, 2-Iodophenol,毕得医药,25  g,25,g,1,53.9,not_stocked,tanhui,20251205
27465-51-6,对乙基苯丙酮 ,1-(4-Ethylphenyl)propan-1-one,毕得医药,25  g,25,g,1,33.6,not_stocked,tanhui,20251205
120317-69-3,"1,4-二甲基-1,2,4-三唑鎓碘化物 ","1,4-Dimethyl-1,2,4-triazolium Iodide",毕得医药,1 g,1,g,1,187.6,not_stocked,tanhui,20251205
40851-62-5,邻甲苯基乙酸甲酯 ,2-methylphenylacetate,毕得医药,5g,5,g,1,37.8,not_stocked,huangyilei,20251205
22706-22-5,"	苯并[c][1,2,5]噻二唑","	Benzo[c][1,2,5]thiadiazole",毕得医药,100mg,100,mg,1,280,running_out,zhuminghui,20251207
79560-19-3,"4-(3,4-二氯苯基)-1-四氢萘酮?","4-(3,4-Dichlorophenyl)-3,4-dihydronaphthalen-1(2H)-one",欣恒研,25g,25,g,1,53.6,not_stocked,wangyihan,20251207
81-49-2,,"
1-Amino-2,4-dibromoanthraquinot_stocked",毕得,25g,25,g,1,335.3,not_stocked,pengsheng,20251207
1125-99-1,1-(1-吡咯烷)环己烯,1-Pyrrolidino-1-cyclohexene,MREDA,1g×2,,,1,104,not_stocked,wangyihan,20251207
1547-87-1,"	2,2,2-三氟-N,N-二甲基乙酰胺","	2,2,2-Trifluoro-N,N-dimethylacetamide",毕得,5g,5,g,1,43.4,not_stocked,zhuminghui,20251207
461-18-7,"4,4,4-三氟-1-丁醇 ","4,4,4-Trifluorobutan-1-ol",毕得,5g,5,g,1,31.5,not_stocked,yuyihan,20251207
4385-35-7,"1,4-二氢-3H-2-苯并吡喃-3-酮","1,4-Dihydro-3H-2-benzopyran-3-one",毕得医药,100g,100,g,1,20.3,not_stocked,huangyilei,20251207
2206-27-1,氘代二甲基亚砜-d6,Dimethyl sulfoxide-d6,百灵威,3x（10x0.55 mL）,0.55,ml,30,106,not_stocked,hanshuai,20251207
930-30-3,2-环戊烯酮,Cyclopent-2-enot_stocked,毕得医药,10g,10,g,1,70.7,not_stocked,huangyilei,20251207
53123-88-9,雷帕霉素,Rapamycin,毕得医药,100 mg,100,mg,1,44.1,not_stocked,zhongyi,20251207
104987-11-3,他克莫司,Tacrolimus,毕得医药,100 mg,100,mg,1,152.6,not_stocked,zhongyi,20251207
655224-73-0,N-(2-(2-(2-氨基乙氧基)乙氧基)乙基)-4-(3-(三氟甲基)-3H-双吖丙啶-3-基)苯甲酰胺,"	N-(2-(2-(2-Aminoethoxy)ethoxy)ethyl)-4-(3-(trifluoromethyl)-3H-diazirin-3-yl)benzamide",毕得医药,250mg,250,mg,1,4340.7,not_stocked,zhongyi,20251207
339422-83-8,"	CM-葡聚糖","CM-dextran,500 kDa",MREDA,5g,5,g,1,448.5,not_stocked,zhongyi,20251207
52522-40-4,三(二亚苄基丙酮)二钯/氯仿加合物 ,Tris(dibenzylideneacetone)dipalladium-chloroform adduct,毕得医药,1g,1,g,1,110.6,not_stocked,huangyilei,20251207
675-20-7,2-哌啶酮,Piperidin-2-one,毕得,10 g,10,g,1,19.6,running_out,huzhibin,20251207
5664-29-9,2-氨基-2-环己基乙酸, 2-Amino-2-cyclohexylacetic acid,毕得,25 g,25,g,1,101.5,not_stocked,huzhibin,20251207
38222-83-2,"2,6-二叔丁基-4-甲基吡啶","2,6-Di-Tert-butyl-4-methylpyridine",毕得,5  g,5,g,1,53.9,not_stocked,huzhibin,20251207
20762-60-1,叠氮化钾,"	potassium azide",偶合,10  g,10,g,1,80,running_out,zhaobinzhi,20251208
53406-38-5,1-氨基吲哚,1-Aminoindole,毕得,250mg,250,mg,1,91,not_stocked,xuruilin,20251208
1671-88-1,"3,5-二(吡啶-2-基)-4H-1,2,4-三唑-4-胺","3,5-Di(pyridin-2-yl)-4H-1,2,4-triazol-4-amine",乐研,250mg,250,mg,1,109.9,not_stocked,xuruilin,20251208
159326-66-6,1-氨基-1H-吡咯-2-甲腈,1-Amino-1H-pyrrole-2-carbonitrile,毕得,100mg*2,100,mg,2,96.6,not_stocked,xuruilin,20251208
765-39-9,1-氨基吡咯 ,1H-Pyrrol-1-amine,毕得,1g,1,g,1,42.7,not_stocked,xuruilin,20251208
3530-15-2,"4-氨基-3,5-二甲基-1,2,4-三唑","4-Amino-3,5-dimethyl-1,2,4-triazole",百灵威J&K,250mg,250,mg,1,120.8,not_stocked,xuruilin,20251208
17223-85-7,N-氨基咔唑,9H-Carbazol-9-amine,毕得,250mg,250,mg,1,221.2,not_stocked,xuruilin,20251208
1179361-84-2,1-氨基咪唑-5-羧酸乙酯,Ethyl 1-amino-1H-imidazole-5-carboxylate,毕得,250mg,250,mg,1,69.3,not_stocked,xuruilin,20251208
13984-50-4,5-氧代己酸甲酯,Methyl 5-Oxohexanoate,毕得医药,1g,1,g,1,18.9,not_stocked,huangyilei,20251208
811-98-3,D4 氘代甲醇,Methanol-d4,伊诺凯,0.6 mL*10*3,,,1,270,running_out,chenyichi,20251209
202289-38-1,双（2-甲氧基乙基）氨基三氟化硫,Bis(2-methoxyethyl)aminosulfur trifluoride,浠米生物,5g,5,g,1,24.94,not_stocked,wengjincheng,20251209
110-05-4,二叔丁基过氧化物 ,Di-tert-butyl peroxide,百灵威J&K,25ml,25,mL,1,82.45,not_stocked,yuyihan,20251209
1196-57-2,2-羟基喹喔啉,2-Quinoxalinol,毕得医药,100g,100,g,1,42.7,high_usage,huzhibin,20251209
2950-43-8,羟胺磺酸,(Aminooxy)sulfonic acid,毕得医药,100g,100,g,1,45.5,high_usage,huzhibin,20251209
59-31-4,喹啉-2(1H)-酮,Quinolin-2(1H)-one,毕得医药,5  g,5,g,1,32.2,running_out,huzhibin,20251209
68109-03-5,四丁基铵十钨酸盐,Tetrabutylammonium decatungstate,毕得医药,1g,1,g,1,144.9,not_stocked,huzhibin,20251209
602-56-2,9-苯基吖啶,9-Phenylacridine,毕得医药,5g,5,g,1,30.8,not_stocked,huzhibin,20251209
785-56-8,"3,5-双三氟甲基苯甲酰氯","3,5-bis(trifluoromethyl)benzoylchloride",毕得医药,25  g,25,g,1,130.2,running_out,huzhibin,20251209
57497-39-9,N-叔丁基羟胺盐酸盐,N-(tert-Butyl) hydroxylamine hydrochloride,毕得医药,10  g,10,g,1,100.8,not_stocked,huzhibin,20251209
14900-39-1,1-苯基乙烯基硼酸,(1-Phenylvinyl)boronic acid,毕得医药,5  g,5,g,1,293.3,not_stocked,huzhibin,20251209
2991-42-6,对三氟甲基苯磺酰氯,4-(Trifluoromethyl)benzenesulfonyl chloride,毕得医药,25  g,25,g,1,46.2,running_out,huzhibin,20251209
14024-17-0,"乙酰丙酮亚铁
",Iron(II)acetylacetonate AR,jk,10g,10,g,1,28.8,not_stocked,zhuminghui,20251209
7758-94-3,氯化亚铁(II) ,Iron(II) chloride,jk,5g,5,g,1,275.5,not_stocked,zhuminghui,20251209
7705-08-0,"	氯化铁 ","	Ferric chloride, ",jk,5g,5,g,1,39,not_stocked,zhuminghui,20251209
59163-91-6,三氟甲磺酸铁(II), Iron(II) trifluoromethanesulfonate,jk,5g,5,g,1,65,not_stocked,zhuminghui,20251209
10031-26-2,溴化铁(III),Iron(III) bromid,jk,5g,5,g,1,171.7,not_stocked,zhuminghui,20251209
7789-46-0,溴化亚铁 ,Iron(II) bromide,jk,5G,5,g,1,459,not_stocked,zhuminghui,20251209
7598-91-6,2-甲基-(3-甲酸乙酯)-5-羟基吲哚,Ethyl 5-hydroxy-2-methyl-1H-indole-3-carboxylate,毕得,10g,10,g,1,676.9,running_out,huotongyu,20251209
1976/5/1,三氟乙酸 ,Trifluoroacetic acid,安耐吉,500ml,500,mL,1,83.3,running_out,huotongyu,20251209
13984-50-4,5-氧代己酸甲酯,Methyl 5-Oxohexanoate,毕得医药,5g,5,g,1,47.6,not_stocked,huangyilei,20251209
107-04-0,,1-Bromo-2-chloroethane,安徽泽升,25g,25,g,1,17.5,not_stocked,wangkaixuan,
60-29-7,无水乙醚,Diethyl ether absolute,通广,500 ml*6,500,ml,6,18,common_public,zhuminghui,20251010
,氯化亚砜,Thionyl chloride,安徽泽升,100g,100,g,1,17.5,common_public,wangkaixuan,
127-08-2,乙酸钾,Potassium acetate,毕得,100g,100,g,1,15.4,degraded,huzhibin,20251210
87-90-1,三氯异氰尿酸,Trichloroisocyanuric acid,安耐吉,100g,100,g,1,18.2,not_stocked,huzhibin,20251210
1120-72-5,2-甲基环戊酮 ," 	2-Methylcyclopentanot_stocked",毕得医药,10g,10,g,1,136.5,not_stocked,huangyilei,20251210
12092-47-6,"(1,5-环辛二烯)氯铑(I)二聚体","(1,5-Cyclooctadiene)rhodium chloride dimer",毕得医药,100mg,100,mg,1,181.3,not_stocked,huangyilei,20251210
7681-65-4,碘化亚铜,Copper(I) iodide,毕得医药,25g,25,g,1,32.9,not_stocked,wangkaixuan,20251211
191732-72-6,"3-(4-氨基-1-氧代-1,3-二氢-2H-异吲哚-2-基)哌啶-2,6-二酮","3-(4-Amino-1-oxoisoindolin-2-yl)piperidine-2,6-dione",毕得医药,10g,10,g,1,123.2,not_stocked,wangkaixuan,20251211
3375-31-3,醋酸钯 ,Palladium(II) acetate,毕得医药,250mg,250,mg,1,72.1,not_stocked,wangkaixuan,20251211
98327-87-8,"1,1'-联萘-2,2'-双二苯膦","2,2'-Bis(diphenylphosphino)-1,1'-binaphthyl",毕得医药,5g,5,g,1,41.3,not_stocked,wangkaixuan,20251211
470478-90-1,4-(4-Boc-1-哌嗪基)苯硼酸频哪醇酯,"tert-Butyl 4-(4-(4,4,5,5-tetramethyl-1,3,2-dioxaborolan-2-yl)phenyl)piperazine-1-carboxylate",毕得,5g,5,g,1,152.6,running_out,wangkaixuan,20251211
2206-27-1,氘代二甲亚砜-d6,Dimethyl sulfoxide-d6,安徽泽升,0.55mlX10,0.55,ml,10,95,running_out,wangkaixuan,20251211
5614-37-9,甲氧基环戊烷,Methoxycyclopentane,安耐吉,2*100 mL,100,ml,2,35,common_public,chenyichi,20251211
74-95-3,"二溴甲烷
", Dibromomethane,Adamas,25 g,25,g,1,20,common_public,chenyichi,20251211
25574-11-2,4-溴苯丙醇 ,3-(4-Bromophenyl)propan-1-ol,毕得医药,10g,10,g,1,88.9,not_stocked,shihongwei,20251211
32372-82-0,异吲哚啉盐酸盐,Isoindoline hydrochloride,毕得,10g,10,g,1,62.3,running_out,huzhibin,20251211
1810004-87-5,"3,6-二叔丁基-9-均三甲苯基-10-苯基吖啶-10-鎓 四氟硼酸盐","3,6-Di-tert-butyl-9-mesityl-10-phenylacridin-10-ium tetrafluoroborate",毕得,100mg,100,mg,1,107.8,not_stocked,huzhibin,20251211
2587-00-0,"2,6-二氯吡啶N-氧化物","2,6-Dichloropyridine N-oxide",希恩斯,1 g,1,g,1,19.5,not_stocked,huzhibin,20251211
108-44-1,3-甲基苯胺,3-Methylaniline,安耐吉,100 mL,100,mL,1,14,not_stocked,pengsheng,20251211
7697-37-2,硝酸,Nitric acid,通广,500 mL,500,mL,1,20,running_out,chenyichi,20251212
358-23-6,三氟甲磺酸酐,Trifluoromethanesulfonic anhydride,毕得,50 g,50,g,1,124.6,not_stocked,chenyichi,20251212
920-66-1,"六氟异丙醇
",HFIP,毕德,500 g,500,g,1,160.3,running_out,tangshuyuan,20251213
1493-13-6,三氟甲磺酸,tfoh,百灵威J&K,50g,50,g,1,217.6,running_out,tangshuyuan,20251213
1028432-04-3,N-((叔丁基二甲基硅烷基)氧基)-4-甲基苯磺酰胺, N-((tert-Butyldimethylsilyl)oxy)-4-methylbenzenesulfonamide,毕得医药,1g,1,g,1,140.7,not_stocked,huangyilei,20251213
13737-36-5,4-溴甲基苯基乙酸 ,4-(Bromomethyl)phenylacetic acid,毕得医药,5g,5,g,1,28,not_stocked,wangkaixuan,20251214
149353-75-3,1-BOC-4-(4'-羧基苯基)哌啶 ,4-(1-(tert-Butoxycarbonyl)piperidin-4-yl)benzoic acid,毕得医药,1g,1,g,1,93.1,not_stocked,wangkaixuan,20251214
95464-05-4,"1,1'-双(二苯膦基)二茂铁二氯化钯(II)二氯甲烷复合物","1,1'-Bis(diphenylphosphino)ferrocene-palladium(II)dichloride dichloromethane complex",毕得医药,1 g,1,g,1,96.6,running_out,wangkaixuan,20251214
37234-97-2,"μ-[(1,2-η:3,4-η)-三氟甲烷磺酸亚铜(I)苯络合物 ","μ-[(1,2-η:3,4-η)-Copper(I) Trifluoromethanesulfonate Benzene Complex","	毕得",1g,1,g,1,117.6,not_stocked,yuyihan,20251124
24686-78-0,1-苯甲酰基-4-哌啶酮,1-Benzoyl-4-piperidone,欣恒研,10g,10,g,1,45.6,not_stocked,wangyihan,20251214
22009-37-6,"7-甲基-3,4-二氢-2H-1-萘酮","7-Methyl-3,4-dihydronaphthalen-1(2H)-one",毕得,5g,5,g,1,70,not_stocked,wangyihan,20251214
7440/5/3,10%钯碳(55%的水),Palladium on carbon （55% water）,毕得,5  g,5,g,1,139.3,running_out,chenyichi,20251215
13675-18-8,四羟基二硼,Hypodiboric acid,毕得,5  g,5,g,1,18.2,not_stocked,chenyichi,20251215
553-26-4,"4,4'-联吡啶","4,4'-Bipyridine",毕得,25  g,25,g,1,65.8,not_stocked,chenyichi,20251215
122-39-4,二苯胺,Diphenylamine,百灵威J&K,25g,25,g,1,51,high_usage,liangyiqi,20251215
126-33-0,环丁砜,Tetrahydrothiophene,毕得,25g,25,g,1,13.3,high_usage,liangyiqi,20251215
,,,,,,,1,,not_stocked,admin,
112-62-9,油酸甲酯,Methyl oleate,毕得,100g,100,g,1,22.4,not_stocked,liangyiqi,20251215
,二苄胺,,毕得,25g,25,g,1,32.2,not_stocked,wengjincheng,20251213
,三甲基硅醇钾,Potassium trimethylsilanolate,毕得,10g,10,g,1,20.3,not_stocked,wengjincheng,20251213
24424-99-5,二碳酸二叔丁酯,Bis(tert-butoxycarbonyl)oxide,毕得,100 g,100,g,1,19.6,not_stocked,chenyichi,20251215
7789-79-9,次磷酸钙,Calcium hypophosphite,浠米生物,25  g,25,g,1,20,not_stocked,chenyichi,20251215
7782-87-8,次磷酸钾, Potassium hypophosphite,浠米生物,50 g,50,g,1,27.26,not_stocked,chenyichi,20251215
14002-51-8,4-苯基苯甲酰氯,4-Phenylbenzoyl chloride,毕得,5g,5,g,1,39.2,running_out,sunyichen,20251215
5669-19-2,2-苄基丙烯酸, 2-Benzylacrylic acid,毕得,25g,25,g,1,21.7,not_stocked,sunyichen,20251215
58479-61-1,叔丁基二苯基氯硅烷 ,tert-Butylchlorodiphenylsilane,毕得医药,100g,100,g,1,115.5,running_out,shihongwei,20251215
6192-52-5,对甲基苯基磺酸水合物 ,4-Methylbenzenesulfonic acid hydrate,毕得医药,500g,500,g,1,17.5,running_out,shihongwei,20251215
28229-69-8,3-溴苯乙醇, 3-Bromophenethyl alcohol,毕得医药,10  g,10,g,1,66.5,running_out,shihongwei,20251215
,硫光气,Thiophosgene,安耐吉,25g,25,g,1,180.6,not_stocked,wangyang,20251215
7440/5/3,10%钯碳(55%的水),Palladium on carbon （55% water）,毕得,10  g,10,g,1,277.2,not_stocked,chenyichi,20251215
112-79-8,(E)-十八碳-9-烯酸,(E)-Octadec-9-enoic acid,毕得,10  g,10,g,1,355.6,not_stocked,mengjunhong,20251216
7727-37-9,液氮,,海旭瑞达,1L,1,L,1,4.5,common_public,huzhibin,20251216
98-74-8,对硝基苯磺酰氯,,安耐吉,100g,100,g,1,70,running_out,zhaobinzhi,20221216
109-61-5,氯甲酸丙酯,Propyl chloroformate,"
Acmec",25g,25,g,1,38.4,running_out,zhaobinzhi,20240716
5470/11/1,盐酸羟胺,Hydroxylamine(hydrochloride),乐研,500 g,500,g,1,13,running_out,zhaobinzhi,20240716
1028432-04-3,N-((叔丁基二甲基硅烷基)氧基)-4-甲基苯磺酰胺, N-((tert-Butyldimethylsilyl)oxy)-4-methylbenzenesulfonamide,毕得医药,1g×2,,,1,140.7,running_out,huangyilei,20251216
112-62-9,油酸甲酯,Methyl oleate,乐研,25g,25,g,1,22.5,not_stocked,liangyiqi,20251215
64099-82-7,,Tributyl(prop-1-yn-1-yl)stannane,毕得医药,250mg,250,mg,1,31.5,not_stocked,wangyang,
15770-21-5,二(1H-吡咯-2-基)甲酮,"2,2'-Dipyrrolylketone",毕得医药,5g,5,g,1,418.6,not_stocked,wangyang,
92136-39-5,N-Boc-氨基丙炔,N-Boc-Propargylamine,毕得,10g,10,g,1,39.9,running_out,wangkaixuan,20251217
106-96-7,3-溴丙炔,3-Bromopropyne,安徽泽升,25g,25,g,1,24.5,running_out,wangkaixuan,20251217
762-42-5,丁炔二酸二甲酯,Dimethyl but-2-ynedioate,毕得,100g,100,g,1,83.3,running_out,wangkaixuan,20251217
14694-95-2,三苯基膦氯化铑,Tris(triphenylphosphine)chlororhodium,毕得,250mg*2,250,mg,2,111.3,running_out,wangkaixuan,20251217
64-17-5,乙醇，超干,"Ethanol, 99.8%, guaranteed reagent",百灵威,500ml,500,mL,1,56.1,not_stocked,wangkaixuan,20251217
,"1,2二氯乙烷 ","1,2-Dichloroethane, 99.5%, SuperDry, ",百灵威,500ml,500,mL,1,178,not_stocked,zhuminghui,20251217
103-89-9,"对甲基乙酰苯胺
",4'-Methylacetanilide,毕得,5g,5,g,1,18.9,not_stocked,zhuminghui,20251217
2050-85-3,"N,N'-(1,2-亚苯基)二乙酰胺"," N,N'-(1,2-Phenylene)diacetamide",毕得,1g,1,g,1,269.5,not_stocked,zhuminghui,20251217
529-28-2,邻碘苯甲醚,1-Iodo-2-methoxybenzene,毕得医药,5g,5,g,1,20.3,not_stocked,huotongyu,20251217
13329-40-3,1-(4-碘苯基)乙酮,1-(4-Iodophenyl)ethanot_stocked,毕得医药,5g,5,g,1,16.8,not_stocked,huotongyu,20251217
89976-43-2,4-碘-N-甲基苯甲酰胺,4-Iodo-N-methylbenzamide,毕得医药,100mg*2,100,mg,2,18.2,not_stocked,huotongyu,20251217
3058-39-7,4-碘苯甲腈 , 4-Iodobenzonitrile,毕得医药,5g,5,g,1,16.8,not_stocked,huotongyu,20251217
637-87-6,1-氯-4-碘苯,1-Chloro-4-iodobenzene,毕得医药,5g,5,g,1,23.8,not_stocked,huotongyu,20251217
698-70-4,"4-N,N-二甲氨基碘苯 ","4-Iodo-N,N-dimethylaniline",毕得医药,1g,1,g,1,54.6,not_stocked,huotongyu,20251217
957476-07-2,"N1,N2-双(2,4,6-三甲氧基苯基)乙二酰胺","N1,N2-Bis(2,4,6-trimethoxyphenyl)ethanediamide",毕得医药,1g,1,g,1,424,not_stocked,huotongyu,20251217
1809289-04-0,"N1,N2-双(5-甲基[1,1“”-联苯基]-2-基)乙二酰胺","N1,N2-Bis(5-methyl-[1,1'-biphenyl]-2-yl)oxalamide",毕得医药,5g,5,g,1,325.5,not_stocked,huotongyu,20251217
624-78-2,N-乙基甲基胺,N-Ethylmethylamine,毕得医药,5G,5,g,1,36.83,not_stocked,huotongyu,20251217
62893-54-3,2-环丙基乙胺 ,2-Cyclopropylethylamine,毕得医药,100mg,100,mg,1,592,not_stocked,huotongyu,20251217
63493-28-7,2-氨基戊烷 , 2-Aminopentane,毕得医药,1g,1,g,1,62.4,not_stocked,huotongyu,20251217
3859-41-4,"1,3-环戊二酮","Cyclopene-1,3-dione",毕得,5g,5,g,1,54.6,not_stocked,wengjincheng,20251217
358-23-6,三氟甲磺酸酐,Trifluoromethanesulfonic anhydride,百灵威J&K,5g,5,g,1,34,not_stocked,liangyiqi,20251217
2712-78-9,[双(三氟乙酰氧基)碘]苯,(Bis(trifluoroacetoxy)iodo)benzene,毕得,10g,10,g,1,28.7,running_out,zhaobinzhi,20251217
429-41-4,四丁基氟化铵 ,"Tetrabutylammonium fluoride, for synthesis, 1.0 M solution in THF",Amethyst,100 mL,100,mL,1,149.6,running_out,shihongwei,20251218
123-91-1,"1,4-二氧六环, 色谱级, ≥99.9% ","1,4-Dioxane, for HPLC, ≥99.9%",伊诺凯,500 mL,500,mL,1,80,not_stocked,shihongwei,20251218
95-76-1,"3,4-二氯苯胺","3,4-Dichloroaniline",阿拉丁,25  g,25,g,1,35.02,running_out,xingyihong,20251220
24686-78-0,1-苯甲酰基-4-哌啶酮,1-Benzoyl-4-piperidone,乐研,5g,5,g,1,26.1,not_stocked,wangyihan,20251221
830-81-9,乙酸-1-萘酯,1-Naphthyl acetate,MREDA,5g,5,g,1,21.5,not_stocked,wangyihan,20251221
103-89-9,"对甲基乙酰苯胺
",4'-Methylacetanilide,毕得,5g,5,g,1,18.9,not_stocked,zhuminghui,20251217
2050-85-3,"N,N'-(1,2-亚苯基)二乙酰胺"," N,N'-(1,2-Phenylene)diacetamide",毕得,1g,1,g,1,269.5,not_stocked,zhuminghui,20251217
546-88-3,"乙酰氧肟酸
",Acetohydroxamic acid,毕得,25g,25,g,1,48.3,not_stocked,zhuminghui,20251221
366-99-4,3-氟-4-甲氧基苯胺,3-Fluoro-4-methoxyaniline,毕得,5 g,5,g,1,18.9,not_stocked,chenyichi,20251222
458-52-6,4-甲氧基-2-氟苯胺,2-Fluoro-4-methoxyaniline,毕得,1 g,1,g,1,20.3,not_stocked,chenyichi,20251222
2475-80-1,2-氨基-5-甲氧基苯甲酸甲酯,Methyl 2-amino-5-methoxybenzoate,毕得,1 g,1,g,1,14.7,not_stocked,chenyichi,20251222
75-61-6,二溴二氟甲烷,Dibromodifluoromethane,安耐吉,25 g,25,g,1,139.3,not_stocked,huzhibin,20251222
14172-90-8,"5,10,15,20-四苯基-21H,23H-卟啉钴(II)","5,10,15,20-Tetraphenyl-21H,23H-porphine cobalt(II)",毕得,250mg,250,mg,1,30.8,not_stocked,huzhibin,20251222
32195-55-4,"(5,10,15,20-四苯基卟啉)氯化锰","(5,10,15,20-Tetraphenylporphinato)manganese(III) chloride",毕得,250mg,250,mg,1,77.7,not_stocked,huzhibin,20251222
16456-81-8,"21H,23H-卟吩,5,10,15,20-四苯基-铁络合物","21H,23H-Porphine, 5,10,15,20-tetraphenyl-, iron complex",毕得,250mg,250,mg,1,72.1,not_stocked,huzhibin,20251222
12112-67-3,"1,5-环辛二烯氯化铱二聚体","Chloro(1,5-cyclooctadiene)iridium(I) dimer",毕得,250mg,250,mg,1,273.7,not_stocked,huzhibin,20251222
92361-49-4,五甲基环戊二烯基双(三苯基膦)氯化钌(II),"Chloro(pentamethylcyclopentadienyl)bis(triphenylphosphine)ruthenium(II)	",毕得,250mg,250,mg,1,32.2,not_stocked,huzhibin,20251222
85908-96-9,1-叔丁氧羰基-2-哌啶酮,N-Boc-2-Piperidone,毕得,25g,25,g,1,106.4,not_stocked,huzhibin,20251222
85909-08-6,1-(叔丁氧基羰基)-2-吡咯烷酮,tert-Butyl 2-oxopyrrolidine-1-carboxylate,毕得,25g,25,g,1,18.9,not_stocked,huzhibin,20251222
1132-39-4,二苯硒醚,Diphenylselenide,毕得医药,1g,1,g,1,204.4,not_stocked,liangyiqi,20251222
112-62-9,油酸甲酯,Methyl oleate,百灵威,5ml,5,mL,1,164.9,not_stocked,liangyiqi,20251215
,聚丙烯粉,Polypropylene,麦克林,25g,25,g,1,33.6,not_stocked,yuyihan,20251222
12380-79-9,铋酸钠二水合物,Sodium bismuthate dihydrate,毕得医药,5g,5,g,1,19.6,running_out,huzhibin,20251222
7790-28-5,高碘酸钠,Sodium periodate,百灵威,25G,25,g,1,34,not_stocked,huzhibin,20251222
301-04-2,醋酸铅,Lead acetate,Adamas,1 g,1,g,1,88,degraded,huzhibin,20251222
701-45-1,3-溴-4-氟硝基苯 ,3-Bromo-4-fluoronitrobenzene,毕得医药,5g,5,g,1,16.8,not_stocked,huotongyu,20251223
455-88-9,2-氟-5-硝基甲苯,1-Fluoro-2-methyl-4-nitrobenzene,毕得医药,10g,10,g,1,19.6,not_stocked,huotongyu,20251223
52093-27-3,三氟甲烷磺酸镨(III),Praseodymium(III)trifluoromethanesulfonate,乐研,5g,5,g,1,40,not_stocked,yuyihan,20251223
100-42-5,苯乙烯,Styrene,百灵威J&K,250ml,250,mL,1,42.65,not_stocked,tangshuyuan,20251223
350-51-6,间氟苯乙烯,3-Fluorostyrene,毕得医药,260mg,260,mg,1,16.1,not_stocked,tangshuyuan,20251223
1126-46-1,对氯苯甲酸甲酯,,毕得医药,25g,25,g,1,23.1,not_stocked,tangshuyuan,20251223
50817-80-6,2-氯-4-甲基苯甲醛 ,2-Chloro-4-methylbenzaldehyde,毕得医药,5g,5,g,1,130.9,not_stocked,wangkaixuan,20251224
90965-06-3,(1-重氮-2-氧代丙基)膦酸二甲酯, (1-Diazo-2-oxopropyl)phosphonic Acid Dimethyl Ester,北京鸿柏科技,5g,5,g,1,151.2,not_stocked,wangkaixuan,20251224
58380-11-3,2-溴-5-羟基苯甲酸 ,2-Bromo-5-hydroxybenzoic acid,毕得医药,10g,10,g,1,107.1,not_stocked,wangkaixuan,20251224
185099-67-6,N-Boc-去甲托品酮,N-Boc-Nortropinot_stocked,MREDA,1g×2,,,1,32,not_stocked,wangyihan,20251224
141-97-9,乙酰乙酸乙酯,,毕得,25g,25,g,1,11.2,running_out,wengjincheng,20251224
590-90-9,4-羟基-2-丁酮,4-Hydroxybutan-2-one,毕得,5g,5,g,1,16.1,not_stocked,wengjincheng,20251224
17102-64-6,"Trans,trans-2,4-己二烯醇","Trans,trans-2,4-hexadien-1-ol",毕得,5g,5,g,1,69.3,not_stocked,wengjincheng,20251224
28010-12-0,"(2E,4E)-5-苯基戊-2,4-二烯酸","（2E,4E)-5-PHENYL-PENTA-2,4-DIENOIC ACID",毕得,5g,5,g,1,79.8,not_stocked,wengjincheng,20251224
1666-28-0,2-羟基-4-溴苯甲酸 ,4-Bromo-2-hydroxybenzoic acid,毕得医药,10g,10,g,1,58.1,degraded,wangkaixuan,20251224
516-12-1,N碘代丁二酰亚胺,NIS,百灵威J&K,50g,50,g,1,184.45,running_out,tangshuyuan,20251224
123-41-1,胆碱,Choline,希恩思,25g,25,g,1,14.95,not_stocked,tangshuyuan,20251224
461-82-5,对三氟甲氧基苯胺,4-(Trifluoromethoxy)aniline,毕得,10 g,10,g,1,17.5,running_out,chenyichi,20251224
7664-66-6,4-异丙氧基苯胺,4-Isopropoxyaniline,毕得,1 g,1,g,1,16.8,not_stocked,chenyichi,20251224
101-80-4,"4,4-二氨基二苯醚","4,4-Oxydianiline",毕得,25  g,25,g,1,18.9,not_stocked,chenyichi,20251224
67-56-1,甲醇 HPLC,Methanol HPLC,通广,4L*4,4,l,4,75,common_public,huangyilei,20251224
1975/5/8,乙腈 HPLC,Acetonitrile HPLC,通广,4L*4,4,l,4,190,common_public,huangyilei,20251224
7732-18-5,去离子水,H2O,鸿柏,8L/桶*2桶/箱,,,1,65,common_public,huangyilei,20251224
611-73-4,苯甲酰甲酸,2-Oxo-2-phenylacetic acid,毕得,5g,5,g,1,25.9,not_stocked,wengjincheng,20251225
373-44-4,"1,8-二氨基辛烷","1,8-Diaminooctane",毕得,16.1,,,1,5,not_stocked,wangxi,20251225
120801-75-4,"2,,2-二氟(2-氟代磺酰基)乙酸三甲基硅酯 ","Trimethylsilyl 2,2-difluoro-2-(fluorosulfonyl)acetate",毕得,19.6,,,1,1,not_stocked,wangxi,20251225
16456-81-8,"21H,23H-卟吩,5,10,15,20-四苯基-铁络合物 ","21H,23H-Porphine, 5,10,15,20-tetraphenyl-, iron complex",毕得,268.8,,,1,1,running_out,wangxi,20251225
568-63-8,赤藓红B钠盐,Erythrosin B sodium salt,毕得,28,,,1,5,not_stocked,zhaobinzhi,20251225
5614-37-9,甲氧基环戊烷,Methoxycyclopentane,安耐吉,2*100 mL,100,ml,2,35,common_public,chenyichi,20251225
358-23-6,三氟甲磺酸酐,Trifluoromethanesulfonic anhydride,伊诺凯,25 g *2,25,g,2,123.2,not_stocked,chenyichi,20251225
646-25-3,"1,10二氨基癸烷","1,10-Diaminodecane",Amethyst,25g,25,g,1,49.3,not_stocked,liangyiqi,20251225
,,,,,,,1,,not_stocked,admin,
644-97-3,苯基二氯膦,Dichlorophenylphosphine,百灵威J&K,25mL,25,mL,1,64.6,not_stocked,liangyiqi,20251225
10028-22-5,硫酸铁(III) ,Iron(III) sulfate,毕得,100g,100,g,1,16,not_stocked,yuyihan,20251226
2432/11/3,"2,6-二苯基苯酚 ","[1,1':3',1''-Terphenyl]-2'-ol",毕得,25g,25,g,1,120.4,running_out,shihongwei,20251226
51-66-1,4-甲氧基乙酰苯胺,N-(4-Methoxyphenyl)acetamide,毕得,25  g,25,g,1,18.9,not_stocked,chenyichi,20251226
2243-47-2,3-氨基联苯,"[1,1'-Biphenyl]-3-amine",毕得,5  g,5,g,1,26.6,not_stocked,chenyichi,20251226
955-83-9,"2,5-二苯基呋喃","2,5-Diphenylfuran",TCI,1 g,1,g,1,232.5,running_out,wangxi,20251226
565-53-7,二溴氟乙酸乙酯,Ethyl dibromofluoroacetate,安耐吉,1 g,1,g,1,20,not_stocked,wangxi,20251226
886-66-8,"1,4-二苯基丁二炔","1,4-Diphenylbutadiyne",毕得,5 g,5,g,1,73.5,not_stocked,wangxi,20251226
358-23-6,三氟甲磺酸酐,Trifluoromethanesulfonic anhydride,杰思诚,25 g *2,25,g,2,153.2,not_stocked,chenyichi,20251225
534-17-8,碳酸铯,"	Cesium carbonate",毕得,10 g*2,10,g,2,33.6,not_stocked,zhaobinzhi,20251226
98-83-9,α-甲基苯乙烯,α-Methylstyrene,安耐吉,100 mL,100,mL,1,14,not_stocked,zhaobinzhi,20251226
56-23-5,四氯化碳,Carbon Tetrachloride,Adamas,100 mL,100,mL,1,107,not_stocked,zhaobinzhi,20251226
60-29-7,无水乙醚 ,Diethyl ether absolute,通广,500 mL*4,500,ml,4,18,high_usage,zhaobinzhi,20251226
67969-82-8,"四氟硼酸二乙酯, 50-55% 氟硼酸"," Tetrafluoroboric acid diethyl ether complex, 50-55% w/w HBF4",麦克林,25 ml,25,mL,1,376.8,not_stocked,zhuminghui,20251228
574-93-6,"	酞菁",Phthalocyanine,毕得医药,1 g,1,g,1,74.9,not_stocked,zhaobinzhi,20251228
81-33-4,"3,4,9,10－四甲酰二亚胺","3,4,9,10-Perylenetetracarboxylic diimide",毕得医药,1 g,1,g,1,21,not_stocked,zhaobinzhi,20251228
2321/7/5,荧光素,"	Fluorescein",毕得医药,100 g,100,g,1,38.5,not_stocked,zhaobinzhi,20251228
632-69-9,玫瑰红,"	Acid Red 94",希恩斯,5  g,5,g,1,29.25,running_out,zhaobinzhi,20251228
13675-18-8,四羟基二硼 ,Hypodiboric acid,毕得,25 g,25,g,1,49.7,not_stocked,chenyichi,20251228
201733-56-4,双(新戊基 乙二醇)二硼,"5,5,5',5'-Tetramethyl-2,2'-bi(1,3,2-dioxaborinane)",毕得,5 g,5,g,1,15.4,not_stocked,chenyichi,20251228
1122-58-3,4-二甲氨基吡啶,4-Dimethylaminopyridine,毕得,100 g,100,g,1,23.1,not_stocked,chenyichi,20251228
2198-53-0,"2,6-二甲基乙酰苯胺","2,6-Dimethylacetanilide",毕得,25  g,25,g,1,95.9,not_stocked,zhaobinzhi,20251228
51545-36-9,"4,4',4''-次氮基三苯甲腈","4,4',4''-Nitrilotribenzonitrile",毕得,250mg,250,mg,1,107.8,not_stocked,mengjunhong,20251229
698-70-4,"4-N,N-二甲氨基碘苯","4-Iodo-N,N-dimethylaniline",毕得,1 g,1,g,1,54.6,not_stocked,mengjunhong,20251229
20469-63-0,"2,4-二甲氧基碘苯","2,4-Dimethoxyiodobenzene",毕得,5  g,5,g,1,60.2,not_stocked,mengjunhong,20251229
25245-27-6,"3,5-二甲氧基碘苯","1-Iodo-3,5-dimethoxybenzene",毕得,5 g,5,g,1,79.8,not_stocked,mengjunhong,20251229
5460-32-2,"4-碘-1,2-二甲氧基苯","4-Iodo-1,2-dimethoxybenzene",毕得,5  g,5,g,1,53.2,not_stocked,mengjunhong,20251229
63452-69-7,1-碘-4-甲氧基-2-甲基苯,1-Iodo-4-methoxy-2-methylbenzene,毕得,250mg,250,mg,1,78.4,not_stocked,mengjunhong,20251229
622-50-4,N-(4-碘苯基)乙酰胺,N-(4-Iodophenyl)acetamide,毕得,1 g,1,g,1,18.9,not_stocked,mengjunhong,20251229
358-23-6,三氟甲磺酸酐,Trifluoromethanesulfonic anhydride,杰思诚/酶免,5 g *10,5,g,10,370,not_stocked,chenyichi,20251230
15854-87-2,4-碘吡啶,4-Iodopyridine,毕得,5g,5,g,1,63.7,not_stocked,wangzimei,20251230
55934-00-4,"3,4-二氯吡啶","3,4-Dichloropyridine",毕得,5g,5,g,1,42,not_stocked,wangzimei,20251230
52092-47-4,2-硝基-5-氯吡啶,5-Chloro-2-nitropyridine,毕得,10g,10,g,1,31.5,not_stocked,wangzimei,20251230
7598-91-6,2-甲基-(3-甲酸乙酯)-5-羟基吲哚,Ethyl 5-hydroxy-2-methyl-1H-indole-3-carboxylate,毕得,1g*5,1,g,5,339.5,not_stocked,wangzimei,20251230
865-34-9,甲醇锂 ,Lithium Methoxide,安耐吉,100ml,100,mL,1,75,not_stocked,huangyilei,20251230
333-20-0,硫氰酸钾,Potassium thiocyanate,毕得,100 g,100,g,1,18.9,not_stocked,chenyichi,20251231
201810-59-5,"1'-(叔丁氧基羰基)-[1,4'-联哌啶]-4-羧酸"," 1'-(tert-Butoxycarbonyl)-[1,4'-bipiperidine]-4-carboxylic acid",毕得,250 mg,250,mg,1,380.8,not_stocked,wangkaixuan,20251231
1211526-53-2,2-BOC-2-氮杂螺[3.3]庚烷-6-羧酸 ,2-(tert-Butoxycarbonyl)-2-azaspiro[3.3]heptane-6-carboxylic acid,毕得,250 mg,250,mg,1,176.4,not_stocked,wangkaixuan,20251231
4403-71-8,对氨基苄胺 ,4-(Aminomethyl)aniline,毕得,5G,5,g,1,83.3,not_stocked,wengjincheng,20251231
4442-85-7,"2-环己基乙胺
","2-Cyclohexylethanamine
",毕得医药,1g,1,g,1,189,not_stocked,xuguofeng,20160103
95-69-2,"2-氨基-5-氯甲苯
","4-Chloro-2-methylaniline
",毕得医药,25g,25,g,1,34,not_stocked,xuguofeng,20160103
4637-24-5,"N,N-二甲基甲酰胺二甲基缩醛","N,N-Dimethylformamide dimethyl acetal",毕得医药,100g,100,g,1,18,not_stocked,xuguofeng,20160103
67354-34-1,4-(苄氧基)-3-氧代丁酸乙酯 ,Ethyl 4-(benzyloxy)-3-oxobutanoate,毕得医药,25g,25,g,1,314,not_stocked,xuguofeng,20160103
554-00-7,"2,4二氯苯胺 ","2,4-Dichloroaniline",jk,25G,25,g,1,68,not_stocked,xuguofeng,20160103
39515-51-0,3-苯氧基苯甲醛 ,3-Phenoxybenzaldehyde,毕得医药,25g,25,g,1,18.9,not_stocked,wangkaixuan,20160104
179897-94-0,5-氟-2-甲氧基苯硼酸 ,5-Fluoro-2-methoxyphenylboronic acid,毕得医药,1g,1,g,1,20.3,not_stocked,wangkaixuan,20160104
60345-97-3,3-(2-羟乙氧基)苯甲醛 ,3-(2-Hydroxyethoxy)benzaldehyde,毕得医药,1g,1,g,1,63,not_stocked,wangkaixuan,20160104
766-81-4,3'-溴苯炔, 3-Bromophenylacetylene,毕得医药,1g,1,g,1,19.6,not_stocked,wangkaixuan,20160104
156-43-4,4-氨基苯乙醚,"	Phenetidine",安耐吉,25  g,25,g,1,20,not_stocked,chenyichi,20260105
819050-89-0,"双[(α,α,α',α'-四甲基-1,3-苯二丙酸)铑","Bis[rhodium(α,α,α',α'-tetramethyl-1,3-benzenedipropionic acid)]",毕得,100 mg,100,mg,1,214.9,not_stocked,wangxi,20260105
75777-87-6,"三[4,4'-二叔丁基-(2,2')-联吡啶]钌(III)二六氟磷酸盐","Tris[4,4'-di-tert-butyl-(2,2')-bipyridine]ruthenium(III) dihexafluorophosphate",毕得,100 mg,100,mg,1,189.7,not_stocked,wangxi,20260105
106429-38-3,2-氨基-1H-苯并咪唑-5-羧酸甲酯,Methyl 2-amino-1H-benzo[d]imidazole-5-carboxylate,毕得,100mg,100,mg,1,144.9,not_stocked,huwenshu,20260106
89-55-4,5-溴-2-羟基苯甲酸 ,5-Bromo-2-hydroxybenzoic acid,毕得医药,25g,25,g,1,56.7,not_stocked,wangkaixuan,20260106
63655-40-3,2-氨基-1H-苯并[d]咪唑-5-甲腈,2-Amino-1H-benzo[d]imidazole-5-carbonitrile,毕得,250mg,250,mg,1,109.9,not_stocked,huwenshu,20260106
89-55-4,5-溴-2-羟基苯甲酸 ,5-Bromo-2-hydroxybenzoic acid,毕得医药,5g,5,g,1,25.9,not_stocked,wangkaixuan,20260106
51429-74-4,磷钼酸,Phosphomolybdic Acid,希恩思, 100 g,100,g,1,94.9,not_stocked,zhaomingxin,20260106
6373-46-2,4-苄氧基苯胺,4-(Benzyloxy)aniline,毕得,5  g,5,g,1,30.8,not_stocked,chenyichi,20260107
13691-22-0,1-(4-氨基苯基)-2-吡咯烷酮,1-(4-Aminophenyl)-2-pyrrolidone,毕得,1 g,1,g,1,150.5,not_stocked,chenyichi,20260107
22948-06-7,4-三苯甲基苯胺, 4-Tritylaniline,毕得,5  g,5,g,1,25.9,not_stocked,chenyichi,20260107
3693-22-9,"二苯并[b,d]呋喃-2-胺","Dibenzo[b,d]furan-2-amine",毕得,1 g,1,g,1,45.5,not_stocked,chenyichi,20260107
7631-99-4,硝酸钠,Sodium nitrate,通广,500 g,500,g,1,52,not_stocked,chenyichi,20260107
7757-79-1,硝酸钾,Potassium nitrate,通广,500 g,500,g,1,36,running_out,chenyichi,20260107
553-03-7,"3,4-二氢-2(1H)-喹啉酮","3,4-Dihydroquinolin-2(1H)-one",毕得医药,25g,25,g,1,105.7,running_out,huangyilei,20260108
4424-80-0,"1,3,4,5-四氢-2H-1-苯并氮杂卓-2-酮","4,5-Dihydro-1H-benzo[b]azepin-2(3H)-one",毕得医药,5g,5,g,1,97.3,not_stocked,huangyilei,20260108
2916-68-9,,,毕得医药,25g,25,g,1,74.9,running_out,zhaobinzhi,20260108
5614-37-9,超干环戊基甲基醚,Cyclopentyl methyl ether AR,安耐吉,100ml*2,100,ml,2,77,common_public,chenyichi,20260108
1621020-00-5,"9-均三甲苯基-2,7-二甲基-10-苯基吖啶-10-四氟硼酸盐","	9-Mesityl-2,7-dimethyl-10-phenylacridiniumtetrafluoroborate	",乐研,50 mg,50,mg,1,112,not_stocked,zhaomingxin,20260108
1810004-87-5,"3,6,-二叔丁基-9-均三甲苯基-10-苯基吖啶-10-四氟硼酸盐",di-tBu-Mes-Acr BF4-,乐研,100 mg,100,mg,1,102.9,not_stocked,zhaomingxin,20260108
107-06-2,"1,2-二氯乙烷","1,2-Dichloroethane",通广,500ml*2,500,ml,2,24,not_stocked,zhaomingxin,20260108
7677-24-9,三甲基氰硅烷,Trimethylsilyl cyanide,毕得,100g,100,g,1,42,running_out,sunyichen,20260108
1383806-53-8,"2-(5-氟-2-甲氧基苯基)-4,4,5,5-四甲基-1,3,2-二氧硼杂环戊烷"," 2-(5-Fluoro-2-methoxyphenyl)-4,4,5,5-tetramethyl-1,3,2-dioxaborolane",毕得,250mg,250,mg,1,18.2,not_stocked,wangkaixuan,20260109
696-41-3,3-碘苯甲醛, 3-Iodobenzaldehyde,毕得,1g,1,g,1,24.5,common_public,wangkaixuan,20260109
90965-06-3,(1-重氮-2-氧代丙基)膦酸二甲酯 ,(1-Diazo-2-oxopropyl)phosphonic Acid Dimethyl Ester,"
北京鸿柏科技有限公司",5g,5,g,1,151.2,running_out,wangkaixuan,20260109
120-66-1,2-甲基乙酰苯胺,N-(o-Tolyl)acetamide,乐研,25  g,25,g,1,36.4,running_out,zhaomingxin,20260109
519-87-9,乙酰二苯胺,"N,N-DIPHENYLACETAMIDE",希恩思,5  g,5,g,1,60.45,not_stocked,zhaomingxin,20260109
358-23-6,三氟甲磺酸酐,Trifluoromethanesulfonic anhydride,百灵威J&K,25g,25,g,1,84.15,not_stocked,liangyiqi,20260110
3087-36-3,钛酸四乙酯,Titanium ethoxide," 	伊诺凯",100G,100,g,1,18.5,not_stocked,huangyilei,20260110
103-84-4,乙酰苯胺,Acetanilide," 	伊诺凯",100 g,100,g,1,24,not_stocked,zhaomingxin,20260110
6674-22-2,"1,8-二氮杂二环[5.4.0]十一碳-7-烯",DBU,乐研,25g,25,g,1,15,running_out,wangyihan,20260111
56-37-1,苄基三乙基氯化铵,Benzyl triethylammonium chloride,毕得,100 g,100,g,1,16.8,running_out,wangxi,20260112
5919-26-6,2-硝基-1H-吡咯,2-Nitro-1H-pyrrole,毕得,250mg,250,mg,1,107.8,not_stocked,xuruilin,20260112
627-32-7,3-碘丙醇 ,3-Iodo-1-propanol,毕得,10g,10,g,1,144.9,not_stocked,shihongwei,20260112
1810004-87-5,"3,6,-二叔丁基-9-均三甲苯基-10-苯基吖啶-10-四氟硼酸盐",di-tBu-Mes-Acr BF4-,乐研,100 mg*2,100,mg,2,205.8,running_out,zhaomingxin,20260112
1665-48-1,美他沙酮,Metaxalone,毕德,1g,1,g,1,30.1,running_out,tangshuyuan,20260112
109-99-9,四氢呋喃,Tetrahydrofuran,百灵威,500 ML,500,mL,1,90,not_stocked,zhaomingxin,20260113
767-00-0,4-羟基苯甲腈,4-Hydroxybenzonitrile,毕得医药,25g,25,g,1,16.1,not_stocked,huangyilei,20260113
402-45-9,对三氟甲基苯酚 ,4-Trifluoromethylphenol,毕得医药,5g,5,g,1,21,not_stocked,huangyilei,20260113
61869-08-7,"(3S,4R)-3-((苯并[d] [1,3]二氧杂环戊烯-5-基氧基)甲基)-4-(4-氟苯基)哌啶","(3S,4R)-3-((Benzo[d][1,3]dioxol-5-yloxy)methyl)-4-(4-fluorophenyl)piperidine",毕得医药,250mg,250,mg,1,135.8,running_out,huangyilei,20260113
358-23-6,三氟甲磺酸酐,Trifluoromethanesulfonic anhydride,毕得医药,5g,5,g,1,35,running_out,wengjincheng,20260114
956034-04-1,3-氨基呋喃-2-甲酸甲酯,Methyl 3-aminofuran-2-carboxylate,毕得,250 mg,250,mg,1,53.2,not_stocked,chenyichi,20260114
26093-31-2,7-氨基-4-甲基-2H-苯并吡喃-2-酮,7-Amino-4-methylcoumarin,毕得,5  g,5,g,1,56,not_stocked,chenyichi,20260114
7499-66-3,6-溴-2-氨基萘,6-Bromonaphthalen-2-amine,毕得,5  g,5,g,1,39.2,not_stocked,chenyichi,20260114
262368-30-9,N-(4-氨基苯基)-N-甲基-2-(4-甲基哌嗪-1-基)乙酰胺 ,N-(4-Aminophenyl)-N-methyl-2-(4-methylpiperazin-1-yl)acetamide,毕得,5  g,5,g,1,46.9,not_stocked,chenyichi,20260114
580-15-4,6-氨基喹啉 ,6-Aminoquinoline,毕得,5  g,5,g,1,35.7,not_stocked,chenyichi,20260114
7293-45-0,4-胺基-p-三联苯,"[1,1:4,1-Terphenyl]-4-amine",毕得,5  g,5,g,1,88.9,not_stocked,chenyichi,20260114
5614-37-9,环戊基甲基醚,Cyclopentyl methyl ether AR,希恩斯,100ml,100,mL,1,39,common_public,chenyichi,20260114
819050-89-0,"双[(α,α,α',α'-四甲基-1,3-苯二丙酸)铑]","Bis[rhodium(α,α,α',α'-tetramethyl-1,3-benzenedipropionic acid)]",毕得医药,100 mg,100,mg,1,214.9,not_stocked,zhaobinzhi,20260114
32315-10-9,三光气,"
Triphosgene",Adamas,100 g,100,g,1,29,running_out,zhaobinzhi,20260114
35656-89-4,4-(4-溴苯基)丁酸,4-(4-Bromophenyl)butyric Acid,欣恒研,10g,10,g,1,88,not_stocked,admin,20260114
64099-82-7,1-丙炔-三-正-丁基锡,Tributyl(prop-1-yn-1-yl)stannane,欣恒研,1g×2,,,1,145.6,running_out,wangyang,20260114
373-88-6,"2,2,2-三氟乙胺盐酸盐","2,2,2-Trifluoroethanamine hydrochloride",毕得医药,25 g,25,g,1,23.8,not_stocked,zhaobinzhi,20260114
3243-42-3,3-(1-萘)丙酸,3-(1-Naphthyl)propionic acid,毕得医药,250mg,250,mg,1,35.7,not_stocked,chenyuhao,20260115
1009-67-2,2-甲基-3-苯基丙酸 ,2-Methyl-3-phenylpropanoic acid,毕得医药,250mg,250,mg,1,25.9,not_stocked,chenyuhao,20260115
1878-85-9,2-(2-甲氧基苯氧基)乙酸 ,2-(2-Methoxyphenoxy)acetic acid,毕得医药,5g,5,g,1,89.6,not_stocked,chenyuhao,20260115
1929-29-9,3-(4-甲氧基苯基)丙酸 ,3-(4-Methoxyphenyl)propanoic acid,毕得医药,5g,5,g,1,14,not_stocked,chenyuhao,20260115
10516-71-9,3-(3-甲氧基苯基)丙酸 ,3-(3-Methoxyphenyl)propionic acid,毕得医药,1g,1,g,1,44.1,not_stocked,chenyuhao,20260115
6342-77-4,3-(2-甲氧基苯基)丙酸 ,3-(2-Methoxyphenyl)propanoic acid,毕得医药,1g,1,g,1,20.3,not_stocked,chenyuhao,20260115
1878-49-5,2-(邻甲苯氧基)乙酸 ,2-(o-Tolyloxy)acetic acid,毕得医药,1g,1,g,1,25.9,not_stocked,chenyuhao,20260115
1505-50-6,4-甲基苯丙酸 ,3-(p-Tolyl)propionic Acid,毕得医药,5g,5,g,1,23.8,not_stocked,chenyuhao,20260115
3751-48-2,3-(3-甲基苯基)丙酸 ,3-(3-Methylphenyl)propionic acid,毕得医药,1g,1,g,1,90.3,not_stocked,chenyuhao,20260115
22084-89-5,3-(2-甲基苯基)丙酸 ,3-(2-Methylphenyl)propionic acid,毕得医药,1g,1,g,1,22.4,not_stocked,chenyuhao,20260115
404-98-8,(3-氟苯氧基)乙酸 ,2-(3-Fluorophenoxy)acetic acid,毕得医药,1g,1,g,1,80.5,not_stocked,chenyuhao,20260115
122-88-3,对氯苯氧乙酸 ,2-(4-Chlorophenoxy)acetic acid,毕得医药,100g,100,g,1,50.4,not_stocked,chenyuhao,20260115
21640-48-2,3-(3-氯苯基)丙酸 ,3-(3-Chlorophenyl)propanoic acid,毕得医药,1g,1,g,1,24.5,not_stocked,chenyuhao,20260115
598-54-9,,,希恩思,1g,1,g,1,59.5,not_stocked,pengsheng,20260115
7646-69-7,氢化钠 ,Sodium hydride,阿拉丁,25  g,25,g,1,22.72,not_stocked,shihongwei,20260115
,硝基甲烷,Nitromethane,通广,500 mL*3,500,ml,3,212,running_out,tangshuyuan,20260115
371-41-5,4-氟苯酚 ,4-Fluorophenol,毕得医药,25g,25,g,1,17.5,not_stocked,huangyilei,20260116
873297-19-9,"(1,3-双(2,6-二异丙基苯基)-1H-咪唑-2(3H)-亚基)氯化银(III)","(1,3-Bis(2,6-diisopropylphenyl)-1H-imidazol-2(3H)-ylidene)silver(III)",毕得医药,200 mg,200,mg,1,98,not_stocked,zhaobinzhi,20260116
108-88-3,甲苯,Toluene,通广,500ml*10,500,ml,10,32,running_out,liangyiqi,20260116
67-63-0,异丙醇,Isopropanol,通广,4L,4,L,1,255,running_out,liangyiqi,20260116
101-84-8,二苯醚,Diphenyl oxide,毕得医药,100g,100,g,1,16.8,high_usage,liangyiqi,20260116
429-41-4,,"
Tetrabutylammonium Fluoride",Adamas,100mL,100,mL,1,35,running_out,sunyichen,20260116
126-33-0,环丁砜,Tetrahydrothiophene,毕得医药,100g*2,100,g,2,16.1,common_public,liangyiqi,20260116
486414-86-2,1-甲基-5-氨甲基咪唑,1-Methyl-5-aminomethylimidazole,毕得医药,1g,1,g,1,638.4,not_stocked,hanshuai,20260116
63493-28-7,2-氨基戊烷,2-Aminopentane,阿拉丁,1 g,1,g,1,69.52,not_stocked,hanshuai,20260116
863548-52-1,1-甲基-5-甲氨基吡唑,(1-Methyl-1H-pyrazol-5-yl)methanamine,毕得医药,1g,1,g,1,205.8,not_stocked,hanshuai,20260116
3218/2/8,环己甲胺,Cyclohexylmethanamine,毕得医药,5  g,5,g,1,33.6,not_stocked,hanshuai,20260116
69807-81-4,(1-甲基-1H-吡咯-2-基)甲基胺,(1-Methyl-1H-pyrrol-2-yl)methanamine,毕得医药,250mg,250,mg,1,548.8,not_stocked,hanshuai,20260116
62893-54-3,2-环丙基乙胺,2-Cyclopropylethylamine,麦克林,100mg,100,mg,1,592,not_stocked,hanshuai,20260116
1013-23-6,"二苯并[b,d]噻吩5-氧化物","Dibenzo[b,d]thiophene 5-oxide",毕得医药,5g,5,g,1,262.5,running_out,liangyiqi,20260116
3731-51-9,,2-Picolylamine,希恩斯,25g,25,g,1,14.95,not_stocked,zhaobinzhi,20260116
107-10-8,正丙胺,Propylamine,阿拉丁,500 mL,500,mL,1,59.12,not_stocked,hanshuai,20260117
540-80-7,亚硝酸叔丁酯,tert-Butyl nitrite,百灵威,25ml,25,mL,1,46.75,running_out,admin,20260117
31126-95-1,,Rhodium(II) trifluoroacetate dimer,罗恩,50 mg,50,mg,1,207.64,running_out,zhaobinzhi,20260117
7440-50-8,"纳米铜粉,60-100nm","Coppernanopowder,60-100nm",乐研,5g,5,g,1,66.6,not_stocked,liangyiqi,20260117
5764-82-9,乙酸乙酯溴化锌,Ethoxycarbonylmethylzinc Bromide,上海泰坦,5ml,5,mL,1,117,not_stocked,huangyilei,20260118
1066-26-8,乙炔化钠,Sodium Acetylide,Adamas,5g,5,g,1,43,not_stocked,huangyilei,20260118
5470/11/1,盐酸羟胺,Hydroxylamine(hydrochloride),毕得,500 g,500,g,1,13,not_stocked,yuyihan,20260118
611-74-5,"N,N-二甲基苯甲酰胺 ","N,N-Dimethylbenzamide",毕得,5g,5,g,1,19.6,degraded,yuyihan,20260118
,1碘4硝基苯,"1-Iodo-4-nitrobenzene,",百灵威,25  g,25,g,1,176.8,running_out,chenyichi,20260119
7783-34-8,硝酸汞一水合物,Mercury nitrate monohydrate,浠米,5g,5,g,1,24.94,not_stocked,wangyang,20260119
2038-57-5,3-苯基丙胺,3-Phenyl-1-propylamine,欣恒研,5  g,5,g,1,80.8,not_stocked,rehemuhali,20260119
645-45-4,3-苯基丙酰氯,Hydrocinnamoyl chloride,欣恒研,25  g,25,g,1,48.8,running_out,rehemuhali,20260119
495-71-6,"1,2-联苯甲酰乙烷","1,4-Diphenylbutane-1,4-dione",乐研,5 g,5,g,1,291.2,running_out,wangxi,20260119
100-80-1,3-甲基苯乙烯 ,3-Methylstyrene,毕得,1g,1,g,1,44.8,not_stocked,wangkaixuan,20260119
827-54-3,2-烯基萘, 2-Vinylnaphthalene,毕得,1g,1,g,1,16.8,not_stocked,wangkaixuan,20260119
2350-89-2,"4-乙烯基-1,1'-联苯 ",4-Vinylbiphenyl,毕得,1g*2,1,g,2,30.1,not_stocked,wangkaixuan,20260119
254454-54-1,1-Boc-3-碘氮杂环丁烷 ,tert-Butyl 3-iodoazetidine-1-carboxylate,毕得,1g,1,g,1,17.5,not_stocked,wangkaixuan,20260119
301335-39-7,3-苯氧基氮杂环丁烷盐酸盐, 3-Phenoxyazetidine hydrochloride,毕得,250mg,250,mg,1,91,not_stocked,wangkaixuan,20260119
4039-32-1,双(三甲基硅基)胺基锂,,虹湖联合,100ml,100,mL,1,44,not_stocked,wangkaixuan,20260120
771-99-3,4-苯基哌啶,4-Phenylpiperidine,毕得,10g,10,g,1,173.6,running_out,yuyihan,20260120
53092-86-7,5%钯碳酸钙铅毒化,Lindlarcatalyst,百灵威,1 g,1,g,1,75.6,not_stocked,mengjunhong,20260120
7440-50-8,"纳米铜粉,60-100nm","Coppernanopowder,60-100nm",乐研,10g,10,g,1,110.7,not_stocked,liangyiqi,20260120
1066-40-6,三甲基硅醇,Trimethylsilanol,欣恒研,5g,5,g,1,92.8,not_stocked,wangyihan,20260120
7646-69-7,氢化钠,Sodium hydride,源叶,25g,25,g,1,19.8,not_stocked,wangyihan,20260120
38692-72-7,2-(5-溴-2-羟基苯基)乙酸 ,2-(5-Bromo-2-hydroxyphenyl)acetic acid,毕得,1g,1,g,1,35,not_stocked,wangkaixuan,20260121
534-17-8,碳酸铯,,毕得,10g,10,g,1,33.6,common_public,wangkaixuan,20260121
82547-30-6,3-(5-溴-2-甲氧基苯基)丙酸 ,3-(5-Bromo-2-methoxyphenyl)propanoic acid,毕得,1g,1,g,1,140,not_stocked,wangkaixuan,20260121
116557-46-1,3-溴-2-甲氧基苯胺,3-Bromo-2-methoxyaniline,毕得,5  g,5,g,1,65.8,not_stocked,chenyichi,20260122
437-83-2,3-氟-2-甲氧基苯胺,3-Fluoro-2-methoxyaniline,毕得,1 g,1,g,1,26.6,not_stocked,chenyichi,20260122
454-16-0,2-氟-5-硝基苯甲醚 ,1-Fluoro-2-methoxy-4-nitrobenzene,毕得,5  g,5,g,1,43.4,not_stocked,chenyichi,20260122
13675-18-8,四羟基二硼,Hypodiboric acid,毕得,25  g,25,g,1,49.7,not_stocked,chenyichi,20260122
104-10-9,2-(4-氨基苯基)乙醇,2-(4-Aminophenyl)ethanol,毕得,5  g,5,g,1,17.5,not_stocked,chenyichi,20260122
100-39-0,溴化苄,"	Benzyl bromide",安耐吉,100 g,100,g,1,36,not_stocked,huotongyu,20260122
61-25-6,帕帕菲林盐酸盐,Papaverine Hydrochloride,拜尔迪生物医药,5  g,5,g,1,210,running_out,chenyichi,20260122
106-93-4,"1,2-二溴乙烷","1,2-dibromoethane",百灵威,25G,25,g,1,45.9,not_stocked,xuruilin,20260123
534-17-8,碳酸铯 ,Caesium carbonate,毕得医药,25g*4,25,g,4,68.6,not_stocked,liangyiqi,20260125
92390-26-6,"(1,5-环辛二烯)(五甲基环戊二烯)氯化钌","	CHLORO(1,5-CYCLOOCTADIENE)(PENTAMETHYLCYCLOPENTADIENYL)RUTHENIUM (II)",毕得,1 g,1,g,1,203,not_stocked,mengjunhong,20260125
104-96-1,4-(甲硫基)苯胺,4-(Methylthio)aniline,毕得,5  g,5,g,1,18.2,running_out,chenyichi,20260126
39552-81-3,2-(4-氨基苯基)乙酸甲酯,Methyl 2-(4-aminophenyl)acetate,毕得,5  g,5,g,1,34.3,running_out,chenyichi,20260126
3544-25-0,4-氨基苯基乙腈 ,2-(4-Aminophenyl)acetonitrile,毕得,5  g,5,g,1,14.7,running_out,chenyichi,20260126
36160-82-4,4-(4-氟苯氧基)苯胺,4-(4-Fluorophenoxy)aniline,毕得,1 g,1,g,1,128.1,running_out,chenyichi,20260126
41295-20-9,4-氨基-4’-甲基二苯醚,4-(p-Tolyloxy)aniline,毕得,1 g,1,g,1,45.5,running_out,chenyichi,20260126
102877-78-1,4-(4-氨基苯氧基)吡啶,4-(Pyridin-4-yloxy)aniline,毕得,250 mg,250,mg,1,156.8,running_out,chenyichi,20260126
13871-68-6,4-氨基乙酸苯酚酯,4-Aminophenyl acetate,毕得,1 g,1,g,1,146.3,running_out,chenyichi,20260126
214360-73-3,4-氨基苯硼酸频哪醇酯,"4-(4,4,5,5-Tetramethyl-1,3,2-dioxaborolan-2-yl)aniline",毕得,5  g,5,g,1,29.4,running_out,chenyichi,20260126
6480-66-6,"2,6-二氯-4-甲氧基苯胺","2,6-Dichloro-4-methoxyaniline",毕得,250 mg,250,mg,1,73.5,running_out,chenyichi,20260126
74-95-3,"二溴甲烷
", Dibromomethane,Adamas,25 g*2,25,g,2,40,common_public,chenyichi,20260126
127-17-3,丙酮酸,2-Oxopropanoic acid,毕得医药,100 g,100,g,1,26.6,not_stocked,zhaomingxin,20260126
68-95-1,N-乙酰-L-脯氨酸,N-Acetyl-L-proline,乐研,10 g,10,g,1,40.6,not_stocked,zhaomingxin,20260126
429-41-4,四丁基氟化铵, Tetrabutylammonium,百灵威,100g（1M in THF）,,,1,70.2,not_stocked,wengjincheng,20260127
540-80-7,亚硝酸叔丁酯,tert-Butyl nitrite,百灵威,25ml,25,mL,1,46.75,not_stocked,admin,20260127
18511-71-2,"4,4'-二溴-2,2'-联吡啶 ","4,4'-Dibromo-2,2'-bipyridine",乐研,1 g,1,g,1,32.2,not_stocked,zhaomingxin,20260127
35656-89-4,4-(4-溴苯基)丁酸,4-(4-Bromophenyl)butyric Acid,欣恒研,10g,10,g,1,88,running_out,admin,20260127
1074-82-4,邻苯二甲酰亚胺钾 ,"Potassium 1,3-dioxoisoindolin-2-ide",毕得,25g,25,g,1,22.4,not_stocked,wengjincheng,20260127
3901/7/3,(E)-3-(4-甲氧基苯基)丙烯酸甲酯,(E)-Methyl 3-(4-methoxyphenyl)acrylate,毕得医药,1g,1,g,1,60.2,not_stocked,liangyiqi,20260128
1746-23-2,4-叔丁基苯乙烯,4-tert-butylstyrene,毕得医药,5g,5,g,1,25.2,not_stocked,liangyiqi,20260128
637-69-4,对甲氧基苯乙烯,1-Methoxy-4-vinylbenzene,毕得医药,1g,1,g,1,16.8,not_stocked,liangyiqi,20260128
,,,,,,,1,,not_stocked,admin,
125-84-8,氨鲁米特,Aminoglutethimide,"	欣恒研",1 g,1,g,1,99.2,not_stocked,chenyichi,20260128
191732-72-6,"3-(4-氨基-1-氧代-1,3-二氢-2H-异吲哚-2-基)哌啶-2,6-二酮 3-","4-Amino-1-oxoisoindolin-2-yl)piperidine-2,6-dione",毕得,1 g,1,g,1,27.3,not_stocked,chenyichi,20260128
5614-37-9,超干环戊基甲基醚,Cyclopentyl methyl ether AR,安耐吉,100ml*2,100,ml,2,77,common_public,chenyichi,20260128
98-68-0,,"
4-Methoxybenzene-1-sulfonyl chloride",毕得,10 g,10,g,1,29.4,running_out,zhaobinzhi,20260128
12190-71-5,单质碘,iodine,伊诺凯,25g,25,g,1,63.2,not_stocked,xuguofeng,20260128
875781-17-2,"5-溴-1H-吡唑[3,4-B]吡啶","5-BROMO-1H-PYRAZO[3,4-B]PYRIDINE",毕得,10g,10,g,1,84.7,running_out,xuguofeng,20260128
76513-69-4,2-(三甲基硅烷基)乙氧甲基氯,2-(Trimethylsilyl)ethoxymethyl chloride,毕得,25g,25,g,1,128.8,not_stocked,xuguofeng,20260128
60804-74-2,"三(2,2'-联吡啶)钌二(六氟磷酸)盐","Tris(2,2'-bipyridine)ruthenium bis(hexafluorophosphate)",毕得,100mg,100,mg,1,58.1,running_out,xuruilin,20260128
14433-76-2,"N,N-二甲基癸酰胺 ","N,N-Dimethylcapramide",毕得,100g,100,g,1,20.3,not_stocked,yuyihan,20260128
35656-89-4,4-(4-溴苯基)丁酸,4-(4-Bromophenyl)butyric Acid,欣恒研,1g,1,g,1,56.8,not_stocked,admin,20260129
307-34-6,"全氟辛烷
",Perfluorooctane AR,jk,10g,10,g,1,260,running_out,zhuminghui,20260129
52708-37-9,4-(9H-咔唑-9-基)苯胺,4-(9H-Carbazol-9-yl)aniline,毕得,1 g,1,g,1,168.7,not_stocked,chenyichi,20260129
4854-84-6,4'-氨基-4-氰基联苯,"4-Amino-[1,1-biphenyl]-4-carbonitrile",毕得,250  mg,250,mg,1,69.3,not_stocked,chenyichi,20260129
101-79-1,4'-氯-4-氨基-二苯醚,4-(4-Chlorophenoxy)aniline,毕得,1 g,1,g,1,16.8,not_stocked,chenyichi,20260129
,辛酸铑二聚体,Rhodium(II) Octanoate Dimer,乐研,100 mg,100,mg,1,144.9,running_out,zhaobinzhi,20260129
7446-70-0,三氯化铝 ,Aluminum chloride,Amethyst,100g,100,g,1,39.95,running_out,sunyichen,20260129
1124-64-7,丁基氯化吡啶 ,1-Butylpyridinium Chloride,毕得医药,25g,25,g,1,70.7,running_out,sunyichen,20260129
72914-19-3,"4,4'-二叔丁基-2,2'-二吡啶","4,4'-Di-tert-butyl-2,2'-bipyridine",毕得医药,1g,1,g,1,39.2,not_stocked,sunyichen,20260129
76089-77-5,,Cerium(III) trifluoromethanesulfonate,毕得医药,5g,5,g,1,33.6,not_stocked,tangshuyuan,20260129
74974-61-1,三氟甲磺酸铝,Aluminum tris(trifluoromethanesulfonate),毕得医药,1g,1,g,1,13.3,not_stocked,tangshuyuan,20260129
52093-26-2,三氟甲磺酸镧(III)?,Lanthanum(III) trifluoromethanesulfonate,毕得医药,2g,2,g,1,16.1,not_stocked,tangshuyuan,20260129
128008-30-0,三氟甲磺酸铟,Indium(III) trifluoromethanesulfonate,毕得医药,1g,1,g,1,18.9,not_stocked,tangshuyuan,20260129
586-76-5,4-溴苯甲酸,,毕得医药,25g,25,g,1,21,not_stocked,wangkaixuan,20260130
4518/10/9,3-氨基苯甲酸甲酯 ,Methyl 3-aminobenzoate,毕得医药,10g,10,g,1,19.6,not_stocked,wangkaixuan,20260130
626-64-2,4-羟基吡啶 ,Pyridin-4-ol,毕得医药,25g,25,g,1,35,not_stocked,wangkaixuan,20260130
367-12-4,2-氟苯酚,,毕得医药,10g,10,g,1,15.4,not_stocked,wangkaixuan,20260130
6627-55-0,2-溴-4-甲基苯酚 ,2-Bromo-4-methylphenol,毕得医药,10g,10,g,1,16.1,not_stocked,wangkaixuan,20260130
1990/5/1,2-甲氧基苯酚, 2-Methoxyphenol,毕得医药,25g,25,g,1,32.2,not_stocked,wangkaixuan,20260130
,,,,,,,1,,not_stocked,admin,
2688-84-8,2-苯氧基苯胺 ,2-Phenoxyaniline,毕得,10 g,10,g,1,18.9,not_stocked,chenyichi,20260130
372-16-7,4-((三氟甲基)硫基)苯胺,4-((Trifluoromethyl)thio)aniline,毕得,5 g,5,g,1,18.9,not_stocked,chenyichi,20260130
75867-39-9,4-氨基苯炔基三甲基硅烷,4-((Trimethylsilyl)ethynyl)aniline,毕得,1 g,1,g,1,103.6,not_stocked,chenyichi,20260130
3376-24-7,N-亚苄基-2-甲基丙烷-2-胺 氧化物,N-Benzylidene-2-methylpropan-2-amine oxide,毕得,1 g,1,g,1,163.8,not_stocked,chenyichi,20260130
6315-89-5,"3,4-二甲氧基苯胺","3,4-Dimethoxyaniline",毕得医药,10g,10,g,1,12.6,not_stocked,liangyiqi,20260131
108238-09-1,2-苯氧基苯硼酸,2-Phenoxybenzeneboronic acid,毕得医药,1g*2,1,g,2,21,not_stocked,liangyiqi,20260131
344-04-7,"2,3,4,5,6-五氟溴苯","1-Bromo-2,3,4,5,6-pentafluorobenzene",毕得医药,10g,10,g,1,16.1,not_stocked,liangyiqi,20260131
6320/2/1,2-溴硫代苯酚,2-Bromothiophenol,毕得医药,5g,5,g,1,61.6,not_stocked,liangyiqi,20260131
484-11-7,新亚铜试剂,Neocuproine,百灵威J&K,5g,5,g,1,143.65,not_stocked,liangyiqi,20260131
144-55-8,碳酸氢钠,Sodium Bicarbonate,通广,500g*10,500,g,10,10,not_stocked,liangyiqi,20260201
358-23-6,三氟甲磺酸酐,Trifluoromethanesulfonic anhydride,毕得,25 g*4,25,g,4,481.6,not_stocked,chenyichi,20250202
139-59-3,4-氨基二苯醚,4-Phenoxyaniline,毕得,25 g,25,g,1,30.8,not_stocked,chenyichi,20250202
20762-60-1,叠氮化钾,Potassium azide,罗恩,100 g,100,g,1,1237.72,running_out,zhaobinzhi,20250203
819050-89-0,"双[(α,α,α',α'-四甲基-1,3-苯二丙酸)铑]","Bis[rhodium(α,α,α',α'-tetramethyl-1,3-benzenedipropionic acid)]",毕得,100 mg,100,mg,1,214.9,running_out,zhaobinzhi,20250203
2916-68-9,,,乐研,100g,100,g,1,270.9,running_out,zhaobinzhi,20260203
67-64-1,丙酮,Acetone,通广精细,500 ml*5,500,ml,5,75,high_usage,zhaomingxin,20260204
,,,,,,,1,,not_stocked,admin,
7664-41-7,,,安耐吉,100ml,100,mL,1,72,not_stocked,yuyihan,20260204
100-66-3,苯甲醚 ,"Anisole, 99%",百灵威J&K,50ML,50,mL,1,63.75,not_stocked,tanhui,20260205
623-12-1,对氯苯甲醚,"	4-Chloroanisole",毕得医药,,,,1,21.7,not_stocked,tanhui,20260205
119-26-6,"2,4-二硝基苯肼",,安耐吉,100g,100,g,1,278,not_stocked,yuyihan,20260204
12124-97-9,溴化铵,Ammonium bromide,毕得医药,25g,25,g,1,21,high_usage,liangyiqi,20260206
4688-76-0,2-联苯硼酸,2-Biphenylboronic acid,毕得医药,25g,25,g,1,134.4,high_usage,liangyiqi,20260206
39622-79-2,"2,6-二羧基苯胺",2-Aminoisophthalic Acid,毕得医药,5g,5,g,1,52.5,high_usage,liangyiqi,20260206
82113-65-3,双三氟甲烷磺酰亚胺,Trifluoromethanesulfonimide,毕得医药,10g,10,g,1,68.6,high_usage,liangyiqi,20260207
1976/5/1,三氟乙酸,Trifluoroacetic acid,百灵威J&K,25g,25,g,1,73.1,high_usage,liangyiqi,20260207
1493-13-6,三氟甲磺酸,Trifluoromethanesulfonic acid,百灵威J&K,25g,25,g,1,278.8,high_usage,liangyiqi,20260207
701-45-1,3-溴-4-氟硝基苯,2-Bromo-1-fluoro-4-nitrobenzene,毕得医药,25g,25,g,1,24.5,high_usage,liangyiqi,20260207
1126-00-7,1-苯基吡唑,1-Phenylpyrazole,毕得医药,10g,10,g,1,57.4,high_usage,liangyiqi,20260207
1628-89-3,2-甲氧基吡啶,2-Methoxypyridine,毕得医药,100g,100,g,1,50.4,not_stocked,yuyihan,20260207
1198-97-6,4-苯基-2-吡咯烷酮,,毕得医药,10g,10,g,1,51.8,not_stocked,yuyihan,20260207
10166-54-8,1-甲基四氢嘧啶-2(1H)-酮,"
1-methyltetrahydro-2(1H)-pyrimidinot_stocked",毕得医药,100mg,100,mg,1,56.7,not_stocked,yuyihan,20260207
99-99-0,4-硝基甲苯,4-Nitrotoluene,百灵威J&K,100g,100,g,1,51,not_found,liangyiqi,20260215
95464-05-4,"1,1'双(二苯膦基)二茂铁二氯化钯(II)二氯甲烷复合物","1,1'-Bis(diphenylphosphino)ferrocene palladium(II)chloride dichloromethane complex",百灵威J&K,1g,1,g,1,258.4,running_out,liangyiqi,20260215
13061-96-6,甲基硼酸,Methylboronic acid,毕得医药,100g,100,g,1,161,not_stocked,liangyiqi,20260215
73183-34-3,双(频哪醇合)二硼,Bis(pinacolato)diboron,毕得医药,100g,100,g,1,89.6,not_stocked,liangyiqi,20260215
13047-06-8,2-溴苯甲酮,2-Bromobenzophenot_stocked,毕得医药,10g,10,g,1,153.3,not_stocked,liangyiqi,20260215
6960-42-5,7-硝基吲哚,"	7-Nitroindole",毕得,5  g,5,g,1,61.6,not_stocked,chenyichi,20260223
6146-52-7,5-硝基吲哚,"	5-Nitroindole",毕得,5  g,5,g,1,18.9,not_stocked,chenyichi,20260223
15362-40-0,"1-(2,6-二氯苯基)-1,3-二氢-2H-吲哚-2-酮","1-(2,6-Dichlorophenyl)-2-hydroindole",毕得,25  g,25,g,1,18.9,not_stocked,chenyichi,20260223
57654-83-8,硝酸钾-15N,Potassium nitroxide - N15,安耐吉,1 g * 2,1,g,2,60,not_stocked,chenyichi,20260223
72287-26-4,"[1,1-双(二苯基磷)二茂铁]二氯化钯",,毕得,1g,1,g,1,98,running_out,wangkaixuan,20260224
470478-90-1,4-(4-Boc-1-哌嗪基)苯硼酸频哪醇酯,,毕得,5g * 2,5,g,2,152.6,not_stocked,wangkaixuan,20260224
3219-63-4,三甲基硅基甲醇,(Trimethylsilyl)methyl trifluoromethanesulfonate,毕得,10g,10,g,1,273,not_stocked,zhuminghui,20260224
4124-41-8,4-甲苯磺酸酐,4-Methylbenzenesulfonic anhydride,毕得,25g,25,g,1,42,not_stocked,yuyihan,20260224
1852-17-1,四氢-2(1H)-嘧啶酮,Tetrahydro-2(1H)-Pyrimidinot_stocked,admas,1g,1,g,1,15,not_stocked,yuyihan,20260224
19230-28-5,"1,3-二氯-2-碘苯","	2,6-DICHLOROIODOBENZENE",毕得,5  g,5,g,1,15.4,not_stocked,chenyichi,20260224
101-59-7,4-氨基-4'-硝基二苯硫醚,"	4-AMINO-4'-NITRODIPHENYL SULFIDE",毕得,1 g,1,g,1,38.5,not_stocked,chenyichi,20260224
2734-70-5,"2,6-二甲氧基苯胺","2,6-DIMETHOXYANILINE",毕得,5  g,5,g,1,53.9,not_stocked,chenyichi,20260224
33311-29-4,4-(2-甲氧基乙氧基)苯胺,4-(2-METHOXYETHOXY)ANILINE,毕得,1 g,1,g,1,136.5,not_stocked,chenyichi,20260224
7681-11-0,碘化钾,Potassium Iodide,毕得医药,100g,100,g,1,113.4,not_stocked,liangyiqi,20260225
6674-22-2,,DBU,欣恒研,25g,25,g,1,59.2,not_stocked,wangyihan,20260226
109-72-8,正丁基锂,n-Butyllithium,百灵威J&K,"100mL, 2.4M",,,1,179.35,not_stocked,liangyiqi,20260226
1074-91-5,"1-溴-2,3,4,5-四氟苯","1-Bromo-2,3,4,5-Tetrafluorobenzene",毕得医药,1g,1,g,1,31.5,not_stocked,liangyiqi,20260226
114-83-0,"N-乙酰苯肼
",1-Acetyl-2-phenylhydrazine,毕得医药,100g,100,g,1,28,not_stocked,zhuminghui,20260226
79-34-5,"1,1,2,2-四氯乙烷",,安耐吉,100g,100,g,1,16,running_out,wangyihan,20260227
145485-31-0,"7-碘-3,4-二氢萘-1(2H)-酮","7-Iodo-3,4-dihydronaphthalen-1(2H)-one",乐研,100mg×2,,,1,32.9,not_stocked,wangyihan,20260301
7440-50-8,活性铜粉,copper bronze,innochem,100g,100,g,1,42.5,not_stocked,liangyiqi,20260301
